ISO-10303-21;
HEADER;
FILE_DESCRIPTION(('KiCad electronic assembly'),'2;1');
FILE_NAME('Room Sensor.step','2026-10-02T12:32:00',('Pcbnew'),('Kicad'),
  'Open CASCADE STEP processor 7.9','KiCad to STEP converter','Unknown'
  );
FILE_SCHEMA(('AUTOMOTIVE_DESIGN { 1 0 10303 214 1 1 1 1 }'));
ENDSEC;
DATA;
#1 = APPLICATION_PROTOCOL_DEFINITION('international standard',
  'automotive_design',2000,#2);
#2 = APPLICATION_CONTEXT(
  'core data for automotive mechanical design processes');
#3 = SHAPE_DEFINITION_REPRESENTATION(#4,#10);
#4 = PRODUCT_DEFINITION_SHAPE('','',#5);
#5 = PRODUCT_DEFINITION('design','',#6,#9);
#6 = PRODUCT_DEFINITION_FORMATION('','',#7);
#7 = PRODUCT('Room Sensor 1','Room Sensor 1','',(#8));
#8 = PRODUCT_CONTEXT('',#2,'mechanical');
#9 = PRODUCT_DEFINITION_CONTEXT('part definition',#2,'design');
#10 = SHAPE_REPRESENTATION('',(#11,#15,#19,#23,#27,#31,#35,#39,#43),#47
  );
#11 = AXIS2_PLACEMENT_3D('',#12,#13,#14);
#12 = CARTESIAN_POINT('',(0.,0.,0.));
#13 = DIRECTION('',(0.,0.,1.));
#14 = DIRECTION('',(1.,0.,-0.));
#15 = AXIS2_PLACEMENT_3D('',#16,#17,#18);
#16 = CARTESIAN_POINT('',(136.,-100.,1.595));
#17 = DIRECTION('',(0.,0.,1.));
#18 = DIRECTION('',(1.,0.,0.));
#19 = AXIS2_PLACEMENT_3D('',#20,#21,#22);
#20 = CARTESIAN_POINT('',(137.66,-66.,1.595));
#21 = DIRECTION('',(-0.,0.,1.));
#22 = DIRECTION('',(1.110223024625E-16,-1.,0.));
#23 = AXIS2_PLACEMENT_3D('',#24,#25,#26);
#24 = CARTESIAN_POINT('',(109.,-65.,1.595));
#25 = DIRECTION('',(0.,0.,1.));
#26 = DIRECTION('',(1.,0.,0.));
#27 = AXIS2_PLACEMENT_3D('',#28,#29,#30);
#28 = CARTESIAN_POINT('',(117.,-134.,1.595));
#29 = DIRECTION('',(0.,0.,1.));
#30 = DIRECTION('',(1.,0.,0.));
#31 = AXIS2_PLACEMENT_3D('',#32,#33,#34);
#32 = CARTESIAN_POINT('',(109.5,-125.,1.595));
#33 = DIRECTION('',(0.,0.,1.));
#34 = DIRECTION('',(-1.,1.224646799147E-16,0.));
#35 = AXIS2_PLACEMENT_3D('',#36,#37,#38);
#36 = CARTESIAN_POINT('',(88.27,-132.,1.595));
#37 = DIRECTION('',(0.,0.,1.));
#38 = DIRECTION('',(1.,0.,0.));
#39 = AXIS2_PLACEMENT_3D('',#40,#41,#42);
#40 = CARTESIAN_POINT('',(97.,-132.,-8.5E-02));
#41 = DIRECTION('',(1.499759782662E-32,1.224646799147E-16,-1.));
#42 = DIRECTION('',(-1.,1.224646799147E-16,0.));
#43 = AXIS2_PLACEMENT_3D('',#44,#45,#46);
#44 = CARTESIAN_POINT('',(0.,0.,0.));
#45 = DIRECTION('',(0.,0.,1.));
#46 = DIRECTION('',(1.,0.,-0.));
#47 = ( GEOMETRIC_REPRESENTATION_CONTEXT(3) 
GLOBAL_UNCERTAINTY_ASSIGNED_CONTEXT((#51)) GLOBAL_UNIT_ASSIGNED_CONTEXT(
(#48,#49,#50)) REPRESENTATION_CONTEXT('Context #1',
  '3D Context with UNIT and UNCERTAINTY') );
#48 = ( LENGTH_UNIT() NAMED_UNIT(*) SI_UNIT(.MILLI.,.METRE.) );
#49 = ( NAMED_UNIT(*) PLANE_ANGLE_UNIT() SI_UNIT($,.RADIAN.) );
#50 = ( NAMED_UNIT(*) SI_UNIT($,.STERADIAN.) SOLID_ANGLE_UNIT() );
#51 = UNCERTAINTY_MEASURE_WITH_UNIT(LENGTH_MEASURE(1.E-07),#48,
  'distance_accuracy_value','confusion accuracy');
#52 = PRODUCT_RELATED_PRODUCT_CATEGORY('part',$,(#7));
#53 = SHAPE_DEFINITION_REPRESENTATION(#54,#60);
#54 = PRODUCT_DEFINITION_SHAPE('','',#55);
#55 = PRODUCT_DEFINITION('design','',#56,#59);
#56 = PRODUCT_DEFINITION_FORMATION('','',#57);
#57 = PRODUCT('Buzzer_12x9.5RM7.6','Buzzer_12x9.5RM7.6','',(#58));
#58 = PRODUCT_CONTEXT('',#2,'mechanical');
#59 = PRODUCT_DEFINITION_CONTEXT('part definition',#2,'design');
#60 = SHAPE_REPRESENTATION('',(#11,#61),#65);
#61 = AXIS2_PLACEMENT_3D('',#62,#63,#64);
#62 = CARTESIAN_POINT('',(0.,0.,0.));
#63 = DIRECTION('',(0.,0.,1.));
#64 = DIRECTION('',(1.,0.,-0.));
#65 = ( GEOMETRIC_REPRESENTATION_CONTEXT(3) 
GLOBAL_UNCERTAINTY_ASSIGNED_CONTEXT((#69)) GLOBAL_UNIT_ASSIGNED_CONTEXT(
(#66,#67,#68)) REPRESENTATION_CONTEXT('Context #1',
  '3D Context with UNIT and UNCERTAINTY') );
#66 = ( LENGTH_UNIT() NAMED_UNIT(*) SI_UNIT(.MILLI.,.METRE.) );
#67 = ( NAMED_UNIT(*) PLANE_ANGLE_UNIT() SI_UNIT($,.RADIAN.) );
#68 = ( NAMED_UNIT(*) SI_UNIT($,.STERADIAN.) SOLID_ANGLE_UNIT() );
#69 = UNCERTAINTY_MEASURE_WITH_UNIT(LENGTH_MEASURE(1.E-07),#66,
  'distance_accuracy_value','confusion accuracy');
#70 = CONTEXT_DEPENDENT_SHAPE_REPRESENTATION(#71,#73);
#71 = ( REPRESENTATION_RELATIONSHIP('','',#60,#10) 
REPRESENTATION_RELATIONSHIP_WITH_TRANSFORMATION(#72) 
SHAPE_REPRESENTATION_RELATIONSHIP() );
#72 = ITEM_DEFINED_TRANSFORMATION('','',#11,#15);
#73 = PRODUCT_DEFINITION_SHAPE('Placement','Placement of an item',#74);
#74 = NEXT_ASSEMBLY_USAGE_OCCURRENCE('2','BZ1','',#5,#55,$);
#75 = PRODUCT_RELATED_PRODUCT_CATEGORY('part',$,(#57));
#76 = SHAPE_DEFINITION_REPRESENTATION(#77,#83);
#77 = PRODUCT_DEFINITION_SHAPE('','',#78);
#78 = PRODUCT_DEFINITION('design','',#79,#82);
#79 = PRODUCT_DEFINITION_FORMATION('','',#80);
#80 = PRODUCT('Buzzer_12x95RM76','Buzzer_12x95RM76','',(#81));
#81 = PRODUCT_CONTEXT('',#2,'mechanical');
#82 = PRODUCT_DEFINITION_CONTEXT('part definition',#2,'design');
#83 = ADVANCED_BREP_SHAPE_REPRESENTATION('',(#11,#84),#376);
#84 = MANIFOLD_SOLID_BREP('',#85);
#85 = CLOSED_SHELL('',(#86,#119,#145,#171,#202,#222,#247,#272,#297,#323,
    #349,#358,#367));
#86 = ADVANCED_FACE('',(#87),#114,.T.);
#87 = FACE_BOUND('',#88,.T.);
#88 = EDGE_LOOP('',(#89,#98,#106,#113));
#89 = ORIENTED_EDGE('',*,*,#90,.T.);
#90 = EDGE_CURVE('',#91,#91,#93,.T.);
#91 = VERTEX_POINT('',#92);
#92 = CARTESIAN_POINT('',(9.8,1.804356723968E-35,0.33));
#93 = CIRCLE('',#94,6.);
#94 = AXIS2_PLACEMENT_3D('',#95,#96,#97);
#95 = CARTESIAN_POINT('',(3.8,1.804356723968E-35,0.33));
#96 = DIRECTION('',(-8.559688641721E-35,6.014522413226E-35,1.));
#97 = DIRECTION('',(1.,6.690258951221E-52,8.559688641721E-35));
#98 = ORIENTED_EDGE('',*,*,#99,.T.);
#99 = EDGE_CURVE('',#91,#100,#102,.T.);
#100 = VERTEX_POINT('',#101);
#101 = CARTESIAN_POINT('',(9.8,-8.91040357515E-35,8.048518518519));
#102 = LINE('',#103,#104);
#103 = CARTESIAN_POINT('',(9.8,0.,3.E-02));
#104 = VECTOR('',#105,1.);
#105 = DIRECTION('',(0.,0.,1.));
#106 = ORIENTED_EDGE('',*,*,#107,.F.);
#107 = EDGE_CURVE('',#100,#100,#108,.T.);
#108 = CIRCLE('',#109,6.);
#109 = AXIS2_PLACEMENT_3D('',#110,#111,#112);
#110 = CARTESIAN_POINT('',(3.8,-8.91040357515E-35,8.048518518519));
#111 = DIRECTION('',(-8.559688641721E-35,6.014522413226E-35,1.));
#112 = DIRECTION('',(1.,8.259101077374E-51,8.559688641721E-35));
#113 = ORIENTED_EDGE('',*,*,#99,.F.);
#114 = CYLINDRICAL_SURFACE('',#115,6.);
#115 = AXIS2_PLACEMENT_3D('',#116,#117,#118);
#116 = CARTESIAN_POINT('',(3.8,0.,3.E-02));
#117 = DIRECTION('',(-0.,-0.,-1.));
#118 = DIRECTION('',(1.,0.,0.));
#119 = ADVANCED_FACE('',(#120),#140,.T.);
#120 = FACE_BOUND('',#121,.T.);
#121 = EDGE_LOOP('',(#122,#131,#138,#139));
#122 = ORIENTED_EDGE('',*,*,#123,.T.);
#123 = EDGE_CURVE('',#124,#124,#126,.T.);
#124 = VERTEX_POINT('',#125);
#125 = CARTESIAN_POINT('',(9.5,2.672764710092E-51,3.E-02));
#126 = CIRCLE('',#127,5.7);
#127 = AXIS2_PLACEMENT_3D('',#128,#129,#130);
#128 = CARTESIAN_POINT('',(3.8,0.,3.E-02));
#129 = DIRECTION('',(-8.559688641721E-35,6.014522413226E-35,1.));
#130 = DIRECTION('',(1.,6.690258951221E-52,8.559688641721E-35));
#131 = ORIENTED_EDGE('',*,*,#132,.F.);
#132 = EDGE_CURVE('',#91,#124,#133,.T.);
#133 = CIRCLE('',#134,0.3);
#134 = AXIS2_PLACEMENT_3D('',#135,#136,#137);
#135 = CARTESIAN_POINT('',(9.5,9.021783619839E-37,0.33));
#136 = DIRECTION('',(3.007261206613E-36,1.,-6.014522413226E-35));
#137 = DIRECTION('',(1.,-3.007261206613E-36,8.559688641721E-35));
#138 = ORIENTED_EDGE('',*,*,#90,.F.);
#139 = ORIENTED_EDGE('',*,*,#132,.T.);
#140 = TOROIDAL_SURFACE('',#141,5.7,0.3);
#141 = AXIS2_PLACEMENT_3D('',#142,#143,#144);
#142 = CARTESIAN_POINT('',(3.8,1.804356723968E-35,0.33));
#143 = DIRECTION('',(8.559688641721E-35,-6.014522413226E-35,-1.));
#144 = DIRECTION('',(1.,6.690258951221E-52,8.559688641721E-35));
#145 = ADVANCED_FACE('',(#146),#166,.T.);
#146 = FACE_BOUND('',#147,.T.);
#147 = EDGE_LOOP('',(#148,#157,#158,#159));
#148 = ORIENTED_EDGE('',*,*,#149,.F.);
#149 = EDGE_CURVE('',#100,#150,#152,.T.);
#150 = VERTEX_POINT('',#151);
#151 = CARTESIAN_POINT('',(8.318518518519,3.207317652111E-50,9.53));
#152 = CIRCLE('',#153,1.481481481481);
#153 = AXIS2_PLACEMENT_3D('',#154,#155,#156);
#154 = CARTESIAN_POINT('',(8.318518518519,-8.91040357515E-35,
    8.048518518519));
#155 = DIRECTION('',(8.259101077374E-51,-1.,6.014522413226E-35));
#156 = DIRECTION('',(1.,8.259101077374E-51,8.559688641721E-35));
#157 = ORIENTED_EDGE('',*,*,#107,.T.);
#158 = ORIENTED_EDGE('',*,*,#149,.T.);
#159 = ORIENTED_EDGE('',*,*,#160,.F.);
#160 = EDGE_CURVE('',#150,#150,#161,.T.);
#161 = CIRCLE('',#162,4.518518518519);
#162 = AXIS2_PLACEMENT_3D('',#163,#164,#165);
#163 = CARTESIAN_POINT('',(3.8,0.,9.53));
#164 = DIRECTION('',(-8.559688641721E-35,6.014522413226E-35,1.));
#165 = DIRECTION('',(1.,8.259101077374E-51,8.559688641721E-35));
#166 = TOROIDAL_SURFACE('',#167,4.518518518519,1.481481481481);
#167 = AXIS2_PLACEMENT_3D('',#168,#169,#170);
#168 = CARTESIAN_POINT('',(3.8,-8.91040357515E-35,8.048518518519));
#169 = DIRECTION('',(-8.559688641721E-35,6.014522413226E-35,1.));
#170 = DIRECTION('',(1.,8.259101077374E-51,8.559688641721E-35));
#171 = ADVANCED_FACE('',(#172,#175,#186),#197,.F.);
#172 = FACE_BOUND('',#173,.F.);
#173 = EDGE_LOOP('',(#174));
#174 = ORIENTED_EDGE('',*,*,#123,.T.);
#175 = FACE_BOUND('',#176,.F.);
#176 = EDGE_LOOP('',(#177));
#177 = ORIENTED_EDGE('',*,*,#178,.F.);
#178 = EDGE_CURVE('',#179,#179,#181,.T.);
#179 = VERTEX_POINT('',#180);
#180 = CARTESIAN_POINT('',(0.45,0.,3.E-02));
#181 = CIRCLE('',#182,0.45);
#182 = AXIS2_PLACEMENT_3D('',#183,#184,#185);
#183 = CARTESIAN_POINT('',(0.,0.,3.E-02));
#184 = DIRECTION('',(0.,0.,1.));
#185 = DIRECTION('',(1.,0.,-0.));
#186 = FACE_BOUND('',#187,.F.);
#187 = EDGE_LOOP('',(#188));
#188 = ORIENTED_EDGE('',*,*,#189,.F.);
#189 = EDGE_CURVE('',#190,#190,#192,.T.);
#190 = VERTEX_POINT('',#191);
#191 = CARTESIAN_POINT('',(8.05,0.,3.E-02));
#192 = CIRCLE('',#193,0.45);
#193 = AXIS2_PLACEMENT_3D('',#194,#195,#196);
#194 = CARTESIAN_POINT('',(7.6,0.,3.E-02));
#195 = DIRECTION('',(0.,0.,1.));
#196 = DIRECTION('',(1.,0.,-0.));
#197 = PLANE('',#198);
#198 = AXIS2_PLACEMENT_3D('',#199,#200,#201);
#199 = CARTESIAN_POINT('',(3.8,2.108840176837E-16,3.E-02));
#200 = DIRECTION('',(-8.559688641721E-35,6.014522413226E-35,1.));
#201 = DIRECTION('',(1.,0.,8.559688641721E-35));
#202 = ADVANCED_FACE('',(#203,#206),#217,.T.);
#203 = FACE_BOUND('',#204,.T.);
#204 = EDGE_LOOP('',(#205));
#205 = ORIENTED_EDGE('',*,*,#160,.T.);
#206 = FACE_BOUND('',#207,.T.);
#207 = EDGE_LOOP('',(#208));
#208 = ORIENTED_EDGE('',*,*,#209,.T.);
#209 = EDGE_CURVE('',#210,#210,#212,.T.);
#210 = VERTEX_POINT('',#211);
#211 = CARTESIAN_POINT('',(4.8,0.,9.53));
#212 = CIRCLE('',#213,1.);
#213 = AXIS2_PLACEMENT_3D('',#214,#215,#216);
#214 = CARTESIAN_POINT('',(3.8,0.,9.53));
#215 = DIRECTION('',(0.,0.,-1.));
#216 = DIRECTION('',(1.,0.,0.));
#217 = PLANE('',#218);
#218 = AXIS2_PLACEMENT_3D('',#219,#220,#221);
#219 = CARTESIAN_POINT('',(3.8,2.108840176837E-16,9.53));
#220 = DIRECTION('',(-8.559688641721E-35,6.014522413226E-35,1.));
#221 = DIRECTION('',(1.,0.,8.559688641721E-35));
#222 = ADVANCED_FACE('',(#223),#242,.T.);
#223 = FACE_BOUND('',#224,.T.);
#224 = EDGE_LOOP('',(#225,#226,#234,#241));
#225 = ORIENTED_EDGE('',*,*,#178,.F.);
#226 = ORIENTED_EDGE('',*,*,#227,.T.);
#227 = EDGE_CURVE('',#179,#228,#230,.T.);
#228 = VERTEX_POINT('',#229);
#229 = CARTESIAN_POINT('',(0.45,0.,-2.82));
#230 = LINE('',#231,#232);
#231 = CARTESIAN_POINT('',(0.45,0.,1.03));
#232 = VECTOR('',#233,1.);
#233 = DIRECTION('',(-0.,-0.,-1.));
#234 = ORIENTED_EDGE('',*,*,#235,.T.);
#235 = EDGE_CURVE('',#228,#228,#236,.T.);
#236 = CIRCLE('',#237,0.45);
#237 = AXIS2_PLACEMENT_3D('',#238,#239,#240);
#238 = CARTESIAN_POINT('',(0.,0.,-2.82));
#239 = DIRECTION('',(0.,0.,1.));
#240 = DIRECTION('',(1.,0.,-0.));
#241 = ORIENTED_EDGE('',*,*,#227,.F.);
#242 = CYLINDRICAL_SURFACE('',#243,0.45);
#243 = AXIS2_PLACEMENT_3D('',#244,#245,#246);
#244 = CARTESIAN_POINT('',(0.,0.,1.03));
#245 = DIRECTION('',(0.,0.,1.));
#246 = DIRECTION('',(1.,0.,-0.));
#247 = ADVANCED_FACE('',(#248),#267,.T.);
#248 = FACE_BOUND('',#249,.T.);
#249 = EDGE_LOOP('',(#250,#251,#259,#266));
#250 = ORIENTED_EDGE('',*,*,#189,.F.);
#251 = ORIENTED_EDGE('',*,*,#252,.T.);
#252 = EDGE_CURVE('',#190,#253,#255,.T.);
#253 = VERTEX_POINT('',#254);
#254 = CARTESIAN_POINT('',(8.05,6.042804770876E-33,-2.82));
#255 = LINE('',#256,#257);
#256 = CARTESIAN_POINT('',(8.05,0.,1.03));
#257 = VECTOR('',#258,1.);
#258 = DIRECTION('',(-0.,-0.,-1.));
#259 = ORIENTED_EDGE('',*,*,#260,.T.);
#260 = EDGE_CURVE('',#253,#253,#261,.T.);
#261 = CIRCLE('',#262,0.45);
#262 = AXIS2_PLACEMENT_3D('',#263,#264,#265);
#263 = CARTESIAN_POINT('',(7.6,-1.29542663314E-31,-2.82));
#264 = DIRECTION('',(-1.19708830782E-30,3.357113761597E-32,1.));
#265 = DIRECTION('',(1.,3.013010401886E-31,1.19708830782E-30));
#266 = ORIENTED_EDGE('',*,*,#252,.F.);
#267 = CYLINDRICAL_SURFACE('',#268,0.45);
#268 = AXIS2_PLACEMENT_3D('',#269,#270,#271);
#269 = CARTESIAN_POINT('',(7.6,0.,1.03));
#270 = DIRECTION('',(0.,0.,1.));
#271 = DIRECTION('',(1.,0.,-0.));
#272 = ADVANCED_FACE('',(#273),#292,.F.);
#273 = FACE_BOUND('',#274,.F.);
#274 = EDGE_LOOP('',(#275,#283,#284,#285));
#275 = ORIENTED_EDGE('',*,*,#276,.T.);
#276 = EDGE_CURVE('',#277,#210,#279,.T.);
#277 = VERTEX_POINT('',#278);
#278 = CARTESIAN_POINT('',(4.8,0.,9.33));
#279 = LINE('',#280,#281);
#280 = CARTESIAN_POINT('',(4.8,0.,1.93));
#281 = VECTOR('',#282,1.);
#282 = DIRECTION('',(0.,0.,1.));
#283 = ORIENTED_EDGE('',*,*,#209,.T.);
#284 = ORIENTED_EDGE('',*,*,#276,.F.);
#285 = ORIENTED_EDGE('',*,*,#286,.T.);
#286 = EDGE_CURVE('',#277,#277,#287,.T.);
#287 = CIRCLE('',#288,1.);
#288 = AXIS2_PLACEMENT_3D('',#289,#290,#291);
#289 = CARTESIAN_POINT('',(3.8,0.,9.33));
#290 = DIRECTION('',(0.,0.,1.));
#291 = DIRECTION('',(1.,0.,-0.));
#292 = CYLINDRICAL_SURFACE('',#293,1.);
#293 = AXIS2_PLACEMENT_3D('',#294,#295,#296);
#294 = CARTESIAN_POINT('',(3.8,0.,1.93));
#295 = DIRECTION('',(-0.,-0.,-1.));
#296 = DIRECTION('',(1.,0.,0.));
#297 = ADVANCED_FACE('',(#298),#318,.T.);
#298 = FACE_BOUND('',#299,.T.);
#299 = EDGE_LOOP('',(#300,#309,#316,#317));
#300 = ORIENTED_EDGE('',*,*,#301,.T.);
#301 = EDGE_CURVE('',#302,#302,#304,.T.);
#302 = VERTEX_POINT('',#303);
#303 = CARTESIAN_POINT('',(0.27,0.,-3.));
#304 = CIRCLE('',#305,0.27);
#305 = AXIS2_PLACEMENT_3D('',#306,#307,#308);
#306 = CARTESIAN_POINT('',(0.,0.,-3.));
#307 = DIRECTION('',(0.,0.,1.));
#308 = DIRECTION('',(1.,0.,-0.));
#309 = ORIENTED_EDGE('',*,*,#310,.F.);
#310 = EDGE_CURVE('',#228,#302,#311,.T.);
#311 = CIRCLE('',#312,0.18);
#312 = AXIS2_PLACEMENT_3D('',#313,#314,#315);
#313 = CARTESIAN_POINT('',(0.27,0.,-2.82));
#314 = DIRECTION('',(-0.,1.,0.));
#315 = DIRECTION('',(1.,0.,0.));
#316 = ORIENTED_EDGE('',*,*,#235,.F.);
#317 = ORIENTED_EDGE('',*,*,#310,.T.);
#318 = TOROIDAL_SURFACE('',#319,0.27,0.18);
#319 = AXIS2_PLACEMENT_3D('',#320,#321,#322);
#320 = CARTESIAN_POINT('',(0.,0.,-2.82));
#321 = DIRECTION('',(-0.,-0.,-1.));
#322 = DIRECTION('',(1.,0.,0.));
#323 = ADVANCED_FACE('',(#324),#344,.T.);
#324 = FACE_BOUND('',#325,.T.);
#325 = EDGE_LOOP('',(#326,#335,#342,#343));
#326 = ORIENTED_EDGE('',*,*,#327,.T.);
#327 = EDGE_CURVE('',#328,#328,#330,.T.);
#328 = VERTEX_POINT('',#329);
#329 = CARTESIAN_POINT('',(7.87,-5.423418723394E-32,-3.));
#330 = CIRCLE('',#331,0.27);
#331 = AXIS2_PLACEMENT_3D('',#332,#333,#334);
#332 = CARTESIAN_POINT('',(7.6,-1.355854680849E-31,-3.));
#333 = DIRECTION('',(-1.19708830782E-30,3.357113761597E-32,1.));
#334 = DIRECTION('',(1.,3.013010401886E-31,1.19708830782E-30));
#335 = ORIENTED_EDGE('',*,*,#336,.F.);
#336 = EDGE_CURVE('',#253,#328,#337,.T.);
#337 = CIRCLE('',#338,0.18);
#338 = AXIS2_PLACEMENT_3D('',#339,#340,#341);
#339 = CARTESIAN_POINT('',(7.87,-5.181706532559E-32,-2.82));
#340 = DIRECTION('',(-2.878725851422E-31,1.,-3.357113761597E-32));
#341 = DIRECTION('',(1.,2.878725851422E-31,1.19708830782E-30));
#342 = ORIENTED_EDGE('',*,*,#260,.F.);
#343 = ORIENTED_EDGE('',*,*,#336,.T.);
#344 = TOROIDAL_SURFACE('',#345,0.27,0.18);
#345 = AXIS2_PLACEMENT_3D('',#346,#347,#348);
#346 = CARTESIAN_POINT('',(7.6,-1.29542663314E-31,-2.82));
#347 = DIRECTION('',(1.19708830782E-30,-3.357113761597E-32,-1.));
#348 = DIRECTION('',(1.,3.013010401886E-31,1.19708830782E-30));
#349 = ADVANCED_FACE('',(#350),#353,.T.);
#350 = FACE_BOUND('',#351,.T.);
#351 = EDGE_LOOP('',(#352));
#352 = ORIENTED_EDGE('',*,*,#286,.T.);
#353 = PLANE('',#354);
#354 = AXIS2_PLACEMENT_3D('',#355,#356,#357);
#355 = CARTESIAN_POINT('',(3.8,8.737595245399E-17,9.33));
#356 = DIRECTION('',(-4.930380657631E-31,-1.632186346944E-32,1.));
#357 = DIRECTION('',(1.,0.,4.930380657631E-31));
#358 = ADVANCED_FACE('',(#359),#362,.F.);
#359 = FACE_BOUND('',#360,.F.);
#360 = EDGE_LOOP('',(#361));
#361 = ORIENTED_EDGE('',*,*,#301,.T.);
#362 = PLANE('',#363);
#363 = AXIS2_PLACEMENT_3D('',#364,#365,#366);
#364 = CARTESIAN_POINT('',(-1.18701400394E-17,2.911085817041E-17,-3.));
#365 = DIRECTION('',(0.,0.,1.));
#366 = DIRECTION('',(1.,0.,-0.));
#367 = ADVANCED_FACE('',(#368),#371,.F.);
#368 = FACE_BOUND('',#369,.F.);
#369 = EDGE_LOOP('',(#370));
#370 = ORIENTED_EDGE('',*,*,#327,.T.);
#371 = PLANE('',#372);
#372 = AXIS2_PLACEMENT_3D('',#373,#374,#375);
#373 = CARTESIAN_POINT('',(7.6,-1.836970198721E-17,-3.));
#374 = DIRECTION('',(-1.19708830782E-30,3.357113761597E-32,1.));
#375 = DIRECTION('',(1.,0.,1.19708830782E-30));
#376 = ( GEOMETRIC_REPRESENTATION_CONTEXT(3) 
GLOBAL_UNCERTAINTY_ASSIGNED_CONTEXT((#380)) GLOBAL_UNIT_ASSIGNED_CONTEXT
((#377,#378,#379)) REPRESENTATION_CONTEXT('Context #1',
  '3D Context with UNIT and UNCERTAINTY') );
#377 = ( LENGTH_UNIT() NAMED_UNIT(*) SI_UNIT(.MILLI.,.METRE.) );
#378 = ( NAMED_UNIT(*) PLANE_ANGLE_UNIT() SI_UNIT($,.RADIAN.) );
#379 = ( NAMED_UNIT(*) SI_UNIT($,.STERADIAN.) SOLID_ANGLE_UNIT() );
#380 = UNCERTAINTY_MEASURE_WITH_UNIT(LENGTH_MEASURE(1.E-07),#377,
  'distance_accuracy_value','confusion accuracy');
#381 = CONTEXT_DEPENDENT_SHAPE_REPRESENTATION(#382,#384);
#382 = ( REPRESENTATION_RELATIONSHIP('','',#83,#60) 
REPRESENTATION_RELATIONSHIP_WITH_TRANSFORMATION(#383) 
SHAPE_REPRESENTATION_RELATIONSHIP() );
#383 = ITEM_DEFINED_TRANSFORMATION('','',#11,#61);
#384 = PRODUCT_DEFINITION_SHAPE('Placement','Placement of an item',#385
  );
#385 = NEXT_ASSEMBLY_USAGE_OCCURRENCE('1','=>[0:1:1:3]','',#55,#78,$);
#386 = PRODUCT_RELATED_PRODUCT_CATEGORY('part',$,(#80));
#387 = SHAPE_DEFINITION_REPRESENTATION(#388,#394);
#388 = PRODUCT_DEFINITION_SHAPE('','',#389);
#389 = PRODUCT_DEFINITION('design','',#390,#393);
#390 = PRODUCT_DEFINITION_FORMATION('','',#391);
#391 = PRODUCT('PinHeader_1x07_P2.54mm_Vertical',
  'PinHeader_1x07_P2.54mm_Vertical','',(#392));
#392 = PRODUCT_CONTEXT('',#2,'mechanical');
#393 = PRODUCT_DEFINITION_CONTEXT('part definition',#2,'design');
#394 = SHAPE_REPRESENTATION('',(#11,#395),#399);
#395 = AXIS2_PLACEMENT_3D('',#396,#397,#398);
#396 = CARTESIAN_POINT('',(0.,0.,0.));
#397 = DIRECTION('',(0.,0.,1.));
#398 = DIRECTION('',(1.,0.,-0.));
#399 = ( GEOMETRIC_REPRESENTATION_CONTEXT(3) 
GLOBAL_UNCERTAINTY_ASSIGNED_CONTEXT((#403)) GLOBAL_UNIT_ASSIGNED_CONTEXT
((#400,#401,#402)) REPRESENTATION_CONTEXT('Context #1',
  '3D Context with UNIT and UNCERTAINTY') );
#400 = ( LENGTH_UNIT() NAMED_UNIT(*) SI_UNIT(.MILLI.,.METRE.) );
#401 = ( NAMED_UNIT(*) PLANE_ANGLE_UNIT() SI_UNIT($,.RADIAN.) );
#402 = ( NAMED_UNIT(*) SI_UNIT($,.STERADIAN.) SOLID_ANGLE_UNIT() );
#403 = UNCERTAINTY_MEASURE_WITH_UNIT(LENGTH_MEASURE(1.E-07),#400,
  'distance_accuracy_value','confusion accuracy');
#404 = CONTEXT_DEPENDENT_SHAPE_REPRESENTATION(#405,#407);
#405 = ( REPRESENTATION_RELATIONSHIP('','',#394,#10) 
REPRESENTATION_RELATIONSHIP_WITH_TRANSFORMATION(#406) 
SHAPE_REPRESENTATION_RELATIONSHIP() );
#406 = ITEM_DEFINED_TRANSFORMATION('','',#11,#19);
#407 = PRODUCT_DEFINITION_SHAPE('Placement','Placement of an item',#408
  );
#408 = NEXT_ASSEMBLY_USAGE_OCCURRENCE('4','TFT1','',#5,#389,$);
#409 = PRODUCT_RELATED_PRODUCT_CATEGORY('part',$,(#391));
#410 = SHAPE_DEFINITION_REPRESENTATION(#411,#417);
#411 = PRODUCT_DEFINITION_SHAPE('','',#412);
#412 = PRODUCT_DEFINITION('design','',#413,#416);
#413 = PRODUCT_DEFINITION_FORMATION('','',#414);
#414 = PRODUCT('PinHeader_1x07_P254mm_Vertical',
  'PinHeader_1x07_P254mm_Vertical','',(#415));
#415 = PRODUCT_CONTEXT('',#2,'mechanical');
#416 = PRODUCT_DEFINITION_CONTEXT('part definition',#2,'design');
#417 = ADVANCED_BREP_SHAPE_REPRESENTATION('',(#11,#418),#5220);
#418 = MANIFOLD_SOLID_BREP('',#419);
#419 = CLOSED_SHELL('',(#420,#460,#491,#522,#1097,#1672,#1689,#1706,
    #1723,#1740,#1757,#1774,#1791,#1808,#1825,#1842,#1859,#1876,#1893,
    #1910,#1927,#1944,#1961,#1978,#1995,#2012,#2029,#2046,#2063,#2080,
    #2097,#2114,#2131,#2148,#2165,#2182,#2199,#2216,#2233,#2250,#2267,
    #2284,#2301,#2318,#2335,#2352,#2364,#2395,#2419,#2443,#2460,#2491,
    #2515,#2539,#2556,#2587,#2611,#2635,#2652,#2683,#2707,#2731,#2748,
    #2779,#2803,#2827,#2844,#2875,#2899,#2923,#2940,#2971,#2995,#3019,
    #3036,#3067,#3091,#3115,#3132,#3163,#3187,#3211,#3228,#3259,#3283,
    #3307,#3324,#3355,#3379,#3403,#3420,#3451,#3475,#3499,#3516,#3547,
    #3571,#3595,#3612,#3643,#3667,#3691,#3708,#3739,#3763,#3787,#3804,
    #3835,#3859,#3883,#3900,#3931,#3955,#3979,#3996,#4027,#4051,#4075,
    #4092,#4123,#4147,#4171,#4188,#4219,#4243,#4267,#4284,#4315,#4339,
    #4363,#4380,#4411,#4435,#4459,#4476,#4507,#4531,#4555,#4572,#4603,
    #4627,#4651,#4668,#4699,#4723,#4747,#4764,#4795,#4819,#4843,#4860,
    #4891,#4915,#4939,#4956,#4987,#5011,#5035,#5052,#5064,#5076,#5088,
    #5100,#5112,#5124,#5136,#5148,#5160,#5172,#5184,#5196,#5208));
#420 = ADVANCED_FACE('',(#421),#455,.F.);
#421 = FACE_BOUND('',#422,.F.);
#422 = EDGE_LOOP('',(#423,#433,#441,#449));
#423 = ORIENTED_EDGE('',*,*,#424,.T.);
#424 = EDGE_CURVE('',#425,#427,#429,.T.);
#425 = VERTEX_POINT('',#426);
#426 = CARTESIAN_POINT('',(-1.016,1.27,0.));
#427 = VERTEX_POINT('',#428);
#428 = CARTESIAN_POINT('',(-1.016,1.27,2.54));
#429 = LINE('',#430,#431);
#430 = CARTESIAN_POINT('',(-1.016,1.27,0.));
#431 = VECTOR('',#432,1.);
#432 = DIRECTION('',(0.,0.,1.));
#433 = ORIENTED_EDGE('',*,*,#434,.T.);
#434 = EDGE_CURVE('',#427,#435,#437,.T.);
#435 = VERTEX_POINT('',#436);
#436 = CARTESIAN_POINT('',(-1.27,1.016,2.54));
#437 = LINE('',#438,#439);
#438 = CARTESIAN_POINT('',(-1.016,1.27,2.54));
#439 = VECTOR('',#440,1.);
#440 = DIRECTION('',(-0.707106781187,-0.707106781187,0.));
#441 = ORIENTED_EDGE('',*,*,#442,.F.);
#442 = EDGE_CURVE('',#443,#435,#445,.T.);
#443 = VERTEX_POINT('',#444);
#444 = CARTESIAN_POINT('',(-1.27,1.016,0.));
#445 = LINE('',#446,#447);
#446 = CARTESIAN_POINT('',(-1.27,1.016,0.));
#447 = VECTOR('',#448,1.);
#448 = DIRECTION('',(0.,0.,1.));
#449 = ORIENTED_EDGE('',*,*,#450,.F.);
#450 = EDGE_CURVE('',#425,#443,#451,.T.);
#451 = LINE('',#452,#453);
#452 = CARTESIAN_POINT('',(-1.016,1.27,0.));
#453 = VECTOR('',#454,1.);
#454 = DIRECTION('',(-0.707106781187,-0.707106781187,0.));
#455 = PLANE('',#456);
#456 = AXIS2_PLACEMENT_3D('',#457,#458,#459);
#457 = CARTESIAN_POINT('',(-1.016,1.27,0.));
#458 = DIRECTION('',(0.707106781187,-0.707106781187,0.));
#459 = DIRECTION('',(-0.707106781187,-0.707106781187,0.));
#460 = ADVANCED_FACE('',(#461),#486,.F.);
#461 = FACE_BOUND('',#462,.F.);
#462 = EDGE_LOOP('',(#463,#473,#479,#480));
#463 = ORIENTED_EDGE('',*,*,#464,.T.);
#464 = EDGE_CURVE('',#465,#467,#469,.T.);
#465 = VERTEX_POINT('',#466);
#466 = CARTESIAN_POINT('',(1.016,1.27,0.));
#467 = VERTEX_POINT('',#468);
#468 = CARTESIAN_POINT('',(1.016,1.27,2.54));
#469 = LINE('',#470,#471);
#470 = CARTESIAN_POINT('',(1.016,1.27,0.));
#471 = VECTOR('',#472,1.);
#472 = DIRECTION('',(0.,0.,1.));
#473 = ORIENTED_EDGE('',*,*,#474,.T.);
#474 = EDGE_CURVE('',#467,#427,#475,.T.);
#475 = LINE('',#476,#477);
#476 = CARTESIAN_POINT('',(1.016,1.27,2.54));
#477 = VECTOR('',#478,1.);
#478 = DIRECTION('',(-1.,0.,0.));
#479 = ORIENTED_EDGE('',*,*,#424,.F.);
#480 = ORIENTED_EDGE('',*,*,#481,.F.);
#481 = EDGE_CURVE('',#465,#425,#482,.T.);
#482 = LINE('',#483,#484);
#483 = CARTESIAN_POINT('',(1.016,1.27,0.));
#484 = VECTOR('',#485,1.);
#485 = DIRECTION('',(-1.,0.,0.));
#486 = PLANE('',#487);
#487 = AXIS2_PLACEMENT_3D('',#488,#489,#490);
#488 = CARTESIAN_POINT('',(1.016,1.27,0.));
#489 = DIRECTION('',(0.,-1.,0.));
#490 = DIRECTION('',(-1.,0.,0.));
#491 = ADVANCED_FACE('',(#492),#517,.F.);
#492 = FACE_BOUND('',#493,.F.);
#493 = EDGE_LOOP('',(#494,#495,#503,#511));
#494 = ORIENTED_EDGE('',*,*,#442,.T.);
#495 = ORIENTED_EDGE('',*,*,#496,.T.);
#496 = EDGE_CURVE('',#435,#497,#499,.T.);
#497 = VERTEX_POINT('',#498);
#498 = CARTESIAN_POINT('',(-1.27,-1.016,2.54));
#499 = LINE('',#500,#501);
#500 = CARTESIAN_POINT('',(-1.27,1.016,2.54));
#501 = VECTOR('',#502,1.);
#502 = DIRECTION('',(0.,-1.,0.));
#503 = ORIENTED_EDGE('',*,*,#504,.F.);
#504 = EDGE_CURVE('',#505,#497,#507,.T.);
#505 = VERTEX_POINT('',#506);
#506 = CARTESIAN_POINT('',(-1.27,-1.016,0.));
#507 = LINE('',#508,#509);
#508 = CARTESIAN_POINT('',(-1.27,-1.016,0.));
#509 = VECTOR('',#510,1.);
#510 = DIRECTION('',(0.,0.,1.));
#511 = ORIENTED_EDGE('',*,*,#512,.F.);
#512 = EDGE_CURVE('',#443,#505,#513,.T.);
#513 = LINE('',#514,#515);
#514 = CARTESIAN_POINT('',(-1.27,1.016,0.));
#515 = VECTOR('',#516,1.);
#516 = DIRECTION('',(0.,-1.,0.));
#517 = PLANE('',#518);
#518 = AXIS2_PLACEMENT_3D('',#519,#520,#521);
#519 = CARTESIAN_POINT('',(-1.27,1.016,0.));
#520 = DIRECTION('',(1.,0.,0.));
#521 = DIRECTION('',(0.,-1.,0.));
#522 = ADVANCED_FACE('',(#523,#854,#888,#922,#956,#990,#1024,#1058),
  #1092,.F.);
#523 = FACE_BOUND('',#524,.F.);
#524 = EDGE_LOOP('',(#525,#526,#527,#535,#543,#551,#559,#567,#575,#583,
    #591,#599,#607,#615,#623,#631,#639,#647,#655,#663,#671,#679,#687,
    #695,#703,#711,#719,#727,#735,#743,#751,#759,#767,#775,#783,#791,
    #799,#807,#815,#823,#831,#839,#847,#853));
#525 = ORIENTED_EDGE('',*,*,#450,.T.);
#526 = ORIENTED_EDGE('',*,*,#512,.T.);
#527 = ORIENTED_EDGE('',*,*,#528,.T.);
#528 = EDGE_CURVE('',#505,#529,#531,.T.);
#529 = VERTEX_POINT('',#530);
#530 = CARTESIAN_POINT('',(-1.016,-1.27,0.));
#531 = LINE('',#532,#533);
#532 = CARTESIAN_POINT('',(-1.27,-1.016,0.));
#533 = VECTOR('',#534,1.);
#534 = DIRECTION('',(0.707106781187,-0.707106781187,0.));
#535 = ORIENTED_EDGE('',*,*,#536,.T.);
#536 = EDGE_CURVE('',#529,#537,#539,.T.);
#537 = VERTEX_POINT('',#538);
#538 = CARTESIAN_POINT('',(-1.27,-1.524,0.));
#539 = LINE('',#540,#541);
#540 = CARTESIAN_POINT('',(-1.016,-1.27,0.));
#541 = VECTOR('',#542,1.);
#542 = DIRECTION('',(-0.707106781187,-0.707106781187,0.));
#543 = ORIENTED_EDGE('',*,*,#544,.T.);
#544 = EDGE_CURVE('',#537,#545,#547,.T.);
#545 = VERTEX_POINT('',#546);
#546 = CARTESIAN_POINT('',(-1.27,-3.556,0.));
#547 = LINE('',#548,#549);
#548 = CARTESIAN_POINT('',(-1.27,-1.524,0.));
#549 = VECTOR('',#550,1.);
#550 = DIRECTION('',(0.,-1.,0.));
#551 = ORIENTED_EDGE('',*,*,#552,.T.);
#552 = EDGE_CURVE('',#545,#553,#555,.T.);
#553 = VERTEX_POINT('',#554);
#554 = CARTESIAN_POINT('',(-1.016,-3.81,0.));
#555 = LINE('',#556,#557);
#556 = CARTESIAN_POINT('',(-1.27,-3.556,0.));
#557 = VECTOR('',#558,1.);
#558 = DIRECTION('',(0.707106781187,-0.707106781187,0.));
#559 = ORIENTED_EDGE('',*,*,#560,.T.);
#560 = EDGE_CURVE('',#553,#561,#563,.T.);
#561 = VERTEX_POINT('',#562);
#562 = CARTESIAN_POINT('',(-1.27,-4.064,0.));
#563 = LINE('',#564,#565);
#564 = CARTESIAN_POINT('',(-1.016,-3.81,0.));
#565 = VECTOR('',#566,1.);
#566 = DIRECTION('',(-0.707106781187,-0.707106781187,0.));
#567 = ORIENTED_EDGE('',*,*,#568,.T.);
#568 = EDGE_CURVE('',#561,#569,#571,.T.);
#569 = VERTEX_POINT('',#570);
#570 = CARTESIAN_POINT('',(-1.27,-6.096,0.));
#571 = LINE('',#572,#573);
#572 = CARTESIAN_POINT('',(-1.27,-4.064,0.));
#573 = VECTOR('',#574,1.);
#574 = DIRECTION('',(0.,-1.,0.));
#575 = ORIENTED_EDGE('',*,*,#576,.T.);
#576 = EDGE_CURVE('',#569,#577,#579,.T.);
#577 = VERTEX_POINT('',#578);
#578 = CARTESIAN_POINT('',(-1.016,-6.35,0.));
#579 = LINE('',#580,#581);
#580 = CARTESIAN_POINT('',(-1.27,-6.096,0.));
#581 = VECTOR('',#582,1.);
#582 = DIRECTION('',(0.707106781187,-0.707106781187,0.));
#583 = ORIENTED_EDGE('',*,*,#584,.T.);
#584 = EDGE_CURVE('',#577,#585,#587,.T.);
#585 = VERTEX_POINT('',#586);
#586 = CARTESIAN_POINT('',(-1.27,-6.604,0.));
#587 = LINE('',#588,#589);
#588 = CARTESIAN_POINT('',(-1.016,-6.35,0.));
#589 = VECTOR('',#590,1.);
#590 = DIRECTION('',(-0.707106781187,-0.707106781187,0.));
#591 = ORIENTED_EDGE('',*,*,#592,.T.);
#592 = EDGE_CURVE('',#585,#593,#595,.T.);
#593 = VERTEX_POINT('',#594);
#594 = CARTESIAN_POINT('',(-1.27,-8.636,0.));
#595 = LINE('',#596,#597);
#596 = CARTESIAN_POINT('',(-1.27,-6.604,0.));
#597 = VECTOR('',#598,1.);
#598 = DIRECTION('',(0.,-1.,0.));
#599 = ORIENTED_EDGE('',*,*,#600,.T.);
#600 = EDGE_CURVE('',#593,#601,#603,.T.);
#601 = VERTEX_POINT('',#602);
#602 = CARTESIAN_POINT('',(-1.016,-8.89,0.));
#603 = LINE('',#604,#605);
#604 = CARTESIAN_POINT('',(-1.27,-8.636,0.));
#605 = VECTOR('',#606,1.);
#606 = DIRECTION('',(0.707106781187,-0.707106781187,0.));
#607 = ORIENTED_EDGE('',*,*,#608,.T.);
#608 = EDGE_CURVE('',#601,#609,#611,.T.);
#609 = VERTEX_POINT('',#610);
#610 = CARTESIAN_POINT('',(-1.27,-9.144,0.));
#611 = LINE('',#612,#613);
#612 = CARTESIAN_POINT('',(-1.016,-8.89,0.));
#613 = VECTOR('',#614,1.);
#614 = DIRECTION('',(-0.707106781187,-0.707106781187,0.));
#615 = ORIENTED_EDGE('',*,*,#616,.T.);
#616 = EDGE_CURVE('',#609,#617,#619,.T.);
#617 = VERTEX_POINT('',#618);
#618 = CARTESIAN_POINT('',(-1.27,-11.176,0.));
#619 = LINE('',#620,#621);
#620 = CARTESIAN_POINT('',(-1.27,-9.144,0.));
#621 = VECTOR('',#622,1.);
#622 = DIRECTION('',(0.,-1.,0.));
#623 = ORIENTED_EDGE('',*,*,#624,.T.);
#624 = EDGE_CURVE('',#617,#625,#627,.T.);
#625 = VERTEX_POINT('',#626);
#626 = CARTESIAN_POINT('',(-1.016,-11.43,0.));
#627 = LINE('',#628,#629);
#628 = CARTESIAN_POINT('',(-1.27,-11.176,0.));
#629 = VECTOR('',#630,1.);
#630 = DIRECTION('',(0.707106781187,-0.707106781187,0.));
#631 = ORIENTED_EDGE('',*,*,#632,.T.);
#632 = EDGE_CURVE('',#625,#633,#635,.T.);
#633 = VERTEX_POINT('',#634);
#634 = CARTESIAN_POINT('',(-1.27,-11.684,0.));
#635 = LINE('',#636,#637);
#636 = CARTESIAN_POINT('',(-1.016,-11.43,0.));
#637 = VECTOR('',#638,1.);
#638 = DIRECTION('',(-0.707106781187,-0.707106781187,0.));
#639 = ORIENTED_EDGE('',*,*,#640,.T.);
#640 = EDGE_CURVE('',#633,#641,#643,.T.);
#641 = VERTEX_POINT('',#642);
#642 = CARTESIAN_POINT('',(-1.27,-13.716,0.));
#643 = LINE('',#644,#645);
#644 = CARTESIAN_POINT('',(-1.27,-11.684,0.));
#645 = VECTOR('',#646,1.);
#646 = DIRECTION('',(0.,-1.,0.));
#647 = ORIENTED_EDGE('',*,*,#648,.T.);
#648 = EDGE_CURVE('',#641,#649,#651,.T.);
#649 = VERTEX_POINT('',#650);
#650 = CARTESIAN_POINT('',(-1.016,-13.97,0.));
#651 = LINE('',#652,#653);
#652 = CARTESIAN_POINT('',(-1.27,-13.716,0.));
#653 = VECTOR('',#654,1.);
#654 = DIRECTION('',(0.707106781187,-0.707106781187,0.));
#655 = ORIENTED_EDGE('',*,*,#656,.T.);
#656 = EDGE_CURVE('',#649,#657,#659,.T.);
#657 = VERTEX_POINT('',#658);
#658 = CARTESIAN_POINT('',(-1.27,-14.224,0.));
#659 = LINE('',#660,#661);
#660 = CARTESIAN_POINT('',(-1.016,-13.97,0.));
#661 = VECTOR('',#662,1.);
#662 = DIRECTION('',(-0.707106781187,-0.707106781187,0.));
#663 = ORIENTED_EDGE('',*,*,#664,.T.);
#664 = EDGE_CURVE('',#657,#665,#667,.T.);
#665 = VERTEX_POINT('',#666);
#666 = CARTESIAN_POINT('',(-1.27,-16.256,0.));
#667 = LINE('',#668,#669);
#668 = CARTESIAN_POINT('',(-1.27,-14.224,0.));
#669 = VECTOR('',#670,1.);
#670 = DIRECTION('',(0.,-1.,0.));
#671 = ORIENTED_EDGE('',*,*,#672,.T.);
#672 = EDGE_CURVE('',#665,#673,#675,.T.);
#673 = VERTEX_POINT('',#674);
#674 = CARTESIAN_POINT('',(-1.016,-16.51,0.));
#675 = LINE('',#676,#677);
#676 = CARTESIAN_POINT('',(-1.27,-16.256,0.));
#677 = VECTOR('',#678,1.);
#678 = DIRECTION('',(0.707106781187,-0.707106781187,0.));
#679 = ORIENTED_EDGE('',*,*,#680,.T.);
#680 = EDGE_CURVE('',#673,#681,#683,.T.);
#681 = VERTEX_POINT('',#682);
#682 = CARTESIAN_POINT('',(1.016,-16.51,0.));
#683 = LINE('',#684,#685);
#684 = CARTESIAN_POINT('',(-1.016,-16.51,0.));
#685 = VECTOR('',#686,1.);
#686 = DIRECTION('',(1.,0.,0.));
#687 = ORIENTED_EDGE('',*,*,#688,.T.);
#688 = EDGE_CURVE('',#681,#689,#691,.T.);
#689 = VERTEX_POINT('',#690);
#690 = CARTESIAN_POINT('',(1.27,-16.256,0.));
#691 = LINE('',#692,#693);
#692 = CARTESIAN_POINT('',(1.016,-16.51,0.));
#693 = VECTOR('',#694,1.);
#694 = DIRECTION('',(0.707106781187,0.707106781187,0.));
#695 = ORIENTED_EDGE('',*,*,#696,.T.);
#696 = EDGE_CURVE('',#689,#697,#699,.T.);
#697 = VERTEX_POINT('',#698);
#698 = CARTESIAN_POINT('',(1.27,-14.224,0.));
#699 = LINE('',#700,#701);
#700 = CARTESIAN_POINT('',(1.27,-16.256,0.));
#701 = VECTOR('',#702,1.);
#702 = DIRECTION('',(0.,1.,0.));
#703 = ORIENTED_EDGE('',*,*,#704,.T.);
#704 = EDGE_CURVE('',#697,#705,#707,.T.);
#705 = VERTEX_POINT('',#706);
#706 = CARTESIAN_POINT('',(1.016,-13.97,0.));
#707 = LINE('',#708,#709);
#708 = CARTESIAN_POINT('',(1.27,-14.224,0.));
#709 = VECTOR('',#710,1.);
#710 = DIRECTION('',(-0.707106781187,0.707106781187,0.));
#711 = ORIENTED_EDGE('',*,*,#712,.T.);
#712 = EDGE_CURVE('',#705,#713,#715,.T.);
#713 = VERTEX_POINT('',#714);
#714 = CARTESIAN_POINT('',(1.27,-13.716,0.));
#715 = LINE('',#716,#717);
#716 = CARTESIAN_POINT('',(1.016,-13.97,0.));
#717 = VECTOR('',#718,1.);
#718 = DIRECTION('',(0.707106781187,0.707106781187,0.));
#719 = ORIENTED_EDGE('',*,*,#720,.T.);
#720 = EDGE_CURVE('',#713,#721,#723,.T.);
#721 = VERTEX_POINT('',#722);
#722 = CARTESIAN_POINT('',(1.27,-11.684,0.));
#723 = LINE('',#724,#725);
#724 = CARTESIAN_POINT('',(1.27,-13.716,0.));
#725 = VECTOR('',#726,1.);
#726 = DIRECTION('',(0.,1.,0.));
#727 = ORIENTED_EDGE('',*,*,#728,.T.);
#728 = EDGE_CURVE('',#721,#729,#731,.T.);
#729 = VERTEX_POINT('',#730);
#730 = CARTESIAN_POINT('',(1.016,-11.43,0.));
#731 = LINE('',#732,#733);
#732 = CARTESIAN_POINT('',(1.27,-11.684,0.));
#733 = VECTOR('',#734,1.);
#734 = DIRECTION('',(-0.707106781187,0.707106781187,0.));
#735 = ORIENTED_EDGE('',*,*,#736,.T.);
#736 = EDGE_CURVE('',#729,#737,#739,.T.);
#737 = VERTEX_POINT('',#738);
#738 = CARTESIAN_POINT('',(1.27,-11.176,0.));
#739 = LINE('',#740,#741);
#740 = CARTESIAN_POINT('',(1.016,-11.43,0.));
#741 = VECTOR('',#742,1.);
#742 = DIRECTION('',(0.707106781187,0.707106781187,0.));
#743 = ORIENTED_EDGE('',*,*,#744,.T.);
#744 = EDGE_CURVE('',#737,#745,#747,.T.);
#745 = VERTEX_POINT('',#746);
#746 = CARTESIAN_POINT('',(1.27,-9.144,0.));
#747 = LINE('',#748,#749);
#748 = CARTESIAN_POINT('',(1.27,-11.176,0.));
#749 = VECTOR('',#750,1.);
#750 = DIRECTION('',(0.,1.,0.));
#751 = ORIENTED_EDGE('',*,*,#752,.T.);
#752 = EDGE_CURVE('',#745,#753,#755,.T.);
#753 = VERTEX_POINT('',#754);
#754 = CARTESIAN_POINT('',(1.016,-8.89,0.));
#755 = LINE('',#756,#757);
#756 = CARTESIAN_POINT('',(1.27,-9.144,0.));
#757 = VECTOR('',#758,1.);
#758 = DIRECTION('',(-0.707106781187,0.707106781187,0.));
#759 = ORIENTED_EDGE('',*,*,#760,.T.);
#760 = EDGE_CURVE('',#753,#761,#763,.T.);
#761 = VERTEX_POINT('',#762);
#762 = CARTESIAN_POINT('',(1.27,-8.636,0.));
#763 = LINE('',#764,#765);
#764 = CARTESIAN_POINT('',(1.016,-8.89,0.));
#765 = VECTOR('',#766,1.);
#766 = DIRECTION('',(0.707106781187,0.707106781187,0.));
#767 = ORIENTED_EDGE('',*,*,#768,.T.);
#768 = EDGE_CURVE('',#761,#769,#771,.T.);
#769 = VERTEX_POINT('',#770);
#770 = CARTESIAN_POINT('',(1.27,-6.604,0.));
#771 = LINE('',#772,#773);
#772 = CARTESIAN_POINT('',(1.27,-8.636,0.));
#773 = VECTOR('',#774,1.);
#774 = DIRECTION('',(0.,1.,0.));
#775 = ORIENTED_EDGE('',*,*,#776,.T.);
#776 = EDGE_CURVE('',#769,#777,#779,.T.);
#777 = VERTEX_POINT('',#778);
#778 = CARTESIAN_POINT('',(1.016,-6.35,0.));
#779 = LINE('',#780,#781);
#780 = CARTESIAN_POINT('',(1.27,-6.604,0.));
#781 = VECTOR('',#782,1.);
#782 = DIRECTION('',(-0.707106781187,0.707106781187,0.));
#783 = ORIENTED_EDGE('',*,*,#784,.T.);
#784 = EDGE_CURVE('',#777,#785,#787,.T.);
#785 = VERTEX_POINT('',#786);
#786 = CARTESIAN_POINT('',(1.27,-6.096,0.));
#787 = LINE('',#788,#789);
#788 = CARTESIAN_POINT('',(1.016,-6.35,0.));
#789 = VECTOR('',#790,1.);
#790 = DIRECTION('',(0.707106781187,0.707106781187,0.));
#791 = ORIENTED_EDGE('',*,*,#792,.T.);
#792 = EDGE_CURVE('',#785,#793,#795,.T.);
#793 = VERTEX_POINT('',#794);
#794 = CARTESIAN_POINT('',(1.27,-4.064,0.));
#795 = LINE('',#796,#797);
#796 = CARTESIAN_POINT('',(1.27,-6.096,0.));
#797 = VECTOR('',#798,1.);
#798 = DIRECTION('',(0.,1.,0.));
#799 = ORIENTED_EDGE('',*,*,#800,.T.);
#800 = EDGE_CURVE('',#793,#801,#803,.T.);
#801 = VERTEX_POINT('',#802);
#802 = CARTESIAN_POINT('',(1.016,-3.81,0.));
#803 = LINE('',#804,#805);
#804 = CARTESIAN_POINT('',(1.27,-4.064,0.));
#805 = VECTOR('',#806,1.);
#806 = DIRECTION('',(-0.707106781187,0.707106781187,0.));
#807 = ORIENTED_EDGE('',*,*,#808,.T.);
#808 = EDGE_CURVE('',#801,#809,#811,.T.);
#809 = VERTEX_POINT('',#810);
#810 = CARTESIAN_POINT('',(1.27,-3.556,0.));
#811 = LINE('',#812,#813);
#812 = CARTESIAN_POINT('',(1.016,-3.81,0.));
#813 = VECTOR('',#814,1.);
#814 = DIRECTION('',(0.707106781187,0.707106781187,0.));
#815 = ORIENTED_EDGE('',*,*,#816,.T.);
#816 = EDGE_CURVE('',#809,#817,#819,.T.);
#817 = VERTEX_POINT('',#818);
#818 = CARTESIAN_POINT('',(1.27,-1.524,0.));
#819 = LINE('',#820,#821);
#820 = CARTESIAN_POINT('',(1.27,-3.556,0.));
#821 = VECTOR('',#822,1.);
#822 = DIRECTION('',(0.,1.,0.));
#823 = ORIENTED_EDGE('',*,*,#824,.T.);
#824 = EDGE_CURVE('',#817,#825,#827,.T.);
#825 = VERTEX_POINT('',#826);
#826 = CARTESIAN_POINT('',(1.016,-1.27,0.));
#827 = LINE('',#828,#829);
#828 = CARTESIAN_POINT('',(1.27,-1.524,0.));
#829 = VECTOR('',#830,1.);
#830 = DIRECTION('',(-0.707106781187,0.707106781187,0.));
#831 = ORIENTED_EDGE('',*,*,#832,.T.);
#832 = EDGE_CURVE('',#825,#833,#835,.T.);
#833 = VERTEX_POINT('',#834);
#834 = CARTESIAN_POINT('',(1.27,-1.016,0.));
#835 = LINE('',#836,#837);
#836 = CARTESIAN_POINT('',(1.016,-1.27,0.));
#837 = VECTOR('',#838,1.);
#838 = DIRECTION('',(0.707106781187,0.707106781187,0.));
#839 = ORIENTED_EDGE('',*,*,#840,.T.);
#840 = EDGE_CURVE('',#833,#841,#843,.T.);
#841 = VERTEX_POINT('',#842);
#842 = CARTESIAN_POINT('',(1.27,1.016,0.));
#843 = LINE('',#844,#845);
#844 = CARTESIAN_POINT('',(1.27,-1.016,0.));
#845 = VECTOR('',#846,1.);
#846 = DIRECTION('',(0.,1.,0.));
#847 = ORIENTED_EDGE('',*,*,#848,.T.);
#848 = EDGE_CURVE('',#841,#465,#849,.T.);
#849 = LINE('',#850,#851);
#850 = CARTESIAN_POINT('',(1.27,1.016,0.));
#851 = VECTOR('',#852,1.);
#852 = DIRECTION('',(-0.707106781187,0.707106781187,0.));
#853 = ORIENTED_EDGE('',*,*,#481,.T.);
#854 = FACE_BOUND('',#855,.F.);
#855 = EDGE_LOOP('',(#856,#866,#874,#882));
#856 = ORIENTED_EDGE('',*,*,#857,.F.);
#857 = EDGE_CURVE('',#858,#860,#862,.T.);
#858 = VERTEX_POINT('',#859);
#859 = CARTESIAN_POINT('',(0.32,-12.38,0.));
#860 = VERTEX_POINT('',#861);
#861 = CARTESIAN_POINT('',(-0.32,-12.38,0.));
#862 = LINE('',#863,#864);
#863 = CARTESIAN_POINT('',(-0.16,-12.38,0.));
#864 = VECTOR('',#865,1.);
#865 = DIRECTION('',(-1.,0.,0.));
#866 = ORIENTED_EDGE('',*,*,#867,.F.);
#867 = EDGE_CURVE('',#868,#858,#870,.T.);
#868 = VERTEX_POINT('',#869);
#869 = CARTESIAN_POINT('',(0.32,-13.02,0.));
#870 = LINE('',#871,#872);
#871 = CARTESIAN_POINT('',(0.32,-10.32,0.));
#872 = VECTOR('',#873,1.);
#873 = DIRECTION('',(0.,1.,0.));
#874 = ORIENTED_EDGE('',*,*,#875,.T.);
#875 = EDGE_CURVE('',#868,#876,#878,.T.);
#876 = VERTEX_POINT('',#877);
#877 = CARTESIAN_POINT('',(-0.32,-13.02,0.));
#878 = LINE('',#879,#880);
#879 = CARTESIAN_POINT('',(-0.16,-13.02,0.));
#880 = VECTOR('',#881,1.);
#881 = DIRECTION('',(-1.,0.,0.));
#882 = ORIENTED_EDGE('',*,*,#883,.T.);
#883 = EDGE_CURVE('',#876,#860,#884,.T.);
#884 = LINE('',#885,#886);
#885 = CARTESIAN_POINT('',(-0.32,-10.32,0.));
#886 = VECTOR('',#887,1.);
#887 = DIRECTION('',(0.,1.,0.));
#888 = FACE_BOUND('',#889,.F.);
#889 = EDGE_LOOP('',(#890,#900,#908,#916));
#890 = ORIENTED_EDGE('',*,*,#891,.F.);
#891 = EDGE_CURVE('',#892,#894,#896,.T.);
#892 = VERTEX_POINT('',#893);
#893 = CARTESIAN_POINT('',(0.32,-15.56,0.));
#894 = VERTEX_POINT('',#895);
#895 = CARTESIAN_POINT('',(0.32,-14.92,0.));
#896 = LINE('',#897,#898);
#897 = CARTESIAN_POINT('',(0.32,-11.59,0.));
#898 = VECTOR('',#899,1.);
#899 = DIRECTION('',(0.,1.,0.));
#900 = ORIENTED_EDGE('',*,*,#901,.T.);
#901 = EDGE_CURVE('',#892,#902,#904,.T.);
#902 = VERTEX_POINT('',#903);
#903 = CARTESIAN_POINT('',(-0.32,-15.56,0.));
#904 = LINE('',#905,#906);
#905 = CARTESIAN_POINT('',(-0.16,-15.56,0.));
#906 = VECTOR('',#907,1.);
#907 = DIRECTION('',(-1.,0.,0.));
#908 = ORIENTED_EDGE('',*,*,#909,.T.);
#909 = EDGE_CURVE('',#902,#910,#912,.T.);
#910 = VERTEX_POINT('',#911);
#911 = CARTESIAN_POINT('',(-0.32,-14.92,0.));
#912 = LINE('',#913,#914);
#913 = CARTESIAN_POINT('',(-0.32,-11.59,0.));
#914 = VECTOR('',#915,1.);
#915 = DIRECTION('',(0.,1.,0.));
#916 = ORIENTED_EDGE('',*,*,#917,.F.);
#917 = EDGE_CURVE('',#894,#910,#918,.T.);
#918 = LINE('',#919,#920);
#919 = CARTESIAN_POINT('',(-0.16,-14.92,0.));
#920 = VECTOR('',#921,1.);
#921 = DIRECTION('',(-1.,0.,0.));
#922 = FACE_BOUND('',#923,.F.);
#923 = EDGE_LOOP('',(#924,#934,#942,#950));
#924 = ORIENTED_EDGE('',*,*,#925,.F.);
#925 = EDGE_CURVE('',#926,#928,#930,.T.);
#926 = VERTEX_POINT('',#927);
#927 = CARTESIAN_POINT('',(0.32,-9.84,0.));
#928 = VERTEX_POINT('',#929);
#929 = CARTESIAN_POINT('',(-0.32,-9.84,0.));
#930 = LINE('',#931,#932);
#931 = CARTESIAN_POINT('',(-0.16,-9.84,0.));
#932 = VECTOR('',#933,1.);
#933 = DIRECTION('',(-1.,0.,0.));
#934 = ORIENTED_EDGE('',*,*,#935,.F.);
#935 = EDGE_CURVE('',#936,#926,#938,.T.);
#936 = VERTEX_POINT('',#937);
#937 = CARTESIAN_POINT('',(0.32,-10.48,0.));
#938 = LINE('',#939,#940);
#939 = CARTESIAN_POINT('',(0.32,-9.05,0.));
#940 = VECTOR('',#941,1.);
#941 = DIRECTION('',(0.,1.,0.));
#942 = ORIENTED_EDGE('',*,*,#943,.T.);
#943 = EDGE_CURVE('',#936,#944,#946,.T.);
#944 = VERTEX_POINT('',#945);
#945 = CARTESIAN_POINT('',(-0.32,-10.48,0.));
#946 = LINE('',#947,#948);
#947 = CARTESIAN_POINT('',(-0.16,-10.48,0.));
#948 = VECTOR('',#949,1.);
#949 = DIRECTION('',(-1.,0.,0.));
#950 = ORIENTED_EDGE('',*,*,#951,.T.);
#951 = EDGE_CURVE('',#944,#928,#952,.T.);
#952 = LINE('',#953,#954);
#953 = CARTESIAN_POINT('',(-0.32,-9.05,0.));
#954 = VECTOR('',#955,1.);
#955 = DIRECTION('',(0.,1.,0.));
#956 = FACE_BOUND('',#957,.F.);
#957 = EDGE_LOOP('',(#958,#968,#976,#984));
#958 = ORIENTED_EDGE('',*,*,#959,.F.);
#959 = EDGE_CURVE('',#960,#962,#964,.T.);
#960 = VERTEX_POINT('',#961);
#961 = CARTESIAN_POINT('',(0.32,-2.86,0.));
#962 = VERTEX_POINT('',#963);
#963 = CARTESIAN_POINT('',(0.32,-2.22,0.));
#964 = LINE('',#965,#966);
#965 = CARTESIAN_POINT('',(0.32,-5.24,0.));
#966 = VECTOR('',#967,1.);
#967 = DIRECTION('',(0.,1.,0.));
#968 = ORIENTED_EDGE('',*,*,#969,.T.);
#969 = EDGE_CURVE('',#960,#970,#972,.T.);
#970 = VERTEX_POINT('',#971);
#971 = CARTESIAN_POINT('',(-0.32,-2.86,0.));
#972 = LINE('',#973,#974);
#973 = CARTESIAN_POINT('',(-0.16,-2.86,0.));
#974 = VECTOR('',#975,1.);
#975 = DIRECTION('',(-1.,0.,0.));
#976 = ORIENTED_EDGE('',*,*,#977,.T.);
#977 = EDGE_CURVE('',#970,#978,#980,.T.);
#978 = VERTEX_POINT('',#979);
#979 = CARTESIAN_POINT('',(-0.32,-2.22,0.));
#980 = LINE('',#981,#982);
#981 = CARTESIAN_POINT('',(-0.32,-5.24,0.));
#982 = VECTOR('',#983,1.);
#983 = DIRECTION('',(0.,1.,0.));
#984 = ORIENTED_EDGE('',*,*,#985,.F.);
#985 = EDGE_CURVE('',#962,#978,#986,.T.);
#986 = LINE('',#987,#988);
#987 = CARTESIAN_POINT('',(-0.16,-2.22,0.));
#988 = VECTOR('',#989,1.);
#989 = DIRECTION('',(-1.,0.,0.));
#990 = FACE_BOUND('',#991,.F.);
#991 = EDGE_LOOP('',(#992,#1002,#1010,#1018));
#992 = ORIENTED_EDGE('',*,*,#993,.T.);
#993 = EDGE_CURVE('',#994,#996,#998,.T.);
#994 = VERTEX_POINT('',#995);
#995 = CARTESIAN_POINT('',(0.32,-5.4,0.));
#996 = VERTEX_POINT('',#997);
#997 = CARTESIAN_POINT('',(-0.32,-5.4,0.));
#998 = LINE('',#999,#1000);
#999 = CARTESIAN_POINT('',(-0.16,-5.4,0.));
#1000 = VECTOR('',#1001,1.);
#1001 = DIRECTION('',(-1.,0.,0.));
#1002 = ORIENTED_EDGE('',*,*,#1003,.T.);
#1003 = EDGE_CURVE('',#996,#1004,#1006,.T.);
#1004 = VERTEX_POINT('',#1005);
#1005 = CARTESIAN_POINT('',(-0.32,-4.76,0.));
#1006 = LINE('',#1007,#1008);
#1007 = CARTESIAN_POINT('',(-0.32,-6.51,0.));
#1008 = VECTOR('',#1009,1.);
#1009 = DIRECTION('',(0.,1.,0.));
#1010 = ORIENTED_EDGE('',*,*,#1011,.F.);
#1011 = EDGE_CURVE('',#1012,#1004,#1014,.T.);
#1012 = VERTEX_POINT('',#1013);
#1013 = CARTESIAN_POINT('',(0.32,-4.76,0.));
#1014 = LINE('',#1015,#1016);
#1015 = CARTESIAN_POINT('',(-0.16,-4.76,0.));
#1016 = VECTOR('',#1017,1.);
#1017 = DIRECTION('',(-1.,0.,0.));
#1018 = ORIENTED_EDGE('',*,*,#1019,.F.);
#1019 = EDGE_CURVE('',#994,#1012,#1020,.T.);
#1020 = LINE('',#1021,#1022);
#1021 = CARTESIAN_POINT('',(0.32,-6.51,0.));
#1022 = VECTOR('',#1023,1.);
#1023 = DIRECTION('',(0.,1.,0.));
#1024 = FACE_BOUND('',#1025,.F.);
#1025 = EDGE_LOOP('',(#1026,#1036,#1044,#1052));
#1026 = ORIENTED_EDGE('',*,*,#1027,.F.);
#1027 = EDGE_CURVE('',#1028,#1030,#1032,.T.);
#1028 = VERTEX_POINT('',#1029);
#1029 = CARTESIAN_POINT('',(0.32,-7.94,0.));
#1030 = VERTEX_POINT('',#1031);
#1031 = CARTESIAN_POINT('',(0.32,-7.3,0.));
#1032 = LINE('',#1033,#1034);
#1033 = CARTESIAN_POINT('',(0.32,-7.78,0.));
#1034 = VECTOR('',#1035,1.);
#1035 = DIRECTION('',(0.,1.,0.));
#1036 = ORIENTED_EDGE('',*,*,#1037,.T.);
#1037 = EDGE_CURVE('',#1028,#1038,#1040,.T.);
#1038 = VERTEX_POINT('',#1039);
#1039 = CARTESIAN_POINT('',(-0.32,-7.94,0.));
#1040 = LINE('',#1041,#1042);
#1041 = CARTESIAN_POINT('',(-0.16,-7.94,0.));
#1042 = VECTOR('',#1043,1.);
#1043 = DIRECTION('',(-1.,0.,0.));
#1044 = ORIENTED_EDGE('',*,*,#1045,.T.);
#1045 = EDGE_CURVE('',#1038,#1046,#1048,.T.);
#1046 = VERTEX_POINT('',#1047);
#1047 = CARTESIAN_POINT('',(-0.32,-7.3,0.));
#1048 = LINE('',#1049,#1050);
#1049 = CARTESIAN_POINT('',(-0.32,-7.78,0.));
#1050 = VECTOR('',#1051,1.);
#1051 = DIRECTION('',(0.,1.,0.));
#1052 = ORIENTED_EDGE('',*,*,#1053,.F.);
#1053 = EDGE_CURVE('',#1030,#1046,#1054,.T.);
#1054 = LINE('',#1055,#1056);
#1055 = CARTESIAN_POINT('',(-0.16,-7.3,0.));
#1056 = VECTOR('',#1057,1.);
#1057 = DIRECTION('',(-1.,0.,0.));
#1058 = FACE_BOUND('',#1059,.F.);
#1059 = EDGE_LOOP('',(#1060,#1070,#1078,#1086));
#1060 = ORIENTED_EDGE('',*,*,#1061,.T.);
#1061 = EDGE_CURVE('',#1062,#1064,#1066,.T.);
#1062 = VERTEX_POINT('',#1063);
#1063 = CARTESIAN_POINT('',(0.32,-0.32,0.));
#1064 = VERTEX_POINT('',#1065);
#1065 = CARTESIAN_POINT('',(-0.32,-0.32,0.));
#1066 = LINE('',#1067,#1068);
#1067 = CARTESIAN_POINT('',(-0.16,-0.32,0.));
#1068 = VECTOR('',#1069,1.);
#1069 = DIRECTION('',(-1.,0.,0.));
#1070 = ORIENTED_EDGE('',*,*,#1071,.T.);
#1071 = EDGE_CURVE('',#1064,#1072,#1074,.T.);
#1072 = VERTEX_POINT('',#1073);
#1073 = CARTESIAN_POINT('',(-0.32,0.32,0.));
#1074 = LINE('',#1075,#1076);
#1075 = CARTESIAN_POINT('',(-0.32,-3.97,0.));
#1076 = VECTOR('',#1077,1.);
#1077 = DIRECTION('',(0.,1.,0.));
#1078 = ORIENTED_EDGE('',*,*,#1079,.F.);
#1079 = EDGE_CURVE('',#1080,#1072,#1082,.T.);
#1080 = VERTEX_POINT('',#1081);
#1081 = CARTESIAN_POINT('',(0.32,0.32,0.));
#1082 = LINE('',#1083,#1084);
#1083 = CARTESIAN_POINT('',(-0.16,0.32,0.));
#1084 = VECTOR('',#1085,1.);
#1085 = DIRECTION('',(-1.,0.,0.));
#1086 = ORIENTED_EDGE('',*,*,#1087,.F.);
#1087 = EDGE_CURVE('',#1062,#1080,#1088,.T.);
#1088 = LINE('',#1089,#1090);
#1089 = CARTESIAN_POINT('',(0.32,-3.97,0.));
#1090 = VECTOR('',#1091,1.);
#1091 = DIRECTION('',(0.,1.,0.));
#1092 = PLANE('',#1093);
#1093 = AXIS2_PLACEMENT_3D('',#1094,#1095,#1096);
#1094 = CARTESIAN_POINT('',(-1.56480052915E-17,-7.62,0.));
#1095 = DIRECTION('',(0.,0.,1.));
#1096 = DIRECTION('',(1.,0.,-0.));
#1097 = ADVANCED_FACE('',(#1098,#1429,#1463,#1497,#1531,#1565,#1599,
    #1633),#1667,.T.);
#1098 = FACE_BOUND('',#1099,.T.);
#1099 = EDGE_LOOP('',(#1100,#1101,#1102,#1110,#1118,#1126,#1134,#1142,
    #1150,#1158,#1166,#1174,#1182,#1190,#1198,#1206,#1214,#1222,#1230,
    #1238,#1246,#1254,#1262,#1270,#1278,#1286,#1294,#1302,#1310,#1318,
    #1326,#1334,#1342,#1350,#1358,#1366,#1374,#1382,#1390,#1398,#1406,
    #1414,#1422,#1428));
#1100 = ORIENTED_EDGE('',*,*,#434,.T.);
#1101 = ORIENTED_EDGE('',*,*,#496,.T.);
#1102 = ORIENTED_EDGE('',*,*,#1103,.T.);
#1103 = EDGE_CURVE('',#497,#1104,#1106,.T.);
#1104 = VERTEX_POINT('',#1105);
#1105 = CARTESIAN_POINT('',(-1.016,-1.27,2.54));
#1106 = LINE('',#1107,#1108);
#1107 = CARTESIAN_POINT('',(-1.27,-1.016,2.54));
#1108 = VECTOR('',#1109,1.);
#1109 = DIRECTION('',(0.707106781187,-0.707106781187,0.));
#1110 = ORIENTED_EDGE('',*,*,#1111,.T.);
#1111 = EDGE_CURVE('',#1104,#1112,#1114,.T.);
#1112 = VERTEX_POINT('',#1113);
#1113 = CARTESIAN_POINT('',(-1.27,-1.524,2.54));
#1114 = LINE('',#1115,#1116);
#1115 = CARTESIAN_POINT('',(-1.016,-1.27,2.54));
#1116 = VECTOR('',#1117,1.);
#1117 = DIRECTION('',(-0.707106781187,-0.707106781187,0.));
#1118 = ORIENTED_EDGE('',*,*,#1119,.T.);
#1119 = EDGE_CURVE('',#1112,#1120,#1122,.T.);
#1120 = VERTEX_POINT('',#1121);
#1121 = CARTESIAN_POINT('',(-1.27,-3.556,2.54));
#1122 = LINE('',#1123,#1124);
#1123 = CARTESIAN_POINT('',(-1.27,-1.524,2.54));
#1124 = VECTOR('',#1125,1.);
#1125 = DIRECTION('',(0.,-1.,0.));
#1126 = ORIENTED_EDGE('',*,*,#1127,.T.);
#1127 = EDGE_CURVE('',#1120,#1128,#1130,.T.);
#1128 = VERTEX_POINT('',#1129);
#1129 = CARTESIAN_POINT('',(-1.016,-3.81,2.54));
#1130 = LINE('',#1131,#1132);
#1131 = CARTESIAN_POINT('',(-1.27,-3.556,2.54));
#1132 = VECTOR('',#1133,1.);
#1133 = DIRECTION('',(0.707106781187,-0.707106781187,0.));
#1134 = ORIENTED_EDGE('',*,*,#1135,.T.);
#1135 = EDGE_CURVE('',#1128,#1136,#1138,.T.);
#1136 = VERTEX_POINT('',#1137);
#1137 = CARTESIAN_POINT('',(-1.27,-4.064,2.54));
#1138 = LINE('',#1139,#1140);
#1139 = CARTESIAN_POINT('',(-1.016,-3.81,2.54));
#1140 = VECTOR('',#1141,1.);
#1141 = DIRECTION('',(-0.707106781187,-0.707106781187,0.));
#1142 = ORIENTED_EDGE('',*,*,#1143,.T.);
#1143 = EDGE_CURVE('',#1136,#1144,#1146,.T.);
#1144 = VERTEX_POINT('',#1145);
#1145 = CARTESIAN_POINT('',(-1.27,-6.096,2.54));
#1146 = LINE('',#1147,#1148);
#1147 = CARTESIAN_POINT('',(-1.27,-4.064,2.54));
#1148 = VECTOR('',#1149,1.);
#1149 = DIRECTION('',(0.,-1.,0.));
#1150 = ORIENTED_EDGE('',*,*,#1151,.T.);
#1151 = EDGE_CURVE('',#1144,#1152,#1154,.T.);
#1152 = VERTEX_POINT('',#1153);
#1153 = CARTESIAN_POINT('',(-1.016,-6.35,2.54));
#1154 = LINE('',#1155,#1156);
#1155 = CARTESIAN_POINT('',(-1.27,-6.096,2.54));
#1156 = VECTOR('',#1157,1.);
#1157 = DIRECTION('',(0.707106781187,-0.707106781187,0.));
#1158 = ORIENTED_EDGE('',*,*,#1159,.T.);
#1159 = EDGE_CURVE('',#1152,#1160,#1162,.T.);
#1160 = VERTEX_POINT('',#1161);
#1161 = CARTESIAN_POINT('',(-1.27,-6.604,2.54));
#1162 = LINE('',#1163,#1164);
#1163 = CARTESIAN_POINT('',(-1.016,-6.35,2.54));
#1164 = VECTOR('',#1165,1.);
#1165 = DIRECTION('',(-0.707106781187,-0.707106781187,0.));
#1166 = ORIENTED_EDGE('',*,*,#1167,.T.);
#1167 = EDGE_CURVE('',#1160,#1168,#1170,.T.);
#1168 = VERTEX_POINT('',#1169);
#1169 = CARTESIAN_POINT('',(-1.27,-8.636,2.54));
#1170 = LINE('',#1171,#1172);
#1171 = CARTESIAN_POINT('',(-1.27,-6.604,2.54));
#1172 = VECTOR('',#1173,1.);
#1173 = DIRECTION('',(0.,-1.,0.));
#1174 = ORIENTED_EDGE('',*,*,#1175,.T.);
#1175 = EDGE_CURVE('',#1168,#1176,#1178,.T.);
#1176 = VERTEX_POINT('',#1177);
#1177 = CARTESIAN_POINT('',(-1.016,-8.89,2.54));
#1178 = LINE('',#1179,#1180);
#1179 = CARTESIAN_POINT('',(-1.27,-8.636,2.54));
#1180 = VECTOR('',#1181,1.);
#1181 = DIRECTION('',(0.707106781187,-0.707106781187,0.));
#1182 = ORIENTED_EDGE('',*,*,#1183,.T.);
#1183 = EDGE_CURVE('',#1176,#1184,#1186,.T.);
#1184 = VERTEX_POINT('',#1185);
#1185 = CARTESIAN_POINT('',(-1.27,-9.144,2.54));
#1186 = LINE('',#1187,#1188);
#1187 = CARTESIAN_POINT('',(-1.016,-8.89,2.54));
#1188 = VECTOR('',#1189,1.);
#1189 = DIRECTION('',(-0.707106781187,-0.707106781187,0.));
#1190 = ORIENTED_EDGE('',*,*,#1191,.T.);
#1191 = EDGE_CURVE('',#1184,#1192,#1194,.T.);
#1192 = VERTEX_POINT('',#1193);
#1193 = CARTESIAN_POINT('',(-1.27,-11.176,2.54));
#1194 = LINE('',#1195,#1196);
#1195 = CARTESIAN_POINT('',(-1.27,-9.144,2.54));
#1196 = VECTOR('',#1197,1.);
#1197 = DIRECTION('',(0.,-1.,0.));
#1198 = ORIENTED_EDGE('',*,*,#1199,.T.);
#1199 = EDGE_CURVE('',#1192,#1200,#1202,.T.);
#1200 = VERTEX_POINT('',#1201);
#1201 = CARTESIAN_POINT('',(-1.016,-11.43,2.54));
#1202 = LINE('',#1203,#1204);
#1203 = CARTESIAN_POINT('',(-1.27,-11.176,2.54));
#1204 = VECTOR('',#1205,1.);
#1205 = DIRECTION('',(0.707106781187,-0.707106781187,0.));
#1206 = ORIENTED_EDGE('',*,*,#1207,.T.);
#1207 = EDGE_CURVE('',#1200,#1208,#1210,.T.);
#1208 = VERTEX_POINT('',#1209);
#1209 = CARTESIAN_POINT('',(-1.27,-11.684,2.54));
#1210 = LINE('',#1211,#1212);
#1211 = CARTESIAN_POINT('',(-1.016,-11.43,2.54));
#1212 = VECTOR('',#1213,1.);
#1213 = DIRECTION('',(-0.707106781187,-0.707106781187,0.));
#1214 = ORIENTED_EDGE('',*,*,#1215,.T.);
#1215 = EDGE_CURVE('',#1208,#1216,#1218,.T.);
#1216 = VERTEX_POINT('',#1217);
#1217 = CARTESIAN_POINT('',(-1.27,-13.716,2.54));
#1218 = LINE('',#1219,#1220);
#1219 = CARTESIAN_POINT('',(-1.27,-11.684,2.54));
#1220 = VECTOR('',#1221,1.);
#1221 = DIRECTION('',(0.,-1.,0.));
#1222 = ORIENTED_EDGE('',*,*,#1223,.T.);
#1223 = EDGE_CURVE('',#1216,#1224,#1226,.T.);
#1224 = VERTEX_POINT('',#1225);
#1225 = CARTESIAN_POINT('',(-1.016,-13.97,2.54));
#1226 = LINE('',#1227,#1228);
#1227 = CARTESIAN_POINT('',(-1.27,-13.716,2.54));
#1228 = VECTOR('',#1229,1.);
#1229 = DIRECTION('',(0.707106781187,-0.707106781187,0.));
#1230 = ORIENTED_EDGE('',*,*,#1231,.T.);
#1231 = EDGE_CURVE('',#1224,#1232,#1234,.T.);
#1232 = VERTEX_POINT('',#1233);
#1233 = CARTESIAN_POINT('',(-1.27,-14.224,2.54));
#1234 = LINE('',#1235,#1236);
#1235 = CARTESIAN_POINT('',(-1.016,-13.97,2.54));
#1236 = VECTOR('',#1237,1.);
#1237 = DIRECTION('',(-0.707106781187,-0.707106781187,0.));
#1238 = ORIENTED_EDGE('',*,*,#1239,.T.);
#1239 = EDGE_CURVE('',#1232,#1240,#1242,.T.);
#1240 = VERTEX_POINT('',#1241);
#1241 = CARTESIAN_POINT('',(-1.27,-16.256,2.54));
#1242 = LINE('',#1243,#1244);
#1243 = CARTESIAN_POINT('',(-1.27,-14.224,2.54));
#1244 = VECTOR('',#1245,1.);
#1245 = DIRECTION('',(0.,-1.,0.));
#1246 = ORIENTED_EDGE('',*,*,#1247,.T.);
#1247 = EDGE_CURVE('',#1240,#1248,#1250,.T.);
#1248 = VERTEX_POINT('',#1249);
#1249 = CARTESIAN_POINT('',(-1.016,-16.51,2.54));
#1250 = LINE('',#1251,#1252);
#1251 = CARTESIAN_POINT('',(-1.27,-16.256,2.54));
#1252 = VECTOR('',#1253,1.);
#1253 = DIRECTION('',(0.707106781187,-0.707106781187,0.));
#1254 = ORIENTED_EDGE('',*,*,#1255,.T.);
#1255 = EDGE_CURVE('',#1248,#1256,#1258,.T.);
#1256 = VERTEX_POINT('',#1257);
#1257 = CARTESIAN_POINT('',(1.016,-16.51,2.54));
#1258 = LINE('',#1259,#1260);
#1259 = CARTESIAN_POINT('',(-1.016,-16.51,2.54));
#1260 = VECTOR('',#1261,1.);
#1261 = DIRECTION('',(1.,0.,0.));
#1262 = ORIENTED_EDGE('',*,*,#1263,.T.);
#1263 = EDGE_CURVE('',#1256,#1264,#1266,.T.);
#1264 = VERTEX_POINT('',#1265);
#1265 = CARTESIAN_POINT('',(1.27,-16.256,2.54));
#1266 = LINE('',#1267,#1268);
#1267 = CARTESIAN_POINT('',(1.016,-16.51,2.54));
#1268 = VECTOR('',#1269,1.);
#1269 = DIRECTION('',(0.707106781187,0.707106781187,0.));
#1270 = ORIENTED_EDGE('',*,*,#1271,.T.);
#1271 = EDGE_CURVE('',#1264,#1272,#1274,.T.);
#1272 = VERTEX_POINT('',#1273);
#1273 = CARTESIAN_POINT('',(1.27,-14.224,2.54));
#1274 = LINE('',#1275,#1276);
#1275 = CARTESIAN_POINT('',(1.27,-16.256,2.54));
#1276 = VECTOR('',#1277,1.);
#1277 = DIRECTION('',(0.,1.,0.));
#1278 = ORIENTED_EDGE('',*,*,#1279,.T.);
#1279 = EDGE_CURVE('',#1272,#1280,#1282,.T.);
#1280 = VERTEX_POINT('',#1281);
#1281 = CARTESIAN_POINT('',(1.016,-13.97,2.54));
#1282 = LINE('',#1283,#1284);
#1283 = CARTESIAN_POINT('',(1.27,-14.224,2.54));
#1284 = VECTOR('',#1285,1.);
#1285 = DIRECTION('',(-0.707106781187,0.707106781187,0.));
#1286 = ORIENTED_EDGE('',*,*,#1287,.T.);
#1287 = EDGE_CURVE('',#1280,#1288,#1290,.T.);
#1288 = VERTEX_POINT('',#1289);
#1289 = CARTESIAN_POINT('',(1.27,-13.716,2.54));
#1290 = LINE('',#1291,#1292);
#1291 = CARTESIAN_POINT('',(1.016,-13.97,2.54));
#1292 = VECTOR('',#1293,1.);
#1293 = DIRECTION('',(0.707106781187,0.707106781187,0.));
#1294 = ORIENTED_EDGE('',*,*,#1295,.T.);
#1295 = EDGE_CURVE('',#1288,#1296,#1298,.T.);
#1296 = VERTEX_POINT('',#1297);
#1297 = CARTESIAN_POINT('',(1.27,-11.684,2.54));
#1298 = LINE('',#1299,#1300);
#1299 = CARTESIAN_POINT('',(1.27,-13.716,2.54));
#1300 = VECTOR('',#1301,1.);
#1301 = DIRECTION('',(0.,1.,0.));
#1302 = ORIENTED_EDGE('',*,*,#1303,.T.);
#1303 = EDGE_CURVE('',#1296,#1304,#1306,.T.);
#1304 = VERTEX_POINT('',#1305);
#1305 = CARTESIAN_POINT('',(1.016,-11.43,2.54));
#1306 = LINE('',#1307,#1308);
#1307 = CARTESIAN_POINT('',(1.27,-11.684,2.54));
#1308 = VECTOR('',#1309,1.);
#1309 = DIRECTION('',(-0.707106781187,0.707106781187,0.));
#1310 = ORIENTED_EDGE('',*,*,#1311,.T.);
#1311 = EDGE_CURVE('',#1304,#1312,#1314,.T.);
#1312 = VERTEX_POINT('',#1313);
#1313 = CARTESIAN_POINT('',(1.27,-11.176,2.54));
#1314 = LINE('',#1315,#1316);
#1315 = CARTESIAN_POINT('',(1.016,-11.43,2.54));
#1316 = VECTOR('',#1317,1.);
#1317 = DIRECTION('',(0.707106781187,0.707106781187,0.));
#1318 = ORIENTED_EDGE('',*,*,#1319,.T.);
#1319 = EDGE_CURVE('',#1312,#1320,#1322,.T.);
#1320 = VERTEX_POINT('',#1321);
#1321 = CARTESIAN_POINT('',(1.27,-9.144,2.54));
#1322 = LINE('',#1323,#1324);
#1323 = CARTESIAN_POINT('',(1.27,-11.176,2.54));
#1324 = VECTOR('',#1325,1.);
#1325 = DIRECTION('',(0.,1.,0.));
#1326 = ORIENTED_EDGE('',*,*,#1327,.T.);
#1327 = EDGE_CURVE('',#1320,#1328,#1330,.T.);
#1328 = VERTEX_POINT('',#1329);
#1329 = CARTESIAN_POINT('',(1.016,-8.89,2.54));
#1330 = LINE('',#1331,#1332);
#1331 = CARTESIAN_POINT('',(1.27,-9.144,2.54));
#1332 = VECTOR('',#1333,1.);
#1333 = DIRECTION('',(-0.707106781187,0.707106781187,0.));
#1334 = ORIENTED_EDGE('',*,*,#1335,.T.);
#1335 = EDGE_CURVE('',#1328,#1336,#1338,.T.);
#1336 = VERTEX_POINT('',#1337);
#1337 = CARTESIAN_POINT('',(1.27,-8.636,2.54));
#1338 = LINE('',#1339,#1340);
#1339 = CARTESIAN_POINT('',(1.016,-8.89,2.54));
#1340 = VECTOR('',#1341,1.);
#1341 = DIRECTION('',(0.707106781187,0.707106781187,0.));
#1342 = ORIENTED_EDGE('',*,*,#1343,.T.);
#1343 = EDGE_CURVE('',#1336,#1344,#1346,.T.);
#1344 = VERTEX_POINT('',#1345);
#1345 = CARTESIAN_POINT('',(1.27,-6.604,2.54));
#1346 = LINE('',#1347,#1348);
#1347 = CARTESIAN_POINT('',(1.27,-8.636,2.54));
#1348 = VECTOR('',#1349,1.);
#1349 = DIRECTION('',(0.,1.,0.));
#1350 = ORIENTED_EDGE('',*,*,#1351,.T.);
#1351 = EDGE_CURVE('',#1344,#1352,#1354,.T.);
#1352 = VERTEX_POINT('',#1353);
#1353 = CARTESIAN_POINT('',(1.016,-6.35,2.54));
#1354 = LINE('',#1355,#1356);
#1355 = CARTESIAN_POINT('',(1.27,-6.604,2.54));
#1356 = VECTOR('',#1357,1.);
#1357 = DIRECTION('',(-0.707106781187,0.707106781187,0.));
#1358 = ORIENTED_EDGE('',*,*,#1359,.T.);
#1359 = EDGE_CURVE('',#1352,#1360,#1362,.T.);
#1360 = VERTEX_POINT('',#1361);
#1361 = CARTESIAN_POINT('',(1.27,-6.096,2.54));
#1362 = LINE('',#1363,#1364);
#1363 = CARTESIAN_POINT('',(1.016,-6.35,2.54));
#1364 = VECTOR('',#1365,1.);
#1365 = DIRECTION('',(0.707106781187,0.707106781187,0.));
#1366 = ORIENTED_EDGE('',*,*,#1367,.T.);
#1367 = EDGE_CURVE('',#1360,#1368,#1370,.T.);
#1368 = VERTEX_POINT('',#1369);
#1369 = CARTESIAN_POINT('',(1.27,-4.064,2.54));
#1370 = LINE('',#1371,#1372);
#1371 = CARTESIAN_POINT('',(1.27,-6.096,2.54));
#1372 = VECTOR('',#1373,1.);
#1373 = DIRECTION('',(0.,1.,0.));
#1374 = ORIENTED_EDGE('',*,*,#1375,.T.);
#1375 = EDGE_CURVE('',#1368,#1376,#1378,.T.);
#1376 = VERTEX_POINT('',#1377);
#1377 = CARTESIAN_POINT('',(1.016,-3.81,2.54));
#1378 = LINE('',#1379,#1380);
#1379 = CARTESIAN_POINT('',(1.27,-4.064,2.54));
#1380 = VECTOR('',#1381,1.);
#1381 = DIRECTION('',(-0.707106781187,0.707106781187,0.));
#1382 = ORIENTED_EDGE('',*,*,#1383,.T.);
#1383 = EDGE_CURVE('',#1376,#1384,#1386,.T.);
#1384 = VERTEX_POINT('',#1385);
#1385 = CARTESIAN_POINT('',(1.27,-3.556,2.54));
#1386 = LINE('',#1387,#1388);
#1387 = CARTESIAN_POINT('',(1.016,-3.81,2.54));
#1388 = VECTOR('',#1389,1.);
#1389 = DIRECTION('',(0.707106781187,0.707106781187,0.));
#1390 = ORIENTED_EDGE('',*,*,#1391,.T.);
#1391 = EDGE_CURVE('',#1384,#1392,#1394,.T.);
#1392 = VERTEX_POINT('',#1393);
#1393 = CARTESIAN_POINT('',(1.27,-1.524,2.54));
#1394 = LINE('',#1395,#1396);
#1395 = CARTESIAN_POINT('',(1.27,-3.556,2.54));
#1396 = VECTOR('',#1397,1.);
#1397 = DIRECTION('',(0.,1.,0.));
#1398 = ORIENTED_EDGE('',*,*,#1399,.T.);
#1399 = EDGE_CURVE('',#1392,#1400,#1402,.T.);
#1400 = VERTEX_POINT('',#1401);
#1401 = CARTESIAN_POINT('',(1.016,-1.27,2.54));
#1402 = LINE('',#1403,#1404);
#1403 = CARTESIAN_POINT('',(1.27,-1.524,2.54));
#1404 = VECTOR('',#1405,1.);
#1405 = DIRECTION('',(-0.707106781187,0.707106781187,0.));
#1406 = ORIENTED_EDGE('',*,*,#1407,.T.);
#1407 = EDGE_CURVE('',#1400,#1408,#1410,.T.);
#1408 = VERTEX_POINT('',#1409);
#1409 = CARTESIAN_POINT('',(1.27,-1.016,2.54));
#1410 = LINE('',#1411,#1412);
#1411 = CARTESIAN_POINT('',(1.016,-1.27,2.54));
#1412 = VECTOR('',#1413,1.);
#1413 = DIRECTION('',(0.707106781187,0.707106781187,0.));
#1414 = ORIENTED_EDGE('',*,*,#1415,.T.);
#1415 = EDGE_CURVE('',#1408,#1416,#1418,.T.);
#1416 = VERTEX_POINT('',#1417);
#1417 = CARTESIAN_POINT('',(1.27,1.016,2.54));
#1418 = LINE('',#1419,#1420);
#1419 = CARTESIAN_POINT('',(1.27,-1.016,2.54));
#1420 = VECTOR('',#1421,1.);
#1421 = DIRECTION('',(0.,1.,0.));
#1422 = ORIENTED_EDGE('',*,*,#1423,.T.);
#1423 = EDGE_CURVE('',#1416,#467,#1424,.T.);
#1424 = LINE('',#1425,#1426);
#1425 = CARTESIAN_POINT('',(1.27,1.016,2.54));
#1426 = VECTOR('',#1427,1.);
#1427 = DIRECTION('',(-0.707106781187,0.707106781187,0.));
#1428 = ORIENTED_EDGE('',*,*,#474,.T.);
#1429 = FACE_BOUND('',#1430,.T.);
#1430 = EDGE_LOOP('',(#1431,#1441,#1449,#1457));
#1431 = ORIENTED_EDGE('',*,*,#1432,.F.);
#1432 = EDGE_CURVE('',#1433,#1435,#1437,.T.);
#1433 = VERTEX_POINT('',#1434);
#1434 = CARTESIAN_POINT('',(0.32,-12.38,2.54));
#1435 = VERTEX_POINT('',#1436);
#1436 = CARTESIAN_POINT('',(-0.32,-12.38,2.54));
#1437 = LINE('',#1438,#1439);
#1438 = CARTESIAN_POINT('',(-0.16,-12.38,2.54));
#1439 = VECTOR('',#1440,1.);
#1440 = DIRECTION('',(-1.,0.,0.));
#1441 = ORIENTED_EDGE('',*,*,#1442,.F.);
#1442 = EDGE_CURVE('',#1443,#1433,#1445,.T.);
#1443 = VERTEX_POINT('',#1444);
#1444 = CARTESIAN_POINT('',(0.32,-13.02,2.54));
#1445 = LINE('',#1446,#1447);
#1446 = CARTESIAN_POINT('',(0.32,-10.32,2.54));
#1447 = VECTOR('',#1448,1.);
#1448 = DIRECTION('',(0.,1.,0.));
#1449 = ORIENTED_EDGE('',*,*,#1450,.T.);
#1450 = EDGE_CURVE('',#1443,#1451,#1453,.T.);
#1451 = VERTEX_POINT('',#1452);
#1452 = CARTESIAN_POINT('',(-0.32,-13.02,2.54));
#1453 = LINE('',#1454,#1455);
#1454 = CARTESIAN_POINT('',(-0.16,-13.02,2.54));
#1455 = VECTOR('',#1456,1.);
#1456 = DIRECTION('',(-1.,0.,0.));
#1457 = ORIENTED_EDGE('',*,*,#1458,.T.);
#1458 = EDGE_CURVE('',#1451,#1435,#1459,.T.);
#1459 = LINE('',#1460,#1461);
#1460 = CARTESIAN_POINT('',(-0.32,-10.32,2.54));
#1461 = VECTOR('',#1462,1.);
#1462 = DIRECTION('',(0.,1.,0.));
#1463 = FACE_BOUND('',#1464,.T.);
#1464 = EDGE_LOOP('',(#1465,#1475,#1483,#1491));
#1465 = ORIENTED_EDGE('',*,*,#1466,.F.);
#1466 = EDGE_CURVE('',#1467,#1469,#1471,.T.);
#1467 = VERTEX_POINT('',#1468);
#1468 = CARTESIAN_POINT('',(0.32,-15.56,2.54));
#1469 = VERTEX_POINT('',#1470);
#1470 = CARTESIAN_POINT('',(0.32,-14.92,2.54));
#1471 = LINE('',#1472,#1473);
#1472 = CARTESIAN_POINT('',(0.32,-11.59,2.54));
#1473 = VECTOR('',#1474,1.);
#1474 = DIRECTION('',(0.,1.,0.));
#1475 = ORIENTED_EDGE('',*,*,#1476,.T.);
#1476 = EDGE_CURVE('',#1467,#1477,#1479,.T.);
#1477 = VERTEX_POINT('',#1478);
#1478 = CARTESIAN_POINT('',(-0.32,-15.56,2.54));
#1479 = LINE('',#1480,#1481);
#1480 = CARTESIAN_POINT('',(-0.16,-15.56,2.54));
#1481 = VECTOR('',#1482,1.);
#1482 = DIRECTION('',(-1.,0.,0.));
#1483 = ORIENTED_EDGE('',*,*,#1484,.T.);
#1484 = EDGE_CURVE('',#1477,#1485,#1487,.T.);
#1485 = VERTEX_POINT('',#1486);
#1486 = CARTESIAN_POINT('',(-0.32,-14.92,2.54));
#1487 = LINE('',#1488,#1489);
#1488 = CARTESIAN_POINT('',(-0.32,-11.59,2.54));
#1489 = VECTOR('',#1490,1.);
#1490 = DIRECTION('',(0.,1.,0.));
#1491 = ORIENTED_EDGE('',*,*,#1492,.F.);
#1492 = EDGE_CURVE('',#1469,#1485,#1493,.T.);
#1493 = LINE('',#1494,#1495);
#1494 = CARTESIAN_POINT('',(-0.16,-14.92,2.54));
#1495 = VECTOR('',#1496,1.);
#1496 = DIRECTION('',(-1.,0.,0.));
#1497 = FACE_BOUND('',#1498,.T.);
#1498 = EDGE_LOOP('',(#1499,#1509,#1517,#1525));
#1499 = ORIENTED_EDGE('',*,*,#1500,.F.);
#1500 = EDGE_CURVE('',#1501,#1503,#1505,.T.);
#1501 = VERTEX_POINT('',#1502);
#1502 = CARTESIAN_POINT('',(0.32,-9.84,2.54));
#1503 = VERTEX_POINT('',#1504);
#1504 = CARTESIAN_POINT('',(-0.32,-9.84,2.54));
#1505 = LINE('',#1506,#1507);
#1506 = CARTESIAN_POINT('',(-0.16,-9.84,2.54));
#1507 = VECTOR('',#1508,1.);
#1508 = DIRECTION('',(-1.,0.,0.));
#1509 = ORIENTED_EDGE('',*,*,#1510,.F.);
#1510 = EDGE_CURVE('',#1511,#1501,#1513,.T.);
#1511 = VERTEX_POINT('',#1512);
#1512 = CARTESIAN_POINT('',(0.32,-10.48,2.54));
#1513 = LINE('',#1514,#1515);
#1514 = CARTESIAN_POINT('',(0.32,-9.05,2.54));
#1515 = VECTOR('',#1516,1.);
#1516 = DIRECTION('',(0.,1.,0.));
#1517 = ORIENTED_EDGE('',*,*,#1518,.T.);
#1518 = EDGE_CURVE('',#1511,#1519,#1521,.T.);
#1519 = VERTEX_POINT('',#1520);
#1520 = CARTESIAN_POINT('',(-0.32,-10.48,2.54));
#1521 = LINE('',#1522,#1523);
#1522 = CARTESIAN_POINT('',(-0.16,-10.48,2.54));
#1523 = VECTOR('',#1524,1.);
#1524 = DIRECTION('',(-1.,0.,0.));
#1525 = ORIENTED_EDGE('',*,*,#1526,.T.);
#1526 = EDGE_CURVE('',#1519,#1503,#1527,.T.);
#1527 = LINE('',#1528,#1529);
#1528 = CARTESIAN_POINT('',(-0.32,-9.05,2.54));
#1529 = VECTOR('',#1530,1.);
#1530 = DIRECTION('',(0.,1.,0.));
#1531 = FACE_BOUND('',#1532,.T.);
#1532 = EDGE_LOOP('',(#1533,#1543,#1551,#1559));
#1533 = ORIENTED_EDGE('',*,*,#1534,.F.);
#1534 = EDGE_CURVE('',#1535,#1537,#1539,.T.);
#1535 = VERTEX_POINT('',#1536);
#1536 = CARTESIAN_POINT('',(0.32,-2.86,2.54));
#1537 = VERTEX_POINT('',#1538);
#1538 = CARTESIAN_POINT('',(0.32,-2.22,2.54));
#1539 = LINE('',#1540,#1541);
#1540 = CARTESIAN_POINT('',(0.32,-5.24,2.54));
#1541 = VECTOR('',#1542,1.);
#1542 = DIRECTION('',(0.,1.,0.));
#1543 = ORIENTED_EDGE('',*,*,#1544,.T.);
#1544 = EDGE_CURVE('',#1535,#1545,#1547,.T.);
#1545 = VERTEX_POINT('',#1546);
#1546 = CARTESIAN_POINT('',(-0.32,-2.86,2.54));
#1547 = LINE('',#1548,#1549);
#1548 = CARTESIAN_POINT('',(-0.16,-2.86,2.54));
#1549 = VECTOR('',#1550,1.);
#1550 = DIRECTION('',(-1.,0.,0.));
#1551 = ORIENTED_EDGE('',*,*,#1552,.T.);
#1552 = EDGE_CURVE('',#1545,#1553,#1555,.T.);
#1553 = VERTEX_POINT('',#1554);
#1554 = CARTESIAN_POINT('',(-0.32,-2.22,2.54));
#1555 = LINE('',#1556,#1557);
#1556 = CARTESIAN_POINT('',(-0.32,-5.24,2.54));
#1557 = VECTOR('',#1558,1.);
#1558 = DIRECTION('',(0.,1.,0.));
#1559 = ORIENTED_EDGE('',*,*,#1560,.F.);
#1560 = EDGE_CURVE('',#1537,#1553,#1561,.T.);
#1561 = LINE('',#1562,#1563);
#1562 = CARTESIAN_POINT('',(-0.16,-2.22,2.54));
#1563 = VECTOR('',#1564,1.);
#1564 = DIRECTION('',(-1.,0.,0.));
#1565 = FACE_BOUND('',#1566,.T.);
#1566 = EDGE_LOOP('',(#1567,#1577,#1585,#1593));
#1567 = ORIENTED_EDGE('',*,*,#1568,.T.);
#1568 = EDGE_CURVE('',#1569,#1571,#1573,.T.);
#1569 = VERTEX_POINT('',#1570);
#1570 = CARTESIAN_POINT('',(0.32,-5.4,2.54));
#1571 = VERTEX_POINT('',#1572);
#1572 = CARTESIAN_POINT('',(-0.32,-5.4,2.54));
#1573 = LINE('',#1574,#1575);
#1574 = CARTESIAN_POINT('',(-0.16,-5.4,2.54));
#1575 = VECTOR('',#1576,1.);
#1576 = DIRECTION('',(-1.,0.,0.));
#1577 = ORIENTED_EDGE('',*,*,#1578,.T.);
#1578 = EDGE_CURVE('',#1571,#1579,#1581,.T.);
#1579 = VERTEX_POINT('',#1580);
#1580 = CARTESIAN_POINT('',(-0.32,-4.76,2.54));
#1581 = LINE('',#1582,#1583);
#1582 = CARTESIAN_POINT('',(-0.32,-6.51,2.54));
#1583 = VECTOR('',#1584,1.);
#1584 = DIRECTION('',(0.,1.,0.));
#1585 = ORIENTED_EDGE('',*,*,#1586,.F.);
#1586 = EDGE_CURVE('',#1587,#1579,#1589,.T.);
#1587 = VERTEX_POINT('',#1588);
#1588 = CARTESIAN_POINT('',(0.32,-4.76,2.54));
#1589 = LINE('',#1590,#1591);
#1590 = CARTESIAN_POINT('',(-0.16,-4.76,2.54));
#1591 = VECTOR('',#1592,1.);
#1592 = DIRECTION('',(-1.,0.,0.));
#1593 = ORIENTED_EDGE('',*,*,#1594,.F.);
#1594 = EDGE_CURVE('',#1569,#1587,#1595,.T.);
#1595 = LINE('',#1596,#1597);
#1596 = CARTESIAN_POINT('',(0.32,-6.51,2.54));
#1597 = VECTOR('',#1598,1.);
#1598 = DIRECTION('',(0.,1.,0.));
#1599 = FACE_BOUND('',#1600,.T.);
#1600 = EDGE_LOOP('',(#1601,#1611,#1619,#1627));
#1601 = ORIENTED_EDGE('',*,*,#1602,.F.);
#1602 = EDGE_CURVE('',#1603,#1605,#1607,.T.);
#1603 = VERTEX_POINT('',#1604);
#1604 = CARTESIAN_POINT('',(0.32,-7.94,2.54));
#1605 = VERTEX_POINT('',#1606);
#1606 = CARTESIAN_POINT('',(0.32,-7.3,2.54));
#1607 = LINE('',#1608,#1609);
#1608 = CARTESIAN_POINT('',(0.32,-7.78,2.54));
#1609 = VECTOR('',#1610,1.);
#1610 = DIRECTION('',(0.,1.,0.));
#1611 = ORIENTED_EDGE('',*,*,#1612,.T.);
#1612 = EDGE_CURVE('',#1603,#1613,#1615,.T.);
#1613 = VERTEX_POINT('',#1614);
#1614 = CARTESIAN_POINT('',(-0.32,-7.94,2.54));
#1615 = LINE('',#1616,#1617);
#1616 = CARTESIAN_POINT('',(-0.16,-7.94,2.54));
#1617 = VECTOR('',#1618,1.);
#1618 = DIRECTION('',(-1.,0.,0.));
#1619 = ORIENTED_EDGE('',*,*,#1620,.T.);
#1620 = EDGE_CURVE('',#1613,#1621,#1623,.T.);
#1621 = VERTEX_POINT('',#1622);
#1622 = CARTESIAN_POINT('',(-0.32,-7.3,2.54));
#1623 = LINE('',#1624,#1625);
#1624 = CARTESIAN_POINT('',(-0.32,-7.78,2.54));
#1625 = VECTOR('',#1626,1.);
#1626 = DIRECTION('',(0.,1.,0.));
#1627 = ORIENTED_EDGE('',*,*,#1628,.F.);
#1628 = EDGE_CURVE('',#1605,#1621,#1629,.T.);
#1629 = LINE('',#1630,#1631);
#1630 = CARTESIAN_POINT('',(-0.16,-7.3,2.54));
#1631 = VECTOR('',#1632,1.);
#1632 = DIRECTION('',(-1.,0.,0.));
#1633 = FACE_BOUND('',#1634,.T.);
#1634 = EDGE_LOOP('',(#1635,#1645,#1653,#1661));
#1635 = ORIENTED_EDGE('',*,*,#1636,.T.);
#1636 = EDGE_CURVE('',#1637,#1639,#1641,.T.);
#1637 = VERTEX_POINT('',#1638);
#1638 = CARTESIAN_POINT('',(0.32,-0.32,2.54));
#1639 = VERTEX_POINT('',#1640);
#1640 = CARTESIAN_POINT('',(-0.32,-0.32,2.54));
#1641 = LINE('',#1642,#1643);
#1642 = CARTESIAN_POINT('',(-0.16,-0.32,2.54));
#1643 = VECTOR('',#1644,1.);
#1644 = DIRECTION('',(-1.,0.,0.));
#1645 = ORIENTED_EDGE('',*,*,#1646,.T.);
#1646 = EDGE_CURVE('',#1639,#1647,#1649,.T.);
#1647 = VERTEX_POINT('',#1648);
#1648 = CARTESIAN_POINT('',(-0.32,0.32,2.54));
#1649 = LINE('',#1650,#1651);
#1650 = CARTESIAN_POINT('',(-0.32,-3.97,2.54));
#1651 = VECTOR('',#1652,1.);
#1652 = DIRECTION('',(0.,1.,0.));
#1653 = ORIENTED_EDGE('',*,*,#1654,.F.);
#1654 = EDGE_CURVE('',#1655,#1647,#1657,.T.);
#1655 = VERTEX_POINT('',#1656);
#1656 = CARTESIAN_POINT('',(0.32,0.32,2.54));
#1657 = LINE('',#1658,#1659);
#1658 = CARTESIAN_POINT('',(-0.16,0.32,2.54));
#1659 = VECTOR('',#1660,1.);
#1660 = DIRECTION('',(-1.,0.,0.));
#1661 = ORIENTED_EDGE('',*,*,#1662,.F.);
#1662 = EDGE_CURVE('',#1637,#1655,#1663,.T.);
#1663 = LINE('',#1664,#1665);
#1664 = CARTESIAN_POINT('',(0.32,-3.97,2.54));
#1665 = VECTOR('',#1666,1.);
#1666 = DIRECTION('',(0.,1.,0.));
#1667 = PLANE('',#1668);
#1668 = AXIS2_PLACEMENT_3D('',#1669,#1670,#1671);
#1669 = CARTESIAN_POINT('',(-1.56480052915E-17,-7.62,2.54));
#1670 = DIRECTION('',(0.,0.,1.));
#1671 = DIRECTION('',(1.,0.,-0.));
#1672 = ADVANCED_FACE('',(#1673),#1684,.F.);
#1673 = FACE_BOUND('',#1674,.F.);
#1674 = EDGE_LOOP('',(#1675,#1681,#1682,#1683));
#1675 = ORIENTED_EDGE('',*,*,#1676,.T.);
#1676 = EDGE_CURVE('',#841,#1416,#1677,.T.);
#1677 = LINE('',#1678,#1679);
#1678 = CARTESIAN_POINT('',(1.27,1.016,0.));
#1679 = VECTOR('',#1680,1.);
#1680 = DIRECTION('',(0.,0.,1.));
#1681 = ORIENTED_EDGE('',*,*,#1423,.T.);
#1682 = ORIENTED_EDGE('',*,*,#464,.F.);
#1683 = ORIENTED_EDGE('',*,*,#848,.F.);
#1684 = PLANE('',#1685);
#1685 = AXIS2_PLACEMENT_3D('',#1686,#1687,#1688);
#1686 = CARTESIAN_POINT('',(1.27,1.016,0.));
#1687 = DIRECTION('',(-0.707106781187,-0.707106781187,0.));
#1688 = DIRECTION('',(-0.707106781187,0.707106781187,0.));
#1689 = ADVANCED_FACE('',(#1690),#1701,.F.);
#1690 = FACE_BOUND('',#1691,.F.);
#1691 = EDGE_LOOP('',(#1692,#1693,#1694,#1700));
#1692 = ORIENTED_EDGE('',*,*,#504,.T.);
#1693 = ORIENTED_EDGE('',*,*,#1103,.T.);
#1694 = ORIENTED_EDGE('',*,*,#1695,.F.);
#1695 = EDGE_CURVE('',#529,#1104,#1696,.T.);
#1696 = LINE('',#1697,#1698);
#1697 = CARTESIAN_POINT('',(-1.016,-1.27,0.));
#1698 = VECTOR('',#1699,1.);
#1699 = DIRECTION('',(0.,0.,1.));
#1700 = ORIENTED_EDGE('',*,*,#528,.F.);
#1701 = PLANE('',#1702);
#1702 = AXIS2_PLACEMENT_3D('',#1703,#1704,#1705);
#1703 = CARTESIAN_POINT('',(-1.27,-1.016,0.));
#1704 = DIRECTION('',(0.707106781187,0.707106781187,0.));
#1705 = DIRECTION('',(0.707106781187,-0.707106781187,0.));
#1706 = ADVANCED_FACE('',(#1707),#1718,.F.);
#1707 = FACE_BOUND('',#1708,.F.);
#1708 = EDGE_LOOP('',(#1709,#1715,#1716,#1717));
#1709 = ORIENTED_EDGE('',*,*,#1710,.T.);
#1710 = EDGE_CURVE('',#833,#1408,#1711,.T.);
#1711 = LINE('',#1712,#1713);
#1712 = CARTESIAN_POINT('',(1.27,-1.016,0.));
#1713 = VECTOR('',#1714,1.);
#1714 = DIRECTION('',(0.,0.,1.));
#1715 = ORIENTED_EDGE('',*,*,#1415,.T.);
#1716 = ORIENTED_EDGE('',*,*,#1676,.F.);
#1717 = ORIENTED_EDGE('',*,*,#840,.F.);
#1718 = PLANE('',#1719);
#1719 = AXIS2_PLACEMENT_3D('',#1720,#1721,#1722);
#1720 = CARTESIAN_POINT('',(1.27,-1.016,0.));
#1721 = DIRECTION('',(-1.,0.,0.));
#1722 = DIRECTION('',(0.,1.,0.));
#1723 = ADVANCED_FACE('',(#1724),#1735,.F.);
#1724 = FACE_BOUND('',#1725,.F.);
#1725 = EDGE_LOOP('',(#1726,#1727,#1728,#1734));
#1726 = ORIENTED_EDGE('',*,*,#1695,.T.);
#1727 = ORIENTED_EDGE('',*,*,#1111,.T.);
#1728 = ORIENTED_EDGE('',*,*,#1729,.F.);
#1729 = EDGE_CURVE('',#537,#1112,#1730,.T.);
#1730 = LINE('',#1731,#1732);
#1731 = CARTESIAN_POINT('',(-1.27,-1.524,0.));
#1732 = VECTOR('',#1733,1.);
#1733 = DIRECTION('',(0.,0.,1.));
#1734 = ORIENTED_EDGE('',*,*,#536,.F.);
#1735 = PLANE('',#1736);
#1736 = AXIS2_PLACEMENT_3D('',#1737,#1738,#1739);
#1737 = CARTESIAN_POINT('',(-1.016,-1.27,0.));
#1738 = DIRECTION('',(0.707106781187,-0.707106781187,0.));
#1739 = DIRECTION('',(-0.707106781187,-0.707106781187,0.));
#1740 = ADVANCED_FACE('',(#1741),#1752,.F.);
#1741 = FACE_BOUND('',#1742,.F.);
#1742 = EDGE_LOOP('',(#1743,#1749,#1750,#1751));
#1743 = ORIENTED_EDGE('',*,*,#1744,.T.);
#1744 = EDGE_CURVE('',#825,#1400,#1745,.T.);
#1745 = LINE('',#1746,#1747);
#1746 = CARTESIAN_POINT('',(1.016,-1.27,0.));
#1747 = VECTOR('',#1748,1.);
#1748 = DIRECTION('',(0.,0.,1.));
#1749 = ORIENTED_EDGE('',*,*,#1407,.T.);
#1750 = ORIENTED_EDGE('',*,*,#1710,.F.);
#1751 = ORIENTED_EDGE('',*,*,#832,.F.);
#1752 = PLANE('',#1753);
#1753 = AXIS2_PLACEMENT_3D('',#1754,#1755,#1756);
#1754 = CARTESIAN_POINT('',(1.016,-1.27,0.));
#1755 = DIRECTION('',(-0.707106781187,0.707106781187,0.));
#1756 = DIRECTION('',(0.707106781187,0.707106781187,0.));
#1757 = ADVANCED_FACE('',(#1758),#1769,.F.);
#1758 = FACE_BOUND('',#1759,.F.);
#1759 = EDGE_LOOP('',(#1760,#1761,#1762,#1768));
#1760 = ORIENTED_EDGE('',*,*,#1729,.T.);
#1761 = ORIENTED_EDGE('',*,*,#1119,.T.);
#1762 = ORIENTED_EDGE('',*,*,#1763,.F.);
#1763 = EDGE_CURVE('',#545,#1120,#1764,.T.);
#1764 = LINE('',#1765,#1766);
#1765 = CARTESIAN_POINT('',(-1.27,-3.556,0.));
#1766 = VECTOR('',#1767,1.);
#1767 = DIRECTION('',(0.,0.,1.));
#1768 = ORIENTED_EDGE('',*,*,#544,.F.);
#1769 = PLANE('',#1770);
#1770 = AXIS2_PLACEMENT_3D('',#1771,#1772,#1773);
#1771 = CARTESIAN_POINT('',(-1.27,-1.524,0.));
#1772 = DIRECTION('',(1.,0.,0.));
#1773 = DIRECTION('',(0.,-1.,0.));
#1774 = ADVANCED_FACE('',(#1775),#1786,.F.);
#1775 = FACE_BOUND('',#1776,.F.);
#1776 = EDGE_LOOP('',(#1777,#1783,#1784,#1785));
#1777 = ORIENTED_EDGE('',*,*,#1778,.T.);
#1778 = EDGE_CURVE('',#817,#1392,#1779,.T.);
#1779 = LINE('',#1780,#1781);
#1780 = CARTESIAN_POINT('',(1.27,-1.524,0.));
#1781 = VECTOR('',#1782,1.);
#1782 = DIRECTION('',(0.,0.,1.));
#1783 = ORIENTED_EDGE('',*,*,#1399,.T.);
#1784 = ORIENTED_EDGE('',*,*,#1744,.F.);
#1785 = ORIENTED_EDGE('',*,*,#824,.F.);
#1786 = PLANE('',#1787);
#1787 = AXIS2_PLACEMENT_3D('',#1788,#1789,#1790);
#1788 = CARTESIAN_POINT('',(1.27,-1.524,0.));
#1789 = DIRECTION('',(-0.707106781187,-0.707106781187,0.));
#1790 = DIRECTION('',(-0.707106781187,0.707106781187,0.));
#1791 = ADVANCED_FACE('',(#1792),#1803,.F.);
#1792 = FACE_BOUND('',#1793,.F.);
#1793 = EDGE_LOOP('',(#1794,#1795,#1796,#1802));
#1794 = ORIENTED_EDGE('',*,*,#1763,.T.);
#1795 = ORIENTED_EDGE('',*,*,#1127,.T.);
#1796 = ORIENTED_EDGE('',*,*,#1797,.F.);
#1797 = EDGE_CURVE('',#553,#1128,#1798,.T.);
#1798 = LINE('',#1799,#1800);
#1799 = CARTESIAN_POINT('',(-1.016,-3.81,0.));
#1800 = VECTOR('',#1801,1.);
#1801 = DIRECTION('',(0.,0.,1.));
#1802 = ORIENTED_EDGE('',*,*,#552,.F.);
#1803 = PLANE('',#1804);
#1804 = AXIS2_PLACEMENT_3D('',#1805,#1806,#1807);
#1805 = CARTESIAN_POINT('',(-1.27,-3.556,0.));
#1806 = DIRECTION('',(0.707106781187,0.707106781187,0.));
#1807 = DIRECTION('',(0.707106781187,-0.707106781187,0.));
#1808 = ADVANCED_FACE('',(#1809),#1820,.F.);
#1809 = FACE_BOUND('',#1810,.F.);
#1810 = EDGE_LOOP('',(#1811,#1817,#1818,#1819));
#1811 = ORIENTED_EDGE('',*,*,#1812,.T.);
#1812 = EDGE_CURVE('',#809,#1384,#1813,.T.);
#1813 = LINE('',#1814,#1815);
#1814 = CARTESIAN_POINT('',(1.27,-3.556,0.));
#1815 = VECTOR('',#1816,1.);
#1816 = DIRECTION('',(0.,0.,1.));
#1817 = ORIENTED_EDGE('',*,*,#1391,.T.);
#1818 = ORIENTED_EDGE('',*,*,#1778,.F.);
#1819 = ORIENTED_EDGE('',*,*,#816,.F.);
#1820 = PLANE('',#1821);
#1821 = AXIS2_PLACEMENT_3D('',#1822,#1823,#1824);
#1822 = CARTESIAN_POINT('',(1.27,-3.556,0.));
#1823 = DIRECTION('',(-1.,0.,0.));
#1824 = DIRECTION('',(0.,1.,0.));
#1825 = ADVANCED_FACE('',(#1826),#1837,.F.);
#1826 = FACE_BOUND('',#1827,.F.);
#1827 = EDGE_LOOP('',(#1828,#1829,#1830,#1836));
#1828 = ORIENTED_EDGE('',*,*,#1797,.T.);
#1829 = ORIENTED_EDGE('',*,*,#1135,.T.);
#1830 = ORIENTED_EDGE('',*,*,#1831,.F.);
#1831 = EDGE_CURVE('',#561,#1136,#1832,.T.);
#1832 = LINE('',#1833,#1834);
#1833 = CARTESIAN_POINT('',(-1.27,-4.064,0.));
#1834 = VECTOR('',#1835,1.);
#1835 = DIRECTION('',(0.,0.,1.));
#1836 = ORIENTED_EDGE('',*,*,#560,.F.);
#1837 = PLANE('',#1838);
#1838 = AXIS2_PLACEMENT_3D('',#1839,#1840,#1841);
#1839 = CARTESIAN_POINT('',(-1.016,-3.81,0.));
#1840 = DIRECTION('',(0.707106781187,-0.707106781187,0.));
#1841 = DIRECTION('',(-0.707106781187,-0.707106781187,0.));
#1842 = ADVANCED_FACE('',(#1843),#1854,.F.);
#1843 = FACE_BOUND('',#1844,.F.);
#1844 = EDGE_LOOP('',(#1845,#1851,#1852,#1853));
#1845 = ORIENTED_EDGE('',*,*,#1846,.T.);
#1846 = EDGE_CURVE('',#801,#1376,#1847,.T.);
#1847 = LINE('',#1848,#1849);
#1848 = CARTESIAN_POINT('',(1.016,-3.81,0.));
#1849 = VECTOR('',#1850,1.);
#1850 = DIRECTION('',(0.,0.,1.));
#1851 = ORIENTED_EDGE('',*,*,#1383,.T.);
#1852 = ORIENTED_EDGE('',*,*,#1812,.F.);
#1853 = ORIENTED_EDGE('',*,*,#808,.F.);
#1854 = PLANE('',#1855);
#1855 = AXIS2_PLACEMENT_3D('',#1856,#1857,#1858);
#1856 = CARTESIAN_POINT('',(1.016,-3.81,0.));
#1857 = DIRECTION('',(-0.707106781187,0.707106781187,0.));
#1858 = DIRECTION('',(0.707106781187,0.707106781187,0.));
#1859 = ADVANCED_FACE('',(#1860),#1871,.F.);
#1860 = FACE_BOUND('',#1861,.F.);
#1861 = EDGE_LOOP('',(#1862,#1863,#1864,#1870));
#1862 = ORIENTED_EDGE('',*,*,#1831,.T.);
#1863 = ORIENTED_EDGE('',*,*,#1143,.T.);
#1864 = ORIENTED_EDGE('',*,*,#1865,.F.);
#1865 = EDGE_CURVE('',#569,#1144,#1866,.T.);
#1866 = LINE('',#1867,#1868);
#1867 = CARTESIAN_POINT('',(-1.27,-6.096,0.));
#1868 = VECTOR('',#1869,1.);
#1869 = DIRECTION('',(0.,0.,1.));
#1870 = ORIENTED_EDGE('',*,*,#568,.F.);
#1871 = PLANE('',#1872);
#1872 = AXIS2_PLACEMENT_3D('',#1873,#1874,#1875);
#1873 = CARTESIAN_POINT('',(-1.27,-4.064,0.));
#1874 = DIRECTION('',(1.,0.,0.));
#1875 = DIRECTION('',(0.,-1.,0.));
#1876 = ADVANCED_FACE('',(#1877),#1888,.F.);
#1877 = FACE_BOUND('',#1878,.F.);
#1878 = EDGE_LOOP('',(#1879,#1885,#1886,#1887));
#1879 = ORIENTED_EDGE('',*,*,#1880,.T.);
#1880 = EDGE_CURVE('',#793,#1368,#1881,.T.);
#1881 = LINE('',#1882,#1883);
#1882 = CARTESIAN_POINT('',(1.27,-4.064,0.));
#1883 = VECTOR('',#1884,1.);
#1884 = DIRECTION('',(0.,0.,1.));
#1885 = ORIENTED_EDGE('',*,*,#1375,.T.);
#1886 = ORIENTED_EDGE('',*,*,#1846,.F.);
#1887 = ORIENTED_EDGE('',*,*,#800,.F.);
#1888 = PLANE('',#1889);
#1889 = AXIS2_PLACEMENT_3D('',#1890,#1891,#1892);
#1890 = CARTESIAN_POINT('',(1.27,-4.064,0.));
#1891 = DIRECTION('',(-0.707106781187,-0.707106781187,0.));
#1892 = DIRECTION('',(-0.707106781187,0.707106781187,0.));
#1893 = ADVANCED_FACE('',(#1894),#1905,.F.);
#1894 = FACE_BOUND('',#1895,.F.);
#1895 = EDGE_LOOP('',(#1896,#1897,#1898,#1904));
#1896 = ORIENTED_EDGE('',*,*,#1865,.T.);
#1897 = ORIENTED_EDGE('',*,*,#1151,.T.);
#1898 = ORIENTED_EDGE('',*,*,#1899,.F.);
#1899 = EDGE_CURVE('',#577,#1152,#1900,.T.);
#1900 = LINE('',#1901,#1902);
#1901 = CARTESIAN_POINT('',(-1.016,-6.35,0.));
#1902 = VECTOR('',#1903,1.);
#1903 = DIRECTION('',(0.,0.,1.));
#1904 = ORIENTED_EDGE('',*,*,#576,.F.);
#1905 = PLANE('',#1906);
#1906 = AXIS2_PLACEMENT_3D('',#1907,#1908,#1909);
#1907 = CARTESIAN_POINT('',(-1.27,-6.096,0.));
#1908 = DIRECTION('',(0.707106781187,0.707106781187,0.));
#1909 = DIRECTION('',(0.707106781187,-0.707106781187,0.));
#1910 = ADVANCED_FACE('',(#1911),#1922,.F.);
#1911 = FACE_BOUND('',#1912,.F.);
#1912 = EDGE_LOOP('',(#1913,#1919,#1920,#1921));
#1913 = ORIENTED_EDGE('',*,*,#1914,.T.);
#1914 = EDGE_CURVE('',#785,#1360,#1915,.T.);
#1915 = LINE('',#1916,#1917);
#1916 = CARTESIAN_POINT('',(1.27,-6.096,0.));
#1917 = VECTOR('',#1918,1.);
#1918 = DIRECTION('',(0.,0.,1.));
#1919 = ORIENTED_EDGE('',*,*,#1367,.T.);
#1920 = ORIENTED_EDGE('',*,*,#1880,.F.);
#1921 = ORIENTED_EDGE('',*,*,#792,.F.);
#1922 = PLANE('',#1923);
#1923 = AXIS2_PLACEMENT_3D('',#1924,#1925,#1926);
#1924 = CARTESIAN_POINT('',(1.27,-6.096,0.));
#1925 = DIRECTION('',(-1.,0.,0.));
#1926 = DIRECTION('',(0.,1.,0.));
#1927 = ADVANCED_FACE('',(#1928),#1939,.F.);
#1928 = FACE_BOUND('',#1929,.F.);
#1929 = EDGE_LOOP('',(#1930,#1931,#1932,#1938));
#1930 = ORIENTED_EDGE('',*,*,#1899,.T.);
#1931 = ORIENTED_EDGE('',*,*,#1159,.T.);
#1932 = ORIENTED_EDGE('',*,*,#1933,.F.);
#1933 = EDGE_CURVE('',#585,#1160,#1934,.T.);
#1934 = LINE('',#1935,#1936);
#1935 = CARTESIAN_POINT('',(-1.27,-6.604,0.));
#1936 = VECTOR('',#1937,1.);
#1937 = DIRECTION('',(0.,0.,1.));
#1938 = ORIENTED_EDGE('',*,*,#584,.F.);
#1939 = PLANE('',#1940);
#1940 = AXIS2_PLACEMENT_3D('',#1941,#1942,#1943);
#1941 = CARTESIAN_POINT('',(-1.016,-6.35,0.));
#1942 = DIRECTION('',(0.707106781187,-0.707106781187,0.));
#1943 = DIRECTION('',(-0.707106781187,-0.707106781187,0.));
#1944 = ADVANCED_FACE('',(#1945),#1956,.F.);
#1945 = FACE_BOUND('',#1946,.F.);
#1946 = EDGE_LOOP('',(#1947,#1953,#1954,#1955));
#1947 = ORIENTED_EDGE('',*,*,#1948,.T.);
#1948 = EDGE_CURVE('',#777,#1352,#1949,.T.);
#1949 = LINE('',#1950,#1951);
#1950 = CARTESIAN_POINT('',(1.016,-6.35,0.));
#1951 = VECTOR('',#1952,1.);
#1952 = DIRECTION('',(0.,0.,1.));
#1953 = ORIENTED_EDGE('',*,*,#1359,.T.);
#1954 = ORIENTED_EDGE('',*,*,#1914,.F.);
#1955 = ORIENTED_EDGE('',*,*,#784,.F.);
#1956 = PLANE('',#1957);
#1957 = AXIS2_PLACEMENT_3D('',#1958,#1959,#1960);
#1958 = CARTESIAN_POINT('',(1.016,-6.35,0.));
#1959 = DIRECTION('',(-0.707106781187,0.707106781187,0.));
#1960 = DIRECTION('',(0.707106781187,0.707106781187,0.));
#1961 = ADVANCED_FACE('',(#1962),#1973,.F.);
#1962 = FACE_BOUND('',#1963,.F.);
#1963 = EDGE_LOOP('',(#1964,#1965,#1966,#1972));
#1964 = ORIENTED_EDGE('',*,*,#1933,.T.);
#1965 = ORIENTED_EDGE('',*,*,#1167,.T.);
#1966 = ORIENTED_EDGE('',*,*,#1967,.F.);
#1967 = EDGE_CURVE('',#593,#1168,#1968,.T.);
#1968 = LINE('',#1969,#1970);
#1969 = CARTESIAN_POINT('',(-1.27,-8.636,0.));
#1970 = VECTOR('',#1971,1.);
#1971 = DIRECTION('',(0.,0.,1.));
#1972 = ORIENTED_EDGE('',*,*,#592,.F.);
#1973 = PLANE('',#1974);
#1974 = AXIS2_PLACEMENT_3D('',#1975,#1976,#1977);
#1975 = CARTESIAN_POINT('',(-1.27,-6.604,0.));
#1976 = DIRECTION('',(1.,0.,0.));
#1977 = DIRECTION('',(0.,-1.,0.));
#1978 = ADVANCED_FACE('',(#1979),#1990,.F.);
#1979 = FACE_BOUND('',#1980,.F.);
#1980 = EDGE_LOOP('',(#1981,#1987,#1988,#1989));
#1981 = ORIENTED_EDGE('',*,*,#1982,.T.);
#1982 = EDGE_CURVE('',#769,#1344,#1983,.T.);
#1983 = LINE('',#1984,#1985);
#1984 = CARTESIAN_POINT('',(1.27,-6.604,0.));
#1985 = VECTOR('',#1986,1.);
#1986 = DIRECTION('',(0.,0.,1.));
#1987 = ORIENTED_EDGE('',*,*,#1351,.T.);
#1988 = ORIENTED_EDGE('',*,*,#1948,.F.);
#1989 = ORIENTED_EDGE('',*,*,#776,.F.);
#1990 = PLANE('',#1991);
#1991 = AXIS2_PLACEMENT_3D('',#1992,#1993,#1994);
#1992 = CARTESIAN_POINT('',(1.27,-6.604,0.));
#1993 = DIRECTION('',(-0.707106781187,-0.707106781187,0.));
#1994 = DIRECTION('',(-0.707106781187,0.707106781187,0.));
#1995 = ADVANCED_FACE('',(#1996),#2007,.F.);
#1996 = FACE_BOUND('',#1997,.F.);
#1997 = EDGE_LOOP('',(#1998,#1999,#2000,#2006));
#1998 = ORIENTED_EDGE('',*,*,#1967,.T.);
#1999 = ORIENTED_EDGE('',*,*,#1175,.T.);
#2000 = ORIENTED_EDGE('',*,*,#2001,.F.);
#2001 = EDGE_CURVE('',#601,#1176,#2002,.T.);
#2002 = LINE('',#2003,#2004);
#2003 = CARTESIAN_POINT('',(-1.016,-8.89,0.));
#2004 = VECTOR('',#2005,1.);
#2005 = DIRECTION('',(0.,0.,1.));
#2006 = ORIENTED_EDGE('',*,*,#600,.F.);
#2007 = PLANE('',#2008);
#2008 = AXIS2_PLACEMENT_3D('',#2009,#2010,#2011);
#2009 = CARTESIAN_POINT('',(-1.27,-8.636,0.));
#2010 = DIRECTION('',(0.707106781187,0.707106781187,0.));
#2011 = DIRECTION('',(0.707106781187,-0.707106781187,0.));
#2012 = ADVANCED_FACE('',(#2013),#2024,.F.);
#2013 = FACE_BOUND('',#2014,.F.);
#2014 = EDGE_LOOP('',(#2015,#2021,#2022,#2023));
#2015 = ORIENTED_EDGE('',*,*,#2016,.T.);
#2016 = EDGE_CURVE('',#761,#1336,#2017,.T.);
#2017 = LINE('',#2018,#2019);
#2018 = CARTESIAN_POINT('',(1.27,-8.636,0.));
#2019 = VECTOR('',#2020,1.);
#2020 = DIRECTION('',(0.,0.,1.));
#2021 = ORIENTED_EDGE('',*,*,#1343,.T.);
#2022 = ORIENTED_EDGE('',*,*,#1982,.F.);
#2023 = ORIENTED_EDGE('',*,*,#768,.F.);
#2024 = PLANE('',#2025);
#2025 = AXIS2_PLACEMENT_3D('',#2026,#2027,#2028);
#2026 = CARTESIAN_POINT('',(1.27,-8.636,0.));
#2027 = DIRECTION('',(-1.,0.,0.));
#2028 = DIRECTION('',(0.,1.,0.));
#2029 = ADVANCED_FACE('',(#2030),#2041,.F.);
#2030 = FACE_BOUND('',#2031,.F.);
#2031 = EDGE_LOOP('',(#2032,#2033,#2034,#2040));
#2032 = ORIENTED_EDGE('',*,*,#2001,.T.);
#2033 = ORIENTED_EDGE('',*,*,#1183,.T.);
#2034 = ORIENTED_EDGE('',*,*,#2035,.F.);
#2035 = EDGE_CURVE('',#609,#1184,#2036,.T.);
#2036 = LINE('',#2037,#2038);
#2037 = CARTESIAN_POINT('',(-1.27,-9.144,0.));
#2038 = VECTOR('',#2039,1.);
#2039 = DIRECTION('',(0.,0.,1.));
#2040 = ORIENTED_EDGE('',*,*,#608,.F.);
#2041 = PLANE('',#2042);
#2042 = AXIS2_PLACEMENT_3D('',#2043,#2044,#2045);
#2043 = CARTESIAN_POINT('',(-1.016,-8.89,0.));
#2044 = DIRECTION('',(0.707106781187,-0.707106781187,0.));
#2045 = DIRECTION('',(-0.707106781187,-0.707106781187,0.));
#2046 = ADVANCED_FACE('',(#2047),#2058,.F.);
#2047 = FACE_BOUND('',#2048,.F.);
#2048 = EDGE_LOOP('',(#2049,#2055,#2056,#2057));
#2049 = ORIENTED_EDGE('',*,*,#2050,.T.);
#2050 = EDGE_CURVE('',#753,#1328,#2051,.T.);
#2051 = LINE('',#2052,#2053);
#2052 = CARTESIAN_POINT('',(1.016,-8.89,0.));
#2053 = VECTOR('',#2054,1.);
#2054 = DIRECTION('',(0.,0.,1.));
#2055 = ORIENTED_EDGE('',*,*,#1335,.T.);
#2056 = ORIENTED_EDGE('',*,*,#2016,.F.);
#2057 = ORIENTED_EDGE('',*,*,#760,.F.);
#2058 = PLANE('',#2059);
#2059 = AXIS2_PLACEMENT_3D('',#2060,#2061,#2062);
#2060 = CARTESIAN_POINT('',(1.016,-8.89,0.));
#2061 = DIRECTION('',(-0.707106781187,0.707106781187,0.));
#2062 = DIRECTION('',(0.707106781187,0.707106781187,0.));
#2063 = ADVANCED_FACE('',(#2064),#2075,.F.);
#2064 = FACE_BOUND('',#2065,.F.);
#2065 = EDGE_LOOP('',(#2066,#2067,#2068,#2074));
#2066 = ORIENTED_EDGE('',*,*,#2035,.T.);
#2067 = ORIENTED_EDGE('',*,*,#1191,.T.);
#2068 = ORIENTED_EDGE('',*,*,#2069,.F.);
#2069 = EDGE_CURVE('',#617,#1192,#2070,.T.);
#2070 = LINE('',#2071,#2072);
#2071 = CARTESIAN_POINT('',(-1.27,-11.176,0.));
#2072 = VECTOR('',#2073,1.);
#2073 = DIRECTION('',(0.,0.,1.));
#2074 = ORIENTED_EDGE('',*,*,#616,.F.);
#2075 = PLANE('',#2076);
#2076 = AXIS2_PLACEMENT_3D('',#2077,#2078,#2079);
#2077 = CARTESIAN_POINT('',(-1.27,-9.144,0.));
#2078 = DIRECTION('',(1.,0.,0.));
#2079 = DIRECTION('',(0.,-1.,0.));
#2080 = ADVANCED_FACE('',(#2081),#2092,.F.);
#2081 = FACE_BOUND('',#2082,.F.);
#2082 = EDGE_LOOP('',(#2083,#2089,#2090,#2091));
#2083 = ORIENTED_EDGE('',*,*,#2084,.T.);
#2084 = EDGE_CURVE('',#745,#1320,#2085,.T.);
#2085 = LINE('',#2086,#2087);
#2086 = CARTESIAN_POINT('',(1.27,-9.144,0.));
#2087 = VECTOR('',#2088,1.);
#2088 = DIRECTION('',(0.,0.,1.));
#2089 = ORIENTED_EDGE('',*,*,#1327,.T.);
#2090 = ORIENTED_EDGE('',*,*,#2050,.F.);
#2091 = ORIENTED_EDGE('',*,*,#752,.F.);
#2092 = PLANE('',#2093);
#2093 = AXIS2_PLACEMENT_3D('',#2094,#2095,#2096);
#2094 = CARTESIAN_POINT('',(1.27,-9.144,0.));
#2095 = DIRECTION('',(-0.707106781187,-0.707106781187,0.));
#2096 = DIRECTION('',(-0.707106781187,0.707106781187,0.));
#2097 = ADVANCED_FACE('',(#2098),#2109,.F.);
#2098 = FACE_BOUND('',#2099,.F.);
#2099 = EDGE_LOOP('',(#2100,#2101,#2102,#2108));
#2100 = ORIENTED_EDGE('',*,*,#2069,.T.);
#2101 = ORIENTED_EDGE('',*,*,#1199,.T.);
#2102 = ORIENTED_EDGE('',*,*,#2103,.F.);
#2103 = EDGE_CURVE('',#625,#1200,#2104,.T.);
#2104 = LINE('',#2105,#2106);
#2105 = CARTESIAN_POINT('',(-1.016,-11.43,0.));
#2106 = VECTOR('',#2107,1.);
#2107 = DIRECTION('',(0.,0.,1.));
#2108 = ORIENTED_EDGE('',*,*,#624,.F.);
#2109 = PLANE('',#2110);
#2110 = AXIS2_PLACEMENT_3D('',#2111,#2112,#2113);
#2111 = CARTESIAN_POINT('',(-1.27,-11.176,0.));
#2112 = DIRECTION('',(0.707106781187,0.707106781187,0.));
#2113 = DIRECTION('',(0.707106781187,-0.707106781187,0.));
#2114 = ADVANCED_FACE('',(#2115),#2126,.F.);
#2115 = FACE_BOUND('',#2116,.F.);
#2116 = EDGE_LOOP('',(#2117,#2123,#2124,#2125));
#2117 = ORIENTED_EDGE('',*,*,#2118,.T.);
#2118 = EDGE_CURVE('',#737,#1312,#2119,.T.);
#2119 = LINE('',#2120,#2121);
#2120 = CARTESIAN_POINT('',(1.27,-11.176,0.));
#2121 = VECTOR('',#2122,1.);
#2122 = DIRECTION('',(0.,0.,1.));
#2123 = ORIENTED_EDGE('',*,*,#1319,.T.);
#2124 = ORIENTED_EDGE('',*,*,#2084,.F.);
#2125 = ORIENTED_EDGE('',*,*,#744,.F.);
#2126 = PLANE('',#2127);
#2127 = AXIS2_PLACEMENT_3D('',#2128,#2129,#2130);
#2128 = CARTESIAN_POINT('',(1.27,-11.176,0.));
#2129 = DIRECTION('',(-1.,0.,0.));
#2130 = DIRECTION('',(0.,1.,0.));
#2131 = ADVANCED_FACE('',(#2132),#2143,.F.);
#2132 = FACE_BOUND('',#2133,.F.);
#2133 = EDGE_LOOP('',(#2134,#2135,#2136,#2142));
#2134 = ORIENTED_EDGE('',*,*,#2103,.T.);
#2135 = ORIENTED_EDGE('',*,*,#1207,.T.);
#2136 = ORIENTED_EDGE('',*,*,#2137,.F.);
#2137 = EDGE_CURVE('',#633,#1208,#2138,.T.);
#2138 = LINE('',#2139,#2140);
#2139 = CARTESIAN_POINT('',(-1.27,-11.684,0.));
#2140 = VECTOR('',#2141,1.);
#2141 = DIRECTION('',(0.,0.,1.));
#2142 = ORIENTED_EDGE('',*,*,#632,.F.);
#2143 = PLANE('',#2144);
#2144 = AXIS2_PLACEMENT_3D('',#2145,#2146,#2147);
#2145 = CARTESIAN_POINT('',(-1.016,-11.43,0.));
#2146 = DIRECTION('',(0.707106781187,-0.707106781187,0.));
#2147 = DIRECTION('',(-0.707106781187,-0.707106781187,0.));
#2148 = ADVANCED_FACE('',(#2149),#2160,.F.);
#2149 = FACE_BOUND('',#2150,.F.);
#2150 = EDGE_LOOP('',(#2151,#2157,#2158,#2159));
#2151 = ORIENTED_EDGE('',*,*,#2152,.T.);
#2152 = EDGE_CURVE('',#729,#1304,#2153,.T.);
#2153 = LINE('',#2154,#2155);
#2154 = CARTESIAN_POINT('',(1.016,-11.43,0.));
#2155 = VECTOR('',#2156,1.);
#2156 = DIRECTION('',(0.,0.,1.));
#2157 = ORIENTED_EDGE('',*,*,#1311,.T.);
#2158 = ORIENTED_EDGE('',*,*,#2118,.F.);
#2159 = ORIENTED_EDGE('',*,*,#736,.F.);
#2160 = PLANE('',#2161);
#2161 = AXIS2_PLACEMENT_3D('',#2162,#2163,#2164);
#2162 = CARTESIAN_POINT('',(1.016,-11.43,0.));
#2163 = DIRECTION('',(-0.707106781187,0.707106781187,0.));
#2164 = DIRECTION('',(0.707106781187,0.707106781187,0.));
#2165 = ADVANCED_FACE('',(#2166),#2177,.F.);
#2166 = FACE_BOUND('',#2167,.F.);
#2167 = EDGE_LOOP('',(#2168,#2169,#2170,#2176));
#2168 = ORIENTED_EDGE('',*,*,#2137,.T.);
#2169 = ORIENTED_EDGE('',*,*,#1215,.T.);
#2170 = ORIENTED_EDGE('',*,*,#2171,.F.);
#2171 = EDGE_CURVE('',#641,#1216,#2172,.T.);
#2172 = LINE('',#2173,#2174);
#2173 = CARTESIAN_POINT('',(-1.27,-13.716,0.));
#2174 = VECTOR('',#2175,1.);
#2175 = DIRECTION('',(0.,0.,1.));
#2176 = ORIENTED_EDGE('',*,*,#640,.F.);
#2177 = PLANE('',#2178);
#2178 = AXIS2_PLACEMENT_3D('',#2179,#2180,#2181);
#2179 = CARTESIAN_POINT('',(-1.27,-11.684,0.));
#2180 = DIRECTION('',(1.,0.,0.));
#2181 = DIRECTION('',(0.,-1.,0.));
#2182 = ADVANCED_FACE('',(#2183),#2194,.F.);
#2183 = FACE_BOUND('',#2184,.F.);
#2184 = EDGE_LOOP('',(#2185,#2191,#2192,#2193));
#2185 = ORIENTED_EDGE('',*,*,#2186,.T.);
#2186 = EDGE_CURVE('',#721,#1296,#2187,.T.);
#2187 = LINE('',#2188,#2189);
#2188 = CARTESIAN_POINT('',(1.27,-11.684,0.));
#2189 = VECTOR('',#2190,1.);
#2190 = DIRECTION('',(0.,0.,1.));
#2191 = ORIENTED_EDGE('',*,*,#1303,.T.);
#2192 = ORIENTED_EDGE('',*,*,#2152,.F.);
#2193 = ORIENTED_EDGE('',*,*,#728,.F.);
#2194 = PLANE('',#2195);
#2195 = AXIS2_PLACEMENT_3D('',#2196,#2197,#2198);
#2196 = CARTESIAN_POINT('',(1.27,-11.684,0.));
#2197 = DIRECTION('',(-0.707106781187,-0.707106781187,0.));
#2198 = DIRECTION('',(-0.707106781187,0.707106781187,0.));
#2199 = ADVANCED_FACE('',(#2200),#2211,.F.);
#2200 = FACE_BOUND('',#2201,.F.);
#2201 = EDGE_LOOP('',(#2202,#2203,#2204,#2210));
#2202 = ORIENTED_EDGE('',*,*,#2171,.T.);
#2203 = ORIENTED_EDGE('',*,*,#1223,.T.);
#2204 = ORIENTED_EDGE('',*,*,#2205,.F.);
#2205 = EDGE_CURVE('',#649,#1224,#2206,.T.);
#2206 = LINE('',#2207,#2208);
#2207 = CARTESIAN_POINT('',(-1.016,-13.97,0.));
#2208 = VECTOR('',#2209,1.);
#2209 = DIRECTION('',(0.,0.,1.));
#2210 = ORIENTED_EDGE('',*,*,#648,.F.);
#2211 = PLANE('',#2212);
#2212 = AXIS2_PLACEMENT_3D('',#2213,#2214,#2215);
#2213 = CARTESIAN_POINT('',(-1.27,-13.716,0.));
#2214 = DIRECTION('',(0.707106781187,0.707106781187,0.));
#2215 = DIRECTION('',(0.707106781187,-0.707106781187,0.));
#2216 = ADVANCED_FACE('',(#2217),#2228,.F.);
#2217 = FACE_BOUND('',#2218,.F.);
#2218 = EDGE_LOOP('',(#2219,#2225,#2226,#2227));
#2219 = ORIENTED_EDGE('',*,*,#2220,.T.);
#2220 = EDGE_CURVE('',#713,#1288,#2221,.T.);
#2221 = LINE('',#2222,#2223);
#2222 = CARTESIAN_POINT('',(1.27,-13.716,0.));
#2223 = VECTOR('',#2224,1.);
#2224 = DIRECTION('',(0.,0.,1.));
#2225 = ORIENTED_EDGE('',*,*,#1295,.T.);
#2226 = ORIENTED_EDGE('',*,*,#2186,.F.);
#2227 = ORIENTED_EDGE('',*,*,#720,.F.);
#2228 = PLANE('',#2229);
#2229 = AXIS2_PLACEMENT_3D('',#2230,#2231,#2232);
#2230 = CARTESIAN_POINT('',(1.27,-13.716,0.));
#2231 = DIRECTION('',(-1.,0.,0.));
#2232 = DIRECTION('',(0.,1.,0.));
#2233 = ADVANCED_FACE('',(#2234),#2245,.F.);
#2234 = FACE_BOUND('',#2235,.F.);
#2235 = EDGE_LOOP('',(#2236,#2237,#2238,#2244));
#2236 = ORIENTED_EDGE('',*,*,#2205,.T.);
#2237 = ORIENTED_EDGE('',*,*,#1231,.T.);
#2238 = ORIENTED_EDGE('',*,*,#2239,.F.);
#2239 = EDGE_CURVE('',#657,#1232,#2240,.T.);
#2240 = LINE('',#2241,#2242);
#2241 = CARTESIAN_POINT('',(-1.27,-14.224,0.));
#2242 = VECTOR('',#2243,1.);
#2243 = DIRECTION('',(0.,0.,1.));
#2244 = ORIENTED_EDGE('',*,*,#656,.F.);
#2245 = PLANE('',#2246);
#2246 = AXIS2_PLACEMENT_3D('',#2247,#2248,#2249);
#2247 = CARTESIAN_POINT('',(-1.016,-13.97,0.));
#2248 = DIRECTION('',(0.707106781187,-0.707106781187,0.));
#2249 = DIRECTION('',(-0.707106781187,-0.707106781187,0.));
#2250 = ADVANCED_FACE('',(#2251),#2262,.F.);
#2251 = FACE_BOUND('',#2252,.F.);
#2252 = EDGE_LOOP('',(#2253,#2259,#2260,#2261));
#2253 = ORIENTED_EDGE('',*,*,#2254,.T.);
#2254 = EDGE_CURVE('',#705,#1280,#2255,.T.);
#2255 = LINE('',#2256,#2257);
#2256 = CARTESIAN_POINT('',(1.016,-13.97,0.));
#2257 = VECTOR('',#2258,1.);
#2258 = DIRECTION('',(0.,0.,1.));
#2259 = ORIENTED_EDGE('',*,*,#1287,.T.);
#2260 = ORIENTED_EDGE('',*,*,#2220,.F.);
#2261 = ORIENTED_EDGE('',*,*,#712,.F.);
#2262 = PLANE('',#2263);
#2263 = AXIS2_PLACEMENT_3D('',#2264,#2265,#2266);
#2264 = CARTESIAN_POINT('',(1.016,-13.97,0.));
#2265 = DIRECTION('',(-0.707106781187,0.707106781187,0.));
#2266 = DIRECTION('',(0.707106781187,0.707106781187,0.));
#2267 = ADVANCED_FACE('',(#2268),#2279,.F.);
#2268 = FACE_BOUND('',#2269,.F.);
#2269 = EDGE_LOOP('',(#2270,#2271,#2272,#2278));
#2270 = ORIENTED_EDGE('',*,*,#2239,.T.);
#2271 = ORIENTED_EDGE('',*,*,#1239,.T.);
#2272 = ORIENTED_EDGE('',*,*,#2273,.F.);
#2273 = EDGE_CURVE('',#665,#1240,#2274,.T.);
#2274 = LINE('',#2275,#2276);
#2275 = CARTESIAN_POINT('',(-1.27,-16.256,0.));
#2276 = VECTOR('',#2277,1.);
#2277 = DIRECTION('',(0.,0.,1.));
#2278 = ORIENTED_EDGE('',*,*,#664,.F.);
#2279 = PLANE('',#2280);
#2280 = AXIS2_PLACEMENT_3D('',#2281,#2282,#2283);
#2281 = CARTESIAN_POINT('',(-1.27,-14.224,0.));
#2282 = DIRECTION('',(1.,0.,0.));
#2283 = DIRECTION('',(0.,-1.,0.));
#2284 = ADVANCED_FACE('',(#2285),#2296,.F.);
#2285 = FACE_BOUND('',#2286,.F.);
#2286 = EDGE_LOOP('',(#2287,#2293,#2294,#2295));
#2287 = ORIENTED_EDGE('',*,*,#2288,.T.);
#2288 = EDGE_CURVE('',#697,#1272,#2289,.T.);
#2289 = LINE('',#2290,#2291);
#2290 = CARTESIAN_POINT('',(1.27,-14.224,0.));
#2291 = VECTOR('',#2292,1.);
#2292 = DIRECTION('',(0.,0.,1.));
#2293 = ORIENTED_EDGE('',*,*,#1279,.T.);
#2294 = ORIENTED_EDGE('',*,*,#2254,.F.);
#2295 = ORIENTED_EDGE('',*,*,#704,.F.);
#2296 = PLANE('',#2297);
#2297 = AXIS2_PLACEMENT_3D('',#2298,#2299,#2300);
#2298 = CARTESIAN_POINT('',(1.27,-14.224,0.));
#2299 = DIRECTION('',(-0.707106781187,-0.707106781187,0.));
#2300 = DIRECTION('',(-0.707106781187,0.707106781187,0.));
#2301 = ADVANCED_FACE('',(#2302),#2313,.F.);
#2302 = FACE_BOUND('',#2303,.F.);
#2303 = EDGE_LOOP('',(#2304,#2305,#2306,#2312));
#2304 = ORIENTED_EDGE('',*,*,#2273,.T.);
#2305 = ORIENTED_EDGE('',*,*,#1247,.T.);
#2306 = ORIENTED_EDGE('',*,*,#2307,.F.);
#2307 = EDGE_CURVE('',#673,#1248,#2308,.T.);
#2308 = LINE('',#2309,#2310);
#2309 = CARTESIAN_POINT('',(-1.016,-16.51,0.));
#2310 = VECTOR('',#2311,1.);
#2311 = DIRECTION('',(0.,0.,1.));
#2312 = ORIENTED_EDGE('',*,*,#672,.F.);
#2313 = PLANE('',#2314);
#2314 = AXIS2_PLACEMENT_3D('',#2315,#2316,#2317);
#2315 = CARTESIAN_POINT('',(-1.27,-16.256,0.));
#2316 = DIRECTION('',(0.707106781187,0.707106781187,0.));
#2317 = DIRECTION('',(0.707106781187,-0.707106781187,0.));
#2318 = ADVANCED_FACE('',(#2319),#2330,.F.);
#2319 = FACE_BOUND('',#2320,.F.);
#2320 = EDGE_LOOP('',(#2321,#2327,#2328,#2329));
#2321 = ORIENTED_EDGE('',*,*,#2322,.T.);
#2322 = EDGE_CURVE('',#689,#1264,#2323,.T.);
#2323 = LINE('',#2324,#2325);
#2324 = CARTESIAN_POINT('',(1.27,-16.256,0.));
#2325 = VECTOR('',#2326,1.);
#2326 = DIRECTION('',(0.,0.,1.));
#2327 = ORIENTED_EDGE('',*,*,#1271,.T.);
#2328 = ORIENTED_EDGE('',*,*,#2288,.F.);
#2329 = ORIENTED_EDGE('',*,*,#696,.F.);
#2330 = PLANE('',#2331);
#2331 = AXIS2_PLACEMENT_3D('',#2332,#2333,#2334);
#2332 = CARTESIAN_POINT('',(1.27,-16.256,0.));
#2333 = DIRECTION('',(-1.,0.,0.));
#2334 = DIRECTION('',(0.,1.,0.));
#2335 = ADVANCED_FACE('',(#2336),#2347,.F.);
#2336 = FACE_BOUND('',#2337,.F.);
#2337 = EDGE_LOOP('',(#2338,#2339,#2340,#2346));
#2338 = ORIENTED_EDGE('',*,*,#2307,.T.);
#2339 = ORIENTED_EDGE('',*,*,#1255,.T.);
#2340 = ORIENTED_EDGE('',*,*,#2341,.F.);
#2341 = EDGE_CURVE('',#681,#1256,#2342,.T.);
#2342 = LINE('',#2343,#2344);
#2343 = CARTESIAN_POINT('',(1.016,-16.51,0.));
#2344 = VECTOR('',#2345,1.);
#2345 = DIRECTION('',(0.,0.,1.));
#2346 = ORIENTED_EDGE('',*,*,#680,.F.);
#2347 = PLANE('',#2348);
#2348 = AXIS2_PLACEMENT_3D('',#2349,#2350,#2351);
#2349 = CARTESIAN_POINT('',(-1.016,-16.51,0.));
#2350 = DIRECTION('',(0.,1.,0.));
#2351 = DIRECTION('',(1.,0.,0.));
#2352 = ADVANCED_FACE('',(#2353),#2359,.F.);
#2353 = FACE_BOUND('',#2354,.F.);
#2354 = EDGE_LOOP('',(#2355,#2356,#2357,#2358));
#2355 = ORIENTED_EDGE('',*,*,#2341,.T.);
#2356 = ORIENTED_EDGE('',*,*,#1263,.T.);
#2357 = ORIENTED_EDGE('',*,*,#2322,.F.);
#2358 = ORIENTED_EDGE('',*,*,#688,.F.);
#2359 = PLANE('',#2360);
#2360 = AXIS2_PLACEMENT_3D('',#2361,#2362,#2363);
#2361 = CARTESIAN_POINT('',(1.016,-16.51,0.));
#2362 = DIRECTION('',(-0.707106781187,0.707106781187,0.));
#2363 = DIRECTION('',(0.707106781187,0.707106781187,0.));
#2364 = ADVANCED_FACE('',(#2365),#2390,.T.);
#2365 = FACE_BOUND('',#2366,.T.);
#2366 = EDGE_LOOP('',(#2367,#2375,#2383,#2389));
#2367 = ORIENTED_EDGE('',*,*,#2368,.F.);
#2368 = EDGE_CURVE('',#2369,#858,#2371,.T.);
#2369 = VERTEX_POINT('',#2370);
#2370 = CARTESIAN_POINT('',(0.32,-12.38,-2.84));
#2371 = LINE('',#2372,#2373);
#2372 = CARTESIAN_POINT('',(0.32,-12.38,-3.));
#2373 = VECTOR('',#2374,1.);
#2374 = DIRECTION('',(0.,0.,1.));
#2375 = ORIENTED_EDGE('',*,*,#2376,.F.);
#2376 = EDGE_CURVE('',#2377,#2369,#2379,.T.);
#2377 = VERTEX_POINT('',#2378);
#2378 = CARTESIAN_POINT('',(-0.32,-12.38,-2.84));
#2379 = LINE('',#2380,#2381);
#2380 = CARTESIAN_POINT('',(-0.32,-12.38,-2.84));
#2381 = VECTOR('',#2382,1.);
#2382 = DIRECTION('',(1.,0.,0.));
#2383 = ORIENTED_EDGE('',*,*,#2384,.T.);
#2384 = EDGE_CURVE('',#2377,#860,#2385,.T.);
#2385 = LINE('',#2386,#2387);
#2386 = CARTESIAN_POINT('',(-0.32,-12.38,-3.));
#2387 = VECTOR('',#2388,1.);
#2388 = DIRECTION('',(0.,0.,1.));
#2389 = ORIENTED_EDGE('',*,*,#857,.F.);
#2390 = PLANE('',#2391);
#2391 = AXIS2_PLACEMENT_3D('',#2392,#2393,#2394);
#2392 = CARTESIAN_POINT('',(-0.32,-12.38,-3.));
#2393 = DIRECTION('',(0.,1.,0.));
#2394 = DIRECTION('',(0.,-0.,1.));
#2395 = ADVANCED_FACE('',(#2396),#2414,.F.);
#2396 = FACE_BOUND('',#2397,.F.);
#2397 = EDGE_LOOP('',(#2398,#2406,#2412,#2413));
#2398 = ORIENTED_EDGE('',*,*,#2399,.F.);
#2399 = EDGE_CURVE('',#2400,#876,#2402,.T.);
#2400 = VERTEX_POINT('',#2401);
#2401 = CARTESIAN_POINT('',(-0.32,-13.02,-2.84));
#2402 = LINE('',#2403,#2404);
#2403 = CARTESIAN_POINT('',(-0.32,-13.02,-3.));
#2404 = VECTOR('',#2405,1.);
#2405 = DIRECTION('',(0.,0.,1.));
#2406 = ORIENTED_EDGE('',*,*,#2407,.T.);
#2407 = EDGE_CURVE('',#2400,#2377,#2408,.T.);
#2408 = LINE('',#2409,#2410);
#2409 = CARTESIAN_POINT('',(-0.32,-13.02,-2.84));
#2410 = VECTOR('',#2411,1.);
#2411 = DIRECTION('',(0.,1.,0.));
#2412 = ORIENTED_EDGE('',*,*,#2384,.T.);
#2413 = ORIENTED_EDGE('',*,*,#883,.F.);
#2414 = PLANE('',#2415);
#2415 = AXIS2_PLACEMENT_3D('',#2416,#2417,#2418);
#2416 = CARTESIAN_POINT('',(-0.32,-13.02,-3.));
#2417 = DIRECTION('',(1.,0.,0.));
#2418 = DIRECTION('',(0.,0.,1.));
#2419 = ADVANCED_FACE('',(#2420),#2438,.F.);
#2420 = FACE_BOUND('',#2421,.F.);
#2421 = EDGE_LOOP('',(#2422,#2430,#2436,#2437));
#2422 = ORIENTED_EDGE('',*,*,#2423,.F.);
#2423 = EDGE_CURVE('',#2424,#868,#2426,.T.);
#2424 = VERTEX_POINT('',#2425);
#2425 = CARTESIAN_POINT('',(0.32,-13.02,-2.84));
#2426 = LINE('',#2427,#2428);
#2427 = CARTESIAN_POINT('',(0.32,-13.02,-3.));
#2428 = VECTOR('',#2429,1.);
#2429 = DIRECTION('',(0.,0.,1.));
#2430 = ORIENTED_EDGE('',*,*,#2431,.F.);
#2431 = EDGE_CURVE('',#2400,#2424,#2432,.T.);
#2432 = LINE('',#2433,#2434);
#2433 = CARTESIAN_POINT('',(-0.32,-13.02,-2.84));
#2434 = VECTOR('',#2435,1.);
#2435 = DIRECTION('',(1.,0.,0.));
#2436 = ORIENTED_EDGE('',*,*,#2399,.T.);
#2437 = ORIENTED_EDGE('',*,*,#875,.F.);
#2438 = PLANE('',#2439);
#2439 = AXIS2_PLACEMENT_3D('',#2440,#2441,#2442);
#2440 = CARTESIAN_POINT('',(-0.32,-13.02,-3.));
#2441 = DIRECTION('',(0.,1.,0.));
#2442 = DIRECTION('',(0.,-0.,1.));
#2443 = ADVANCED_FACE('',(#2444),#2455,.T.);
#2444 = FACE_BOUND('',#2445,.T.);
#2445 = EDGE_LOOP('',(#2446,#2447,#2453,#2454));
#2446 = ORIENTED_EDGE('',*,*,#2423,.F.);
#2447 = ORIENTED_EDGE('',*,*,#2448,.T.);
#2448 = EDGE_CURVE('',#2424,#2369,#2449,.T.);
#2449 = LINE('',#2450,#2451);
#2450 = CARTESIAN_POINT('',(0.32,-13.02,-2.84));
#2451 = VECTOR('',#2452,1.);
#2452 = DIRECTION('',(0.,1.,0.));
#2453 = ORIENTED_EDGE('',*,*,#2368,.T.);
#2454 = ORIENTED_EDGE('',*,*,#867,.F.);
#2455 = PLANE('',#2456);
#2456 = AXIS2_PLACEMENT_3D('',#2457,#2458,#2459);
#2457 = CARTESIAN_POINT('',(0.32,-13.02,-3.));
#2458 = DIRECTION('',(1.,0.,0.));
#2459 = DIRECTION('',(0.,0.,1.));
#2460 = ADVANCED_FACE('',(#2461),#2486,.T.);
#2461 = FACE_BOUND('',#2462,.T.);
#2462 = EDGE_LOOP('',(#2463,#2471,#2479,#2485));
#2463 = ORIENTED_EDGE('',*,*,#2464,.F.);
#2464 = EDGE_CURVE('',#2465,#892,#2467,.T.);
#2465 = VERTEX_POINT('',#2466);
#2466 = CARTESIAN_POINT('',(0.32,-15.56,-2.84));
#2467 = LINE('',#2468,#2469);
#2468 = CARTESIAN_POINT('',(0.32,-15.56,-3.));
#2469 = VECTOR('',#2470,1.);
#2470 = DIRECTION('',(0.,0.,1.));
#2471 = ORIENTED_EDGE('',*,*,#2472,.T.);
#2472 = EDGE_CURVE('',#2465,#2473,#2475,.T.);
#2473 = VERTEX_POINT('',#2474);
#2474 = CARTESIAN_POINT('',(0.32,-14.92,-2.84));
#2475 = LINE('',#2476,#2477);
#2476 = CARTESIAN_POINT('',(0.32,-15.56,-2.84));
#2477 = VECTOR('',#2478,1.);
#2478 = DIRECTION('',(0.,1.,0.));
#2479 = ORIENTED_EDGE('',*,*,#2480,.T.);
#2480 = EDGE_CURVE('',#2473,#894,#2481,.T.);
#2481 = LINE('',#2482,#2483);
#2482 = CARTESIAN_POINT('',(0.32,-14.92,-3.));
#2483 = VECTOR('',#2484,1.);
#2484 = DIRECTION('',(0.,0.,1.));
#2485 = ORIENTED_EDGE('',*,*,#891,.F.);
#2486 = PLANE('',#2487);
#2487 = AXIS2_PLACEMENT_3D('',#2488,#2489,#2490);
#2488 = CARTESIAN_POINT('',(0.32,-15.56,-3.));
#2489 = DIRECTION('',(1.,0.,0.));
#2490 = DIRECTION('',(0.,0.,1.));
#2491 = ADVANCED_FACE('',(#2492),#2510,.T.);
#2492 = FACE_BOUND('',#2493,.T.);
#2493 = EDGE_LOOP('',(#2494,#2495,#2503,#2509));
#2494 = ORIENTED_EDGE('',*,*,#2480,.F.);
#2495 = ORIENTED_EDGE('',*,*,#2496,.F.);
#2496 = EDGE_CURVE('',#2497,#2473,#2499,.T.);
#2497 = VERTEX_POINT('',#2498);
#2498 = CARTESIAN_POINT('',(-0.32,-14.92,-2.84));
#2499 = LINE('',#2500,#2501);
#2500 = CARTESIAN_POINT('',(-0.32,-14.92,-2.84));
#2501 = VECTOR('',#2502,1.);
#2502 = DIRECTION('',(1.,0.,0.));
#2503 = ORIENTED_EDGE('',*,*,#2504,.T.);
#2504 = EDGE_CURVE('',#2497,#910,#2505,.T.);
#2505 = LINE('',#2506,#2507);
#2506 = CARTESIAN_POINT('',(-0.32,-14.92,-3.));
#2507 = VECTOR('',#2508,1.);
#2508 = DIRECTION('',(0.,0.,1.));
#2509 = ORIENTED_EDGE('',*,*,#917,.F.);
#2510 = PLANE('',#2511);
#2511 = AXIS2_PLACEMENT_3D('',#2512,#2513,#2514);
#2512 = CARTESIAN_POINT('',(-0.32,-14.92,-3.));
#2513 = DIRECTION('',(0.,1.,0.));
#2514 = DIRECTION('',(0.,-0.,1.));
#2515 = ADVANCED_FACE('',(#2516),#2534,.F.);
#2516 = FACE_BOUND('',#2517,.F.);
#2517 = EDGE_LOOP('',(#2518,#2526,#2532,#2533));
#2518 = ORIENTED_EDGE('',*,*,#2519,.F.);
#2519 = EDGE_CURVE('',#2520,#902,#2522,.T.);
#2520 = VERTEX_POINT('',#2521);
#2521 = CARTESIAN_POINT('',(-0.32,-15.56,-2.84));
#2522 = LINE('',#2523,#2524);
#2523 = CARTESIAN_POINT('',(-0.32,-15.56,-3.));
#2524 = VECTOR('',#2525,1.);
#2525 = DIRECTION('',(0.,0.,1.));
#2526 = ORIENTED_EDGE('',*,*,#2527,.T.);
#2527 = EDGE_CURVE('',#2520,#2497,#2528,.T.);
#2528 = LINE('',#2529,#2530);
#2529 = CARTESIAN_POINT('',(-0.32,-15.56,-2.84));
#2530 = VECTOR('',#2531,1.);
#2531 = DIRECTION('',(0.,1.,0.));
#2532 = ORIENTED_EDGE('',*,*,#2504,.T.);
#2533 = ORIENTED_EDGE('',*,*,#909,.F.);
#2534 = PLANE('',#2535);
#2535 = AXIS2_PLACEMENT_3D('',#2536,#2537,#2538);
#2536 = CARTESIAN_POINT('',(-0.32,-15.56,-3.));
#2537 = DIRECTION('',(1.,0.,0.));
#2538 = DIRECTION('',(0.,0.,1.));
#2539 = ADVANCED_FACE('',(#2540),#2551,.F.);
#2540 = FACE_BOUND('',#2541,.F.);
#2541 = EDGE_LOOP('',(#2542,#2543,#2549,#2550));
#2542 = ORIENTED_EDGE('',*,*,#2464,.F.);
#2543 = ORIENTED_EDGE('',*,*,#2544,.F.);
#2544 = EDGE_CURVE('',#2520,#2465,#2545,.T.);
#2545 = LINE('',#2546,#2547);
#2546 = CARTESIAN_POINT('',(-0.32,-15.56,-2.84));
#2547 = VECTOR('',#2548,1.);
#2548 = DIRECTION('',(1.,0.,0.));
#2549 = ORIENTED_EDGE('',*,*,#2519,.T.);
#2550 = ORIENTED_EDGE('',*,*,#901,.F.);
#2551 = PLANE('',#2552);
#2552 = AXIS2_PLACEMENT_3D('',#2553,#2554,#2555);
#2553 = CARTESIAN_POINT('',(-0.32,-15.56,-3.));
#2554 = DIRECTION('',(0.,1.,0.));
#2555 = DIRECTION('',(0.,-0.,1.));
#2556 = ADVANCED_FACE('',(#2557),#2582,.T.);
#2557 = FACE_BOUND('',#2558,.T.);
#2558 = EDGE_LOOP('',(#2559,#2567,#2575,#2581));
#2559 = ORIENTED_EDGE('',*,*,#2560,.F.);
#2560 = EDGE_CURVE('',#2561,#926,#2563,.T.);
#2561 = VERTEX_POINT('',#2562);
#2562 = CARTESIAN_POINT('',(0.32,-9.84,-2.84));
#2563 = LINE('',#2564,#2565);
#2564 = CARTESIAN_POINT('',(0.32,-9.84,-3.));
#2565 = VECTOR('',#2566,1.);
#2566 = DIRECTION('',(0.,0.,1.));
#2567 = ORIENTED_EDGE('',*,*,#2568,.F.);
#2568 = EDGE_CURVE('',#2569,#2561,#2571,.T.);
#2569 = VERTEX_POINT('',#2570);
#2570 = CARTESIAN_POINT('',(-0.32,-9.84,-2.84));
#2571 = LINE('',#2572,#2573);
#2572 = CARTESIAN_POINT('',(-0.32,-9.84,-2.84));
#2573 = VECTOR('',#2574,1.);
#2574 = DIRECTION('',(1.,0.,0.));
#2575 = ORIENTED_EDGE('',*,*,#2576,.T.);
#2576 = EDGE_CURVE('',#2569,#928,#2577,.T.);
#2577 = LINE('',#2578,#2579);
#2578 = CARTESIAN_POINT('',(-0.32,-9.84,-3.));
#2579 = VECTOR('',#2580,1.);
#2580 = DIRECTION('',(0.,0.,1.));
#2581 = ORIENTED_EDGE('',*,*,#925,.F.);
#2582 = PLANE('',#2583);
#2583 = AXIS2_PLACEMENT_3D('',#2584,#2585,#2586);
#2584 = CARTESIAN_POINT('',(-0.32,-9.84,-3.));
#2585 = DIRECTION('',(0.,1.,0.));
#2586 = DIRECTION('',(0.,-0.,1.));
#2587 = ADVANCED_FACE('',(#2588),#2606,.F.);
#2588 = FACE_BOUND('',#2589,.F.);
#2589 = EDGE_LOOP('',(#2590,#2598,#2604,#2605));
#2590 = ORIENTED_EDGE('',*,*,#2591,.F.);
#2591 = EDGE_CURVE('',#2592,#944,#2594,.T.);
#2592 = VERTEX_POINT('',#2593);
#2593 = CARTESIAN_POINT('',(-0.32,-10.48,-2.84));
#2594 = LINE('',#2595,#2596);
#2595 = CARTESIAN_POINT('',(-0.32,-10.48,-3.));
#2596 = VECTOR('',#2597,1.);
#2597 = DIRECTION('',(0.,0.,1.));
#2598 = ORIENTED_EDGE('',*,*,#2599,.T.);
#2599 = EDGE_CURVE('',#2592,#2569,#2600,.T.);
#2600 = LINE('',#2601,#2602);
#2601 = CARTESIAN_POINT('',(-0.32,-10.48,-2.84));
#2602 = VECTOR('',#2603,1.);
#2603 = DIRECTION('',(0.,1.,0.));
#2604 = ORIENTED_EDGE('',*,*,#2576,.T.);
#2605 = ORIENTED_EDGE('',*,*,#951,.F.);
#2606 = PLANE('',#2607);
#2607 = AXIS2_PLACEMENT_3D('',#2608,#2609,#2610);
#2608 = CARTESIAN_POINT('',(-0.32,-10.48,-3.));
#2609 = DIRECTION('',(1.,0.,0.));
#2610 = DIRECTION('',(0.,0.,1.));
#2611 = ADVANCED_FACE('',(#2612),#2630,.F.);
#2612 = FACE_BOUND('',#2613,.F.);
#2613 = EDGE_LOOP('',(#2614,#2622,#2628,#2629));
#2614 = ORIENTED_EDGE('',*,*,#2615,.F.);
#2615 = EDGE_CURVE('',#2616,#936,#2618,.T.);
#2616 = VERTEX_POINT('',#2617);
#2617 = CARTESIAN_POINT('',(0.32,-10.48,-2.84));
#2618 = LINE('',#2619,#2620);
#2619 = CARTESIAN_POINT('',(0.32,-10.48,-3.));
#2620 = VECTOR('',#2621,1.);
#2621 = DIRECTION('',(0.,0.,1.));
#2622 = ORIENTED_EDGE('',*,*,#2623,.F.);
#2623 = EDGE_CURVE('',#2592,#2616,#2624,.T.);
#2624 = LINE('',#2625,#2626);
#2625 = CARTESIAN_POINT('',(-0.32,-10.48,-2.84));
#2626 = VECTOR('',#2627,1.);
#2627 = DIRECTION('',(1.,0.,0.));
#2628 = ORIENTED_EDGE('',*,*,#2591,.T.);
#2629 = ORIENTED_EDGE('',*,*,#943,.F.);
#2630 = PLANE('',#2631);
#2631 = AXIS2_PLACEMENT_3D('',#2632,#2633,#2634);
#2632 = CARTESIAN_POINT('',(-0.32,-10.48,-3.));
#2633 = DIRECTION('',(0.,1.,0.));
#2634 = DIRECTION('',(0.,-0.,1.));
#2635 = ADVANCED_FACE('',(#2636),#2647,.T.);
#2636 = FACE_BOUND('',#2637,.T.);
#2637 = EDGE_LOOP('',(#2638,#2639,#2645,#2646));
#2638 = ORIENTED_EDGE('',*,*,#2615,.F.);
#2639 = ORIENTED_EDGE('',*,*,#2640,.T.);
#2640 = EDGE_CURVE('',#2616,#2561,#2641,.T.);
#2641 = LINE('',#2642,#2643);
#2642 = CARTESIAN_POINT('',(0.32,-10.48,-2.84));
#2643 = VECTOR('',#2644,1.);
#2644 = DIRECTION('',(0.,1.,0.));
#2645 = ORIENTED_EDGE('',*,*,#2560,.T.);
#2646 = ORIENTED_EDGE('',*,*,#935,.F.);
#2647 = PLANE('',#2648);
#2648 = AXIS2_PLACEMENT_3D('',#2649,#2650,#2651);
#2649 = CARTESIAN_POINT('',(0.32,-10.48,-3.));
#2650 = DIRECTION('',(1.,0.,0.));
#2651 = DIRECTION('',(0.,0.,1.));
#2652 = ADVANCED_FACE('',(#2653),#2678,.T.);
#2653 = FACE_BOUND('',#2654,.T.);
#2654 = EDGE_LOOP('',(#2655,#2663,#2671,#2677));
#2655 = ORIENTED_EDGE('',*,*,#2656,.F.);
#2656 = EDGE_CURVE('',#2657,#960,#2659,.T.);
#2657 = VERTEX_POINT('',#2658);
#2658 = CARTESIAN_POINT('',(0.32,-2.86,-2.84));
#2659 = LINE('',#2660,#2661);
#2660 = CARTESIAN_POINT('',(0.32,-2.86,-3.));
#2661 = VECTOR('',#2662,1.);
#2662 = DIRECTION('',(0.,0.,1.));
#2663 = ORIENTED_EDGE('',*,*,#2664,.T.);
#2664 = EDGE_CURVE('',#2657,#2665,#2667,.T.);
#2665 = VERTEX_POINT('',#2666);
#2666 = CARTESIAN_POINT('',(0.32,-2.22,-2.84));
#2667 = LINE('',#2668,#2669);
#2668 = CARTESIAN_POINT('',(0.32,-2.86,-2.84));
#2669 = VECTOR('',#2670,1.);
#2670 = DIRECTION('',(0.,1.,0.));
#2671 = ORIENTED_EDGE('',*,*,#2672,.T.);
#2672 = EDGE_CURVE('',#2665,#962,#2673,.T.);
#2673 = LINE('',#2674,#2675);
#2674 = CARTESIAN_POINT('',(0.32,-2.22,-3.));
#2675 = VECTOR('',#2676,1.);
#2676 = DIRECTION('',(0.,0.,1.));
#2677 = ORIENTED_EDGE('',*,*,#959,.F.);
#2678 = PLANE('',#2679);
#2679 = AXIS2_PLACEMENT_3D('',#2680,#2681,#2682);
#2680 = CARTESIAN_POINT('',(0.32,-2.86,-3.));
#2681 = DIRECTION('',(1.,0.,0.));
#2682 = DIRECTION('',(0.,0.,1.));
#2683 = ADVANCED_FACE('',(#2684),#2702,.T.);
#2684 = FACE_BOUND('',#2685,.T.);
#2685 = EDGE_LOOP('',(#2686,#2687,#2695,#2701));
#2686 = ORIENTED_EDGE('',*,*,#2672,.F.);
#2687 = ORIENTED_EDGE('',*,*,#2688,.F.);
#2688 = EDGE_CURVE('',#2689,#2665,#2691,.T.);
#2689 = VERTEX_POINT('',#2690);
#2690 = CARTESIAN_POINT('',(-0.32,-2.22,-2.84));
#2691 = LINE('',#2692,#2693);
#2692 = CARTESIAN_POINT('',(-0.32,-2.22,-2.84));
#2693 = VECTOR('',#2694,1.);
#2694 = DIRECTION('',(1.,0.,0.));
#2695 = ORIENTED_EDGE('',*,*,#2696,.T.);
#2696 = EDGE_CURVE('',#2689,#978,#2697,.T.);
#2697 = LINE('',#2698,#2699);
#2698 = CARTESIAN_POINT('',(-0.32,-2.22,-3.));
#2699 = VECTOR('',#2700,1.);
#2700 = DIRECTION('',(0.,0.,1.));
#2701 = ORIENTED_EDGE('',*,*,#985,.F.);
#2702 = PLANE('',#2703);
#2703 = AXIS2_PLACEMENT_3D('',#2704,#2705,#2706);
#2704 = CARTESIAN_POINT('',(-0.32,-2.22,-3.));
#2705 = DIRECTION('',(0.,1.,0.));
#2706 = DIRECTION('',(0.,-0.,1.));
#2707 = ADVANCED_FACE('',(#2708),#2726,.F.);
#2708 = FACE_BOUND('',#2709,.F.);
#2709 = EDGE_LOOP('',(#2710,#2718,#2724,#2725));
#2710 = ORIENTED_EDGE('',*,*,#2711,.F.);
#2711 = EDGE_CURVE('',#2712,#970,#2714,.T.);
#2712 = VERTEX_POINT('',#2713);
#2713 = CARTESIAN_POINT('',(-0.32,-2.86,-2.84));
#2714 = LINE('',#2715,#2716);
#2715 = CARTESIAN_POINT('',(-0.32,-2.86,-3.));
#2716 = VECTOR('',#2717,1.);
#2717 = DIRECTION('',(0.,0.,1.));
#2718 = ORIENTED_EDGE('',*,*,#2719,.T.);
#2719 = EDGE_CURVE('',#2712,#2689,#2720,.T.);
#2720 = LINE('',#2721,#2722);
#2721 = CARTESIAN_POINT('',(-0.32,-2.86,-2.84));
#2722 = VECTOR('',#2723,1.);
#2723 = DIRECTION('',(0.,1.,0.));
#2724 = ORIENTED_EDGE('',*,*,#2696,.T.);
#2725 = ORIENTED_EDGE('',*,*,#977,.F.);
#2726 = PLANE('',#2727);
#2727 = AXIS2_PLACEMENT_3D('',#2728,#2729,#2730);
#2728 = CARTESIAN_POINT('',(-0.32,-2.86,-3.));
#2729 = DIRECTION('',(1.,0.,0.));
#2730 = DIRECTION('',(0.,0.,1.));
#2731 = ADVANCED_FACE('',(#2732),#2743,.F.);
#2732 = FACE_BOUND('',#2733,.F.);
#2733 = EDGE_LOOP('',(#2734,#2735,#2741,#2742));
#2734 = ORIENTED_EDGE('',*,*,#2656,.F.);
#2735 = ORIENTED_EDGE('',*,*,#2736,.F.);
#2736 = EDGE_CURVE('',#2712,#2657,#2737,.T.);
#2737 = LINE('',#2738,#2739);
#2738 = CARTESIAN_POINT('',(-0.32,-2.86,-2.84));
#2739 = VECTOR('',#2740,1.);
#2740 = DIRECTION('',(1.,0.,0.));
#2741 = ORIENTED_EDGE('',*,*,#2711,.T.);
#2742 = ORIENTED_EDGE('',*,*,#969,.F.);
#2743 = PLANE('',#2744);
#2744 = AXIS2_PLACEMENT_3D('',#2745,#2746,#2747);
#2745 = CARTESIAN_POINT('',(-0.32,-2.86,-3.));
#2746 = DIRECTION('',(0.,1.,0.));
#2747 = DIRECTION('',(0.,-0.,1.));
#2748 = ADVANCED_FACE('',(#2749),#2774,.F.);
#2749 = FACE_BOUND('',#2750,.F.);
#2750 = EDGE_LOOP('',(#2751,#2759,#2767,#2773));
#2751 = ORIENTED_EDGE('',*,*,#2752,.F.);
#2752 = EDGE_CURVE('',#2753,#994,#2755,.T.);
#2753 = VERTEX_POINT('',#2754);
#2754 = CARTESIAN_POINT('',(0.32,-5.4,-2.84));
#2755 = LINE('',#2756,#2757);
#2756 = CARTESIAN_POINT('',(0.32,-5.4,-3.));
#2757 = VECTOR('',#2758,1.);
#2758 = DIRECTION('',(0.,0.,1.));
#2759 = ORIENTED_EDGE('',*,*,#2760,.F.);
#2760 = EDGE_CURVE('',#2761,#2753,#2763,.T.);
#2761 = VERTEX_POINT('',#2762);
#2762 = CARTESIAN_POINT('',(-0.32,-5.4,-2.84));
#2763 = LINE('',#2764,#2765);
#2764 = CARTESIAN_POINT('',(-0.32,-5.4,-2.84));
#2765 = VECTOR('',#2766,1.);
#2766 = DIRECTION('',(1.,0.,0.));
#2767 = ORIENTED_EDGE('',*,*,#2768,.T.);
#2768 = EDGE_CURVE('',#2761,#996,#2769,.T.);
#2769 = LINE('',#2770,#2771);
#2770 = CARTESIAN_POINT('',(-0.32,-5.4,-3.));
#2771 = VECTOR('',#2772,1.);
#2772 = DIRECTION('',(0.,0.,1.));
#2773 = ORIENTED_EDGE('',*,*,#993,.F.);
#2774 = PLANE('',#2775);
#2775 = AXIS2_PLACEMENT_3D('',#2776,#2777,#2778);
#2776 = CARTESIAN_POINT('',(-0.32,-5.4,-3.));
#2777 = DIRECTION('',(0.,1.,0.));
#2778 = DIRECTION('',(0.,-0.,1.));
#2779 = ADVANCED_FACE('',(#2780),#2798,.T.);
#2780 = FACE_BOUND('',#2781,.T.);
#2781 = EDGE_LOOP('',(#2782,#2783,#2791,#2797));
#2782 = ORIENTED_EDGE('',*,*,#2752,.F.);
#2783 = ORIENTED_EDGE('',*,*,#2784,.T.);
#2784 = EDGE_CURVE('',#2753,#2785,#2787,.T.);
#2785 = VERTEX_POINT('',#2786);
#2786 = CARTESIAN_POINT('',(0.32,-4.76,-2.84));
#2787 = LINE('',#2788,#2789);
#2788 = CARTESIAN_POINT('',(0.32,-5.4,-2.84));
#2789 = VECTOR('',#2790,1.);
#2790 = DIRECTION('',(0.,1.,0.));
#2791 = ORIENTED_EDGE('',*,*,#2792,.T.);
#2792 = EDGE_CURVE('',#2785,#1012,#2793,.T.);
#2793 = LINE('',#2794,#2795);
#2794 = CARTESIAN_POINT('',(0.32,-4.76,-3.));
#2795 = VECTOR('',#2796,1.);
#2796 = DIRECTION('',(0.,0.,1.));
#2797 = ORIENTED_EDGE('',*,*,#1019,.F.);
#2798 = PLANE('',#2799);
#2799 = AXIS2_PLACEMENT_3D('',#2800,#2801,#2802);
#2800 = CARTESIAN_POINT('',(0.32,-5.4,-3.));
#2801 = DIRECTION('',(1.,0.,0.));
#2802 = DIRECTION('',(0.,0.,1.));
#2803 = ADVANCED_FACE('',(#2804),#2822,.T.);
#2804 = FACE_BOUND('',#2805,.T.);
#2805 = EDGE_LOOP('',(#2806,#2807,#2815,#2821));
#2806 = ORIENTED_EDGE('',*,*,#2792,.F.);
#2807 = ORIENTED_EDGE('',*,*,#2808,.F.);
#2808 = EDGE_CURVE('',#2809,#2785,#2811,.T.);
#2809 = VERTEX_POINT('',#2810);
#2810 = CARTESIAN_POINT('',(-0.32,-4.76,-2.84));
#2811 = LINE('',#2812,#2813);
#2812 = CARTESIAN_POINT('',(-0.32,-4.76,-2.84));
#2813 = VECTOR('',#2814,1.);
#2814 = DIRECTION('',(1.,0.,0.));
#2815 = ORIENTED_EDGE('',*,*,#2816,.T.);
#2816 = EDGE_CURVE('',#2809,#1004,#2817,.T.);
#2817 = LINE('',#2818,#2819);
#2818 = CARTESIAN_POINT('',(-0.32,-4.76,-3.));
#2819 = VECTOR('',#2820,1.);
#2820 = DIRECTION('',(0.,0.,1.));
#2821 = ORIENTED_EDGE('',*,*,#1011,.F.);
#2822 = PLANE('',#2823);
#2823 = AXIS2_PLACEMENT_3D('',#2824,#2825,#2826);
#2824 = CARTESIAN_POINT('',(-0.32,-4.76,-3.));
#2825 = DIRECTION('',(0.,1.,0.));
#2826 = DIRECTION('',(0.,-0.,1.));
#2827 = ADVANCED_FACE('',(#2828),#2839,.F.);
#2828 = FACE_BOUND('',#2829,.F.);
#2829 = EDGE_LOOP('',(#2830,#2831,#2837,#2838));
#2830 = ORIENTED_EDGE('',*,*,#2768,.F.);
#2831 = ORIENTED_EDGE('',*,*,#2832,.T.);
#2832 = EDGE_CURVE('',#2761,#2809,#2833,.T.);
#2833 = LINE('',#2834,#2835);
#2834 = CARTESIAN_POINT('',(-0.32,-5.4,-2.84));
#2835 = VECTOR('',#2836,1.);
#2836 = DIRECTION('',(0.,1.,0.));
#2837 = ORIENTED_EDGE('',*,*,#2816,.T.);
#2838 = ORIENTED_EDGE('',*,*,#1003,.F.);
#2839 = PLANE('',#2840);
#2840 = AXIS2_PLACEMENT_3D('',#2841,#2842,#2843);
#2841 = CARTESIAN_POINT('',(-0.32,-5.4,-3.));
#2842 = DIRECTION('',(1.,0.,0.));
#2843 = DIRECTION('',(0.,0.,1.));
#2844 = ADVANCED_FACE('',(#2845),#2870,.T.);
#2845 = FACE_BOUND('',#2846,.T.);
#2846 = EDGE_LOOP('',(#2847,#2855,#2863,#2869));
#2847 = ORIENTED_EDGE('',*,*,#2848,.F.);
#2848 = EDGE_CURVE('',#2849,#1028,#2851,.T.);
#2849 = VERTEX_POINT('',#2850);
#2850 = CARTESIAN_POINT('',(0.32,-7.94,-2.84));
#2851 = LINE('',#2852,#2853);
#2852 = CARTESIAN_POINT('',(0.32,-7.94,-3.));
#2853 = VECTOR('',#2854,1.);
#2854 = DIRECTION('',(0.,0.,1.));
#2855 = ORIENTED_EDGE('',*,*,#2856,.T.);
#2856 = EDGE_CURVE('',#2849,#2857,#2859,.T.);
#2857 = VERTEX_POINT('',#2858);
#2858 = CARTESIAN_POINT('',(0.32,-7.3,-2.84));
#2859 = LINE('',#2860,#2861);
#2860 = CARTESIAN_POINT('',(0.32,-7.94,-2.84));
#2861 = VECTOR('',#2862,1.);
#2862 = DIRECTION('',(0.,1.,0.));
#2863 = ORIENTED_EDGE('',*,*,#2864,.T.);
#2864 = EDGE_CURVE('',#2857,#1030,#2865,.T.);
#2865 = LINE('',#2866,#2867);
#2866 = CARTESIAN_POINT('',(0.32,-7.3,-3.));
#2867 = VECTOR('',#2868,1.);
#2868 = DIRECTION('',(0.,0.,1.));
#2869 = ORIENTED_EDGE('',*,*,#1027,.F.);
#2870 = PLANE('',#2871);
#2871 = AXIS2_PLACEMENT_3D('',#2872,#2873,#2874);
#2872 = CARTESIAN_POINT('',(0.32,-7.94,-3.));
#2873 = DIRECTION('',(1.,0.,0.));
#2874 = DIRECTION('',(0.,0.,1.));
#2875 = ADVANCED_FACE('',(#2876),#2894,.T.);
#2876 = FACE_BOUND('',#2877,.T.);
#2877 = EDGE_LOOP('',(#2878,#2879,#2887,#2893));
#2878 = ORIENTED_EDGE('',*,*,#2864,.F.);
#2879 = ORIENTED_EDGE('',*,*,#2880,.F.);
#2880 = EDGE_CURVE('',#2881,#2857,#2883,.T.);
#2881 = VERTEX_POINT('',#2882);
#2882 = CARTESIAN_POINT('',(-0.32,-7.3,-2.84));
#2883 = LINE('',#2884,#2885);
#2884 = CARTESIAN_POINT('',(-0.32,-7.3,-2.84));
#2885 = VECTOR('',#2886,1.);
#2886 = DIRECTION('',(1.,0.,0.));
#2887 = ORIENTED_EDGE('',*,*,#2888,.T.);
#2888 = EDGE_CURVE('',#2881,#1046,#2889,.T.);
#2889 = LINE('',#2890,#2891);
#2890 = CARTESIAN_POINT('',(-0.32,-7.3,-3.));
#2891 = VECTOR('',#2892,1.);
#2892 = DIRECTION('',(0.,0.,1.));
#2893 = ORIENTED_EDGE('',*,*,#1053,.F.);
#2894 = PLANE('',#2895);
#2895 = AXIS2_PLACEMENT_3D('',#2896,#2897,#2898);
#2896 = CARTESIAN_POINT('',(-0.32,-7.3,-3.));
#2897 = DIRECTION('',(0.,1.,0.));
#2898 = DIRECTION('',(0.,-0.,1.));
#2899 = ADVANCED_FACE('',(#2900),#2918,.F.);
#2900 = FACE_BOUND('',#2901,.F.);
#2901 = EDGE_LOOP('',(#2902,#2910,#2916,#2917));
#2902 = ORIENTED_EDGE('',*,*,#2903,.F.);
#2903 = EDGE_CURVE('',#2904,#1038,#2906,.T.);
#2904 = VERTEX_POINT('',#2905);
#2905 = CARTESIAN_POINT('',(-0.32,-7.94,-2.84));
#2906 = LINE('',#2907,#2908);
#2907 = CARTESIAN_POINT('',(-0.32,-7.94,-3.));
#2908 = VECTOR('',#2909,1.);
#2909 = DIRECTION('',(0.,0.,1.));
#2910 = ORIENTED_EDGE('',*,*,#2911,.T.);
#2911 = EDGE_CURVE('',#2904,#2881,#2912,.T.);
#2912 = LINE('',#2913,#2914);
#2913 = CARTESIAN_POINT('',(-0.32,-7.94,-2.84));
#2914 = VECTOR('',#2915,1.);
#2915 = DIRECTION('',(0.,1.,0.));
#2916 = ORIENTED_EDGE('',*,*,#2888,.T.);
#2917 = ORIENTED_EDGE('',*,*,#1045,.F.);
#2918 = PLANE('',#2919);
#2919 = AXIS2_PLACEMENT_3D('',#2920,#2921,#2922);
#2920 = CARTESIAN_POINT('',(-0.32,-7.94,-3.));
#2921 = DIRECTION('',(1.,0.,0.));
#2922 = DIRECTION('',(0.,0.,1.));
#2923 = ADVANCED_FACE('',(#2924),#2935,.F.);
#2924 = FACE_BOUND('',#2925,.F.);
#2925 = EDGE_LOOP('',(#2926,#2927,#2933,#2934));
#2926 = ORIENTED_EDGE('',*,*,#2848,.F.);
#2927 = ORIENTED_EDGE('',*,*,#2928,.F.);
#2928 = EDGE_CURVE('',#2904,#2849,#2929,.T.);
#2929 = LINE('',#2930,#2931);
#2930 = CARTESIAN_POINT('',(-0.32,-7.94,-2.84));
#2931 = VECTOR('',#2932,1.);
#2932 = DIRECTION('',(1.,0.,0.));
#2933 = ORIENTED_EDGE('',*,*,#2903,.T.);
#2934 = ORIENTED_EDGE('',*,*,#1037,.F.);
#2935 = PLANE('',#2936);
#2936 = AXIS2_PLACEMENT_3D('',#2937,#2938,#2939);
#2937 = CARTESIAN_POINT('',(-0.32,-7.94,-3.));
#2938 = DIRECTION('',(0.,1.,0.));
#2939 = DIRECTION('',(0.,-0.,1.));
#2940 = ADVANCED_FACE('',(#2941),#2966,.F.);
#2941 = FACE_BOUND('',#2942,.F.);
#2942 = EDGE_LOOP('',(#2943,#2951,#2959,#2965));
#2943 = ORIENTED_EDGE('',*,*,#2944,.F.);
#2944 = EDGE_CURVE('',#2945,#1062,#2947,.T.);
#2945 = VERTEX_POINT('',#2946);
#2946 = CARTESIAN_POINT('',(0.32,-0.32,-2.84));
#2947 = LINE('',#2948,#2949);
#2948 = CARTESIAN_POINT('',(0.32,-0.32,-3.));
#2949 = VECTOR('',#2950,1.);
#2950 = DIRECTION('',(0.,0.,1.));
#2951 = ORIENTED_EDGE('',*,*,#2952,.F.);
#2952 = EDGE_CURVE('',#2953,#2945,#2955,.T.);
#2953 = VERTEX_POINT('',#2954);
#2954 = CARTESIAN_POINT('',(-0.32,-0.32,-2.84));
#2955 = LINE('',#2956,#2957);
#2956 = CARTESIAN_POINT('',(-0.32,-0.32,-2.84));
#2957 = VECTOR('',#2958,1.);
#2958 = DIRECTION('',(1.,0.,0.));
#2959 = ORIENTED_EDGE('',*,*,#2960,.T.);
#2960 = EDGE_CURVE('',#2953,#1064,#2961,.T.);
#2961 = LINE('',#2962,#2963);
#2962 = CARTESIAN_POINT('',(-0.32,-0.32,-3.));
#2963 = VECTOR('',#2964,1.);
#2964 = DIRECTION('',(0.,0.,1.));
#2965 = ORIENTED_EDGE('',*,*,#1061,.F.);
#2966 = PLANE('',#2967);
#2967 = AXIS2_PLACEMENT_3D('',#2968,#2969,#2970);
#2968 = CARTESIAN_POINT('',(-0.32,-0.32,-3.));
#2969 = DIRECTION('',(0.,1.,0.));
#2970 = DIRECTION('',(0.,-0.,1.));
#2971 = ADVANCED_FACE('',(#2972),#2990,.T.);
#2972 = FACE_BOUND('',#2973,.T.);
#2973 = EDGE_LOOP('',(#2974,#2975,#2983,#2989));
#2974 = ORIENTED_EDGE('',*,*,#2944,.F.);
#2975 = ORIENTED_EDGE('',*,*,#2976,.T.);
#2976 = EDGE_CURVE('',#2945,#2977,#2979,.T.);
#2977 = VERTEX_POINT('',#2978);
#2978 = CARTESIAN_POINT('',(0.32,0.32,-2.84));
#2979 = LINE('',#2980,#2981);
#2980 = CARTESIAN_POINT('',(0.32,-0.32,-2.84));
#2981 = VECTOR('',#2982,1.);
#2982 = DIRECTION('',(0.,1.,0.));
#2983 = ORIENTED_EDGE('',*,*,#2984,.T.);
#2984 = EDGE_CURVE('',#2977,#1080,#2985,.T.);
#2985 = LINE('',#2986,#2987);
#2986 = CARTESIAN_POINT('',(0.32,0.32,-3.));
#2987 = VECTOR('',#2988,1.);
#2988 = DIRECTION('',(0.,0.,1.));
#2989 = ORIENTED_EDGE('',*,*,#1087,.F.);
#2990 = PLANE('',#2991);
#2991 = AXIS2_PLACEMENT_3D('',#2992,#2993,#2994);
#2992 = CARTESIAN_POINT('',(0.32,-0.32,-3.));
#2993 = DIRECTION('',(1.,0.,0.));
#2994 = DIRECTION('',(0.,0.,1.));
#2995 = ADVANCED_FACE('',(#2996),#3014,.T.);
#2996 = FACE_BOUND('',#2997,.T.);
#2997 = EDGE_LOOP('',(#2998,#2999,#3007,#3013));
#2998 = ORIENTED_EDGE('',*,*,#2984,.F.);
#2999 = ORIENTED_EDGE('',*,*,#3000,.F.);
#3000 = EDGE_CURVE('',#3001,#2977,#3003,.T.);
#3001 = VERTEX_POINT('',#3002);
#3002 = CARTESIAN_POINT('',(-0.32,0.32,-2.84));
#3003 = LINE('',#3004,#3005);
#3004 = CARTESIAN_POINT('',(-0.32,0.32,-2.84));
#3005 = VECTOR('',#3006,1.);
#3006 = DIRECTION('',(1.,0.,0.));
#3007 = ORIENTED_EDGE('',*,*,#3008,.T.);
#3008 = EDGE_CURVE('',#3001,#1072,#3009,.T.);
#3009 = LINE('',#3010,#3011);
#3010 = CARTESIAN_POINT('',(-0.32,0.32,-3.));
#3011 = VECTOR('',#3012,1.);
#3012 = DIRECTION('',(0.,0.,1.));
#3013 = ORIENTED_EDGE('',*,*,#1079,.F.);
#3014 = PLANE('',#3015);
#3015 = AXIS2_PLACEMENT_3D('',#3016,#3017,#3018);
#3016 = CARTESIAN_POINT('',(-0.32,0.32,-3.));
#3017 = DIRECTION('',(0.,1.,0.));
#3018 = DIRECTION('',(0.,-0.,1.));
#3019 = ADVANCED_FACE('',(#3020),#3031,.F.);
#3020 = FACE_BOUND('',#3021,.F.);
#3021 = EDGE_LOOP('',(#3022,#3023,#3029,#3030));
#3022 = ORIENTED_EDGE('',*,*,#2960,.F.);
#3023 = ORIENTED_EDGE('',*,*,#3024,.T.);
#3024 = EDGE_CURVE('',#2953,#3001,#3025,.T.);
#3025 = LINE('',#3026,#3027);
#3026 = CARTESIAN_POINT('',(-0.32,-0.32,-2.84));
#3027 = VECTOR('',#3028,1.);
#3028 = DIRECTION('',(0.,1.,0.));
#3029 = ORIENTED_EDGE('',*,*,#3008,.T.);
#3030 = ORIENTED_EDGE('',*,*,#1071,.F.);
#3031 = PLANE('',#3032);
#3032 = AXIS2_PLACEMENT_3D('',#3033,#3034,#3035);
#3033 = CARTESIAN_POINT('',(-0.32,-0.32,-3.));
#3034 = DIRECTION('',(1.,0.,0.));
#3035 = DIRECTION('',(0.,0.,1.));
#3036 = ADVANCED_FACE('',(#3037),#3062,.T.);
#3037 = FACE_BOUND('',#3038,.T.);
#3038 = EDGE_LOOP('',(#3039,#3047,#3048,#3056));
#3039 = ORIENTED_EDGE('',*,*,#3040,.F.);
#3040 = EDGE_CURVE('',#1433,#3041,#3043,.T.);
#3041 = VERTEX_POINT('',#3042);
#3042 = CARTESIAN_POINT('',(0.32,-12.38,8.38));
#3043 = LINE('',#3044,#3045);
#3044 = CARTESIAN_POINT('',(0.32,-12.38,-3.));
#3045 = VECTOR('',#3046,1.);
#3046 = DIRECTION('',(0.,0.,1.));
#3047 = ORIENTED_EDGE('',*,*,#1432,.T.);
#3048 = ORIENTED_EDGE('',*,*,#3049,.T.);
#3049 = EDGE_CURVE('',#1435,#3050,#3052,.T.);
#3050 = VERTEX_POINT('',#3051);
#3051 = CARTESIAN_POINT('',(-0.32,-12.38,8.38));
#3052 = LINE('',#3053,#3054);
#3053 = CARTESIAN_POINT('',(-0.32,-12.38,-3.));
#3054 = VECTOR('',#3055,1.);
#3055 = DIRECTION('',(0.,0.,1.));
#3056 = ORIENTED_EDGE('',*,*,#3057,.T.);
#3057 = EDGE_CURVE('',#3050,#3041,#3058,.T.);
#3058 = LINE('',#3059,#3060);
#3059 = CARTESIAN_POINT('',(-0.32,-12.38,8.38));
#3060 = VECTOR('',#3061,1.);
#3061 = DIRECTION('',(1.,0.,0.));
#3062 = PLANE('',#3063);
#3063 = AXIS2_PLACEMENT_3D('',#3064,#3065,#3066);
#3064 = CARTESIAN_POINT('',(-0.32,-12.38,-3.));
#3065 = DIRECTION('',(0.,1.,0.));
#3066 = DIRECTION('',(0.,-0.,1.));
#3067 = ADVANCED_FACE('',(#3068),#3086,.F.);
#3068 = FACE_BOUND('',#3069,.F.);
#3069 = EDGE_LOOP('',(#3070,#3078,#3079,#3080));
#3070 = ORIENTED_EDGE('',*,*,#3071,.F.);
#3071 = EDGE_CURVE('',#1451,#3072,#3074,.T.);
#3072 = VERTEX_POINT('',#3073);
#3073 = CARTESIAN_POINT('',(-0.32,-13.02,8.38));
#3074 = LINE('',#3075,#3076);
#3075 = CARTESIAN_POINT('',(-0.32,-13.02,-3.));
#3076 = VECTOR('',#3077,1.);
#3077 = DIRECTION('',(0.,0.,1.));
#3078 = ORIENTED_EDGE('',*,*,#1458,.T.);
#3079 = ORIENTED_EDGE('',*,*,#3049,.T.);
#3080 = ORIENTED_EDGE('',*,*,#3081,.F.);
#3081 = EDGE_CURVE('',#3072,#3050,#3082,.T.);
#3082 = LINE('',#3083,#3084);
#3083 = CARTESIAN_POINT('',(-0.32,-13.02,8.38));
#3084 = VECTOR('',#3085,1.);
#3085 = DIRECTION('',(0.,1.,0.));
#3086 = PLANE('',#3087);
#3087 = AXIS2_PLACEMENT_3D('',#3088,#3089,#3090);
#3088 = CARTESIAN_POINT('',(-0.32,-13.02,-3.));
#3089 = DIRECTION('',(1.,0.,0.));
#3090 = DIRECTION('',(0.,0.,1.));
#3091 = ADVANCED_FACE('',(#3092),#3110,.F.);
#3092 = FACE_BOUND('',#3093,.F.);
#3093 = EDGE_LOOP('',(#3094,#3102,#3103,#3104));
#3094 = ORIENTED_EDGE('',*,*,#3095,.F.);
#3095 = EDGE_CURVE('',#1443,#3096,#3098,.T.);
#3096 = VERTEX_POINT('',#3097);
#3097 = CARTESIAN_POINT('',(0.32,-13.02,8.38));
#3098 = LINE('',#3099,#3100);
#3099 = CARTESIAN_POINT('',(0.32,-13.02,-3.));
#3100 = VECTOR('',#3101,1.);
#3101 = DIRECTION('',(0.,0.,1.));
#3102 = ORIENTED_EDGE('',*,*,#1450,.T.);
#3103 = ORIENTED_EDGE('',*,*,#3071,.T.);
#3104 = ORIENTED_EDGE('',*,*,#3105,.T.);
#3105 = EDGE_CURVE('',#3072,#3096,#3106,.T.);
#3106 = LINE('',#3107,#3108);
#3107 = CARTESIAN_POINT('',(-0.32,-13.02,8.38));
#3108 = VECTOR('',#3109,1.);
#3109 = DIRECTION('',(1.,0.,0.));
#3110 = PLANE('',#3111);
#3111 = AXIS2_PLACEMENT_3D('',#3112,#3113,#3114);
#3112 = CARTESIAN_POINT('',(-0.32,-13.02,-3.));
#3113 = DIRECTION('',(0.,1.,0.));
#3114 = DIRECTION('',(0.,-0.,1.));
#3115 = ADVANCED_FACE('',(#3116),#3127,.T.);
#3116 = FACE_BOUND('',#3117,.T.);
#3117 = EDGE_LOOP('',(#3118,#3119,#3120,#3121));
#3118 = ORIENTED_EDGE('',*,*,#3095,.F.);
#3119 = ORIENTED_EDGE('',*,*,#1442,.T.);
#3120 = ORIENTED_EDGE('',*,*,#3040,.T.);
#3121 = ORIENTED_EDGE('',*,*,#3122,.F.);
#3122 = EDGE_CURVE('',#3096,#3041,#3123,.T.);
#3123 = LINE('',#3124,#3125);
#3124 = CARTESIAN_POINT('',(0.32,-13.02,8.38));
#3125 = VECTOR('',#3126,1.);
#3126 = DIRECTION('',(0.,1.,0.));
#3127 = PLANE('',#3128);
#3128 = AXIS2_PLACEMENT_3D('',#3129,#3130,#3131);
#3129 = CARTESIAN_POINT('',(0.32,-13.02,-3.));
#3130 = DIRECTION('',(1.,0.,0.));
#3131 = DIRECTION('',(0.,0.,1.));
#3132 = ADVANCED_FACE('',(#3133),#3158,.T.);
#3133 = FACE_BOUND('',#3134,.T.);
#3134 = EDGE_LOOP('',(#3135,#3143,#3144,#3152));
#3135 = ORIENTED_EDGE('',*,*,#3136,.F.);
#3136 = EDGE_CURVE('',#1467,#3137,#3139,.T.);
#3137 = VERTEX_POINT('',#3138);
#3138 = CARTESIAN_POINT('',(0.32,-15.56,8.38));
#3139 = LINE('',#3140,#3141);
#3140 = CARTESIAN_POINT('',(0.32,-15.56,-3.));
#3141 = VECTOR('',#3142,1.);
#3142 = DIRECTION('',(0.,0.,1.));
#3143 = ORIENTED_EDGE('',*,*,#1466,.T.);
#3144 = ORIENTED_EDGE('',*,*,#3145,.T.);
#3145 = EDGE_CURVE('',#1469,#3146,#3148,.T.);
#3146 = VERTEX_POINT('',#3147);
#3147 = CARTESIAN_POINT('',(0.32,-14.92,8.38));
#3148 = LINE('',#3149,#3150);
#3149 = CARTESIAN_POINT('',(0.32,-14.92,-3.));
#3150 = VECTOR('',#3151,1.);
#3151 = DIRECTION('',(0.,0.,1.));
#3152 = ORIENTED_EDGE('',*,*,#3153,.F.);
#3153 = EDGE_CURVE('',#3137,#3146,#3154,.T.);
#3154 = LINE('',#3155,#3156);
#3155 = CARTESIAN_POINT('',(0.32,-15.56,8.38));
#3156 = VECTOR('',#3157,1.);
#3157 = DIRECTION('',(0.,1.,0.));
#3158 = PLANE('',#3159);
#3159 = AXIS2_PLACEMENT_3D('',#3160,#3161,#3162);
#3160 = CARTESIAN_POINT('',(0.32,-15.56,-3.));
#3161 = DIRECTION('',(1.,0.,0.));
#3162 = DIRECTION('',(0.,0.,1.));
#3163 = ADVANCED_FACE('',(#3164),#3182,.T.);
#3164 = FACE_BOUND('',#3165,.T.);
#3165 = EDGE_LOOP('',(#3166,#3167,#3168,#3176));
#3166 = ORIENTED_EDGE('',*,*,#3145,.F.);
#3167 = ORIENTED_EDGE('',*,*,#1492,.T.);
#3168 = ORIENTED_EDGE('',*,*,#3169,.T.);
#3169 = EDGE_CURVE('',#1485,#3170,#3172,.T.);
#3170 = VERTEX_POINT('',#3171);
#3171 = CARTESIAN_POINT('',(-0.32,-14.92,8.38));
#3172 = LINE('',#3173,#3174);
#3173 = CARTESIAN_POINT('',(-0.32,-14.92,-3.));
#3174 = VECTOR('',#3175,1.);
#3175 = DIRECTION('',(0.,0.,1.));
#3176 = ORIENTED_EDGE('',*,*,#3177,.T.);
#3177 = EDGE_CURVE('',#3170,#3146,#3178,.T.);
#3178 = LINE('',#3179,#3180);
#3179 = CARTESIAN_POINT('',(-0.32,-14.92,8.38));
#3180 = VECTOR('',#3181,1.);
#3181 = DIRECTION('',(1.,0.,0.));
#3182 = PLANE('',#3183);
#3183 = AXIS2_PLACEMENT_3D('',#3184,#3185,#3186);
#3184 = CARTESIAN_POINT('',(-0.32,-14.92,-3.));
#3185 = DIRECTION('',(0.,1.,0.));
#3186 = DIRECTION('',(0.,-0.,1.));
#3187 = ADVANCED_FACE('',(#3188),#3206,.F.);
#3188 = FACE_BOUND('',#3189,.F.);
#3189 = EDGE_LOOP('',(#3190,#3198,#3199,#3200));
#3190 = ORIENTED_EDGE('',*,*,#3191,.F.);
#3191 = EDGE_CURVE('',#1477,#3192,#3194,.T.);
#3192 = VERTEX_POINT('',#3193);
#3193 = CARTESIAN_POINT('',(-0.32,-15.56,8.38));
#3194 = LINE('',#3195,#3196);
#3195 = CARTESIAN_POINT('',(-0.32,-15.56,-3.));
#3196 = VECTOR('',#3197,1.);
#3197 = DIRECTION('',(0.,0.,1.));
#3198 = ORIENTED_EDGE('',*,*,#1484,.T.);
#3199 = ORIENTED_EDGE('',*,*,#3169,.T.);
#3200 = ORIENTED_EDGE('',*,*,#3201,.F.);
#3201 = EDGE_CURVE('',#3192,#3170,#3202,.T.);
#3202 = LINE('',#3203,#3204);
#3203 = CARTESIAN_POINT('',(-0.32,-15.56,8.38));
#3204 = VECTOR('',#3205,1.);
#3205 = DIRECTION('',(0.,1.,0.));
#3206 = PLANE('',#3207);
#3207 = AXIS2_PLACEMENT_3D('',#3208,#3209,#3210);
#3208 = CARTESIAN_POINT('',(-0.32,-15.56,-3.));
#3209 = DIRECTION('',(1.,0.,0.));
#3210 = DIRECTION('',(0.,0.,1.));
#3211 = ADVANCED_FACE('',(#3212),#3223,.F.);
#3212 = FACE_BOUND('',#3213,.F.);
#3213 = EDGE_LOOP('',(#3214,#3215,#3216,#3217));
#3214 = ORIENTED_EDGE('',*,*,#3136,.F.);
#3215 = ORIENTED_EDGE('',*,*,#1476,.T.);
#3216 = ORIENTED_EDGE('',*,*,#3191,.T.);
#3217 = ORIENTED_EDGE('',*,*,#3218,.T.);
#3218 = EDGE_CURVE('',#3192,#3137,#3219,.T.);
#3219 = LINE('',#3220,#3221);
#3220 = CARTESIAN_POINT('',(-0.32,-15.56,8.38));
#3221 = VECTOR('',#3222,1.);
#3222 = DIRECTION('',(1.,0.,0.));
#3223 = PLANE('',#3224);
#3224 = AXIS2_PLACEMENT_3D('',#3225,#3226,#3227);
#3225 = CARTESIAN_POINT('',(-0.32,-15.56,-3.));
#3226 = DIRECTION('',(0.,1.,0.));
#3227 = DIRECTION('',(0.,-0.,1.));
#3228 = ADVANCED_FACE('',(#3229),#3254,.T.);
#3229 = FACE_BOUND('',#3230,.T.);
#3230 = EDGE_LOOP('',(#3231,#3239,#3240,#3248));
#3231 = ORIENTED_EDGE('',*,*,#3232,.F.);
#3232 = EDGE_CURVE('',#1501,#3233,#3235,.T.);
#3233 = VERTEX_POINT('',#3234);
#3234 = CARTESIAN_POINT('',(0.32,-9.84,8.38));
#3235 = LINE('',#3236,#3237);
#3236 = CARTESIAN_POINT('',(0.32,-9.84,-3.));
#3237 = VECTOR('',#3238,1.);
#3238 = DIRECTION('',(0.,0.,1.));
#3239 = ORIENTED_EDGE('',*,*,#1500,.T.);
#3240 = ORIENTED_EDGE('',*,*,#3241,.T.);
#3241 = EDGE_CURVE('',#1503,#3242,#3244,.T.);
#3242 = VERTEX_POINT('',#3243);
#3243 = CARTESIAN_POINT('',(-0.32,-9.84,8.38));
#3244 = LINE('',#3245,#3246);
#3245 = CARTESIAN_POINT('',(-0.32,-9.84,-3.));
#3246 = VECTOR('',#3247,1.);
#3247 = DIRECTION('',(0.,0.,1.));
#3248 = ORIENTED_EDGE('',*,*,#3249,.T.);
#3249 = EDGE_CURVE('',#3242,#3233,#3250,.T.);
#3250 = LINE('',#3251,#3252);
#3251 = CARTESIAN_POINT('',(-0.32,-9.84,8.38));
#3252 = VECTOR('',#3253,1.);
#3253 = DIRECTION('',(1.,0.,0.));
#3254 = PLANE('',#3255);
#3255 = AXIS2_PLACEMENT_3D('',#3256,#3257,#3258);
#3256 = CARTESIAN_POINT('',(-0.32,-9.84,-3.));
#3257 = DIRECTION('',(0.,1.,0.));
#3258 = DIRECTION('',(0.,-0.,1.));
#3259 = ADVANCED_FACE('',(#3260),#3278,.F.);
#3260 = FACE_BOUND('',#3261,.F.);
#3261 = EDGE_LOOP('',(#3262,#3270,#3271,#3272));
#3262 = ORIENTED_EDGE('',*,*,#3263,.F.);
#3263 = EDGE_CURVE('',#1519,#3264,#3266,.T.);
#3264 = VERTEX_POINT('',#3265);
#3265 = CARTESIAN_POINT('',(-0.32,-10.48,8.38));
#3266 = LINE('',#3267,#3268);
#3267 = CARTESIAN_POINT('',(-0.32,-10.48,-3.));
#3268 = VECTOR('',#3269,1.);
#3269 = DIRECTION('',(0.,0.,1.));
#3270 = ORIENTED_EDGE('',*,*,#1526,.T.);
#3271 = ORIENTED_EDGE('',*,*,#3241,.T.);
#3272 = ORIENTED_EDGE('',*,*,#3273,.F.);
#3273 = EDGE_CURVE('',#3264,#3242,#3274,.T.);
#3274 = LINE('',#3275,#3276);
#3275 = CARTESIAN_POINT('',(-0.32,-10.48,8.38));
#3276 = VECTOR('',#3277,1.);
#3277 = DIRECTION('',(0.,1.,0.));
#3278 = PLANE('',#3279);
#3279 = AXIS2_PLACEMENT_3D('',#3280,#3281,#3282);
#3280 = CARTESIAN_POINT('',(-0.32,-10.48,-3.));
#3281 = DIRECTION('',(1.,0.,0.));
#3282 = DIRECTION('',(0.,0.,1.));
#3283 = ADVANCED_FACE('',(#3284),#3302,.F.);
#3284 = FACE_BOUND('',#3285,.F.);
#3285 = EDGE_LOOP('',(#3286,#3294,#3295,#3296));
#3286 = ORIENTED_EDGE('',*,*,#3287,.F.);
#3287 = EDGE_CURVE('',#1511,#3288,#3290,.T.);
#3288 = VERTEX_POINT('',#3289);
#3289 = CARTESIAN_POINT('',(0.32,-10.48,8.38));
#3290 = LINE('',#3291,#3292);
#3291 = CARTESIAN_POINT('',(0.32,-10.48,-3.));
#3292 = VECTOR('',#3293,1.);
#3293 = DIRECTION('',(0.,0.,1.));
#3294 = ORIENTED_EDGE('',*,*,#1518,.T.);
#3295 = ORIENTED_EDGE('',*,*,#3263,.T.);
#3296 = ORIENTED_EDGE('',*,*,#3297,.T.);
#3297 = EDGE_CURVE('',#3264,#3288,#3298,.T.);
#3298 = LINE('',#3299,#3300);
#3299 = CARTESIAN_POINT('',(-0.32,-10.48,8.38));
#3300 = VECTOR('',#3301,1.);
#3301 = DIRECTION('',(1.,0.,0.));
#3302 = PLANE('',#3303);
#3303 = AXIS2_PLACEMENT_3D('',#3304,#3305,#3306);
#3304 = CARTESIAN_POINT('',(-0.32,-10.48,-3.));
#3305 = DIRECTION('',(0.,1.,0.));
#3306 = DIRECTION('',(0.,-0.,1.));
#3307 = ADVANCED_FACE('',(#3308),#3319,.T.);
#3308 = FACE_BOUND('',#3309,.T.);
#3309 = EDGE_LOOP('',(#3310,#3311,#3312,#3313));
#3310 = ORIENTED_EDGE('',*,*,#3287,.F.);
#3311 = ORIENTED_EDGE('',*,*,#1510,.T.);
#3312 = ORIENTED_EDGE('',*,*,#3232,.T.);
#3313 = ORIENTED_EDGE('',*,*,#3314,.F.);
#3314 = EDGE_CURVE('',#3288,#3233,#3315,.T.);
#3315 = LINE('',#3316,#3317);
#3316 = CARTESIAN_POINT('',(0.32,-10.48,8.38));
#3317 = VECTOR('',#3318,1.);
#3318 = DIRECTION('',(0.,1.,0.));
#3319 = PLANE('',#3320);
#3320 = AXIS2_PLACEMENT_3D('',#3321,#3322,#3323);
#3321 = CARTESIAN_POINT('',(0.32,-10.48,-3.));
#3322 = DIRECTION('',(1.,0.,0.));
#3323 = DIRECTION('',(0.,0.,1.));
#3324 = ADVANCED_FACE('',(#3325),#3350,.T.);
#3325 = FACE_BOUND('',#3326,.T.);
#3326 = EDGE_LOOP('',(#3327,#3335,#3336,#3344));
#3327 = ORIENTED_EDGE('',*,*,#3328,.F.);
#3328 = EDGE_CURVE('',#1535,#3329,#3331,.T.);
#3329 = VERTEX_POINT('',#3330);
#3330 = CARTESIAN_POINT('',(0.32,-2.86,8.38));
#3331 = LINE('',#3332,#3333);
#3332 = CARTESIAN_POINT('',(0.32,-2.86,-3.));
#3333 = VECTOR('',#3334,1.);
#3334 = DIRECTION('',(0.,0.,1.));
#3335 = ORIENTED_EDGE('',*,*,#1534,.T.);
#3336 = ORIENTED_EDGE('',*,*,#3337,.T.);
#3337 = EDGE_CURVE('',#1537,#3338,#3340,.T.);
#3338 = VERTEX_POINT('',#3339);
#3339 = CARTESIAN_POINT('',(0.32,-2.22,8.38));
#3340 = LINE('',#3341,#3342);
#3341 = CARTESIAN_POINT('',(0.32,-2.22,-3.));
#3342 = VECTOR('',#3343,1.);
#3343 = DIRECTION('',(0.,0.,1.));
#3344 = ORIENTED_EDGE('',*,*,#3345,.F.);
#3345 = EDGE_CURVE('',#3329,#3338,#3346,.T.);
#3346 = LINE('',#3347,#3348);
#3347 = CARTESIAN_POINT('',(0.32,-2.86,8.38));
#3348 = VECTOR('',#3349,1.);
#3349 = DIRECTION('',(0.,1.,0.));
#3350 = PLANE('',#3351);
#3351 = AXIS2_PLACEMENT_3D('',#3352,#3353,#3354);
#3352 = CARTESIAN_POINT('',(0.32,-2.86,-3.));
#3353 = DIRECTION('',(1.,0.,0.));
#3354 = DIRECTION('',(0.,0.,1.));
#3355 = ADVANCED_FACE('',(#3356),#3374,.T.);
#3356 = FACE_BOUND('',#3357,.T.);
#3357 = EDGE_LOOP('',(#3358,#3359,#3360,#3368));
#3358 = ORIENTED_EDGE('',*,*,#3337,.F.);
#3359 = ORIENTED_EDGE('',*,*,#1560,.T.);
#3360 = ORIENTED_EDGE('',*,*,#3361,.T.);
#3361 = EDGE_CURVE('',#1553,#3362,#3364,.T.);
#3362 = VERTEX_POINT('',#3363);
#3363 = CARTESIAN_POINT('',(-0.32,-2.22,8.38));
#3364 = LINE('',#3365,#3366);
#3365 = CARTESIAN_POINT('',(-0.32,-2.22,-3.));
#3366 = VECTOR('',#3367,1.);
#3367 = DIRECTION('',(0.,0.,1.));
#3368 = ORIENTED_EDGE('',*,*,#3369,.T.);
#3369 = EDGE_CURVE('',#3362,#3338,#3370,.T.);
#3370 = LINE('',#3371,#3372);
#3371 = CARTESIAN_POINT('',(-0.32,-2.22,8.38));
#3372 = VECTOR('',#3373,1.);
#3373 = DIRECTION('',(1.,0.,0.));
#3374 = PLANE('',#3375);
#3375 = AXIS2_PLACEMENT_3D('',#3376,#3377,#3378);
#3376 = CARTESIAN_POINT('',(-0.32,-2.22,-3.));
#3377 = DIRECTION('',(0.,1.,0.));
#3378 = DIRECTION('',(0.,-0.,1.));
#3379 = ADVANCED_FACE('',(#3380),#3398,.F.);
#3380 = FACE_BOUND('',#3381,.F.);
#3381 = EDGE_LOOP('',(#3382,#3390,#3391,#3392));
#3382 = ORIENTED_EDGE('',*,*,#3383,.F.);
#3383 = EDGE_CURVE('',#1545,#3384,#3386,.T.);
#3384 = VERTEX_POINT('',#3385);
#3385 = CARTESIAN_POINT('',(-0.32,-2.86,8.38));
#3386 = LINE('',#3387,#3388);
#3387 = CARTESIAN_POINT('',(-0.32,-2.86,-3.));
#3388 = VECTOR('',#3389,1.);
#3389 = DIRECTION('',(0.,0.,1.));
#3390 = ORIENTED_EDGE('',*,*,#1552,.T.);
#3391 = ORIENTED_EDGE('',*,*,#3361,.T.);
#3392 = ORIENTED_EDGE('',*,*,#3393,.F.);
#3393 = EDGE_CURVE('',#3384,#3362,#3394,.T.);
#3394 = LINE('',#3395,#3396);
#3395 = CARTESIAN_POINT('',(-0.32,-2.86,8.38));
#3396 = VECTOR('',#3397,1.);
#3397 = DIRECTION('',(0.,1.,0.));
#3398 = PLANE('',#3399);
#3399 = AXIS2_PLACEMENT_3D('',#3400,#3401,#3402);
#3400 = CARTESIAN_POINT('',(-0.32,-2.86,-3.));
#3401 = DIRECTION('',(1.,0.,0.));
#3402 = DIRECTION('',(0.,0.,1.));
#3403 = ADVANCED_FACE('',(#3404),#3415,.F.);
#3404 = FACE_BOUND('',#3405,.F.);
#3405 = EDGE_LOOP('',(#3406,#3407,#3408,#3409));
#3406 = ORIENTED_EDGE('',*,*,#3328,.F.);
#3407 = ORIENTED_EDGE('',*,*,#1544,.T.);
#3408 = ORIENTED_EDGE('',*,*,#3383,.T.);
#3409 = ORIENTED_EDGE('',*,*,#3410,.T.);
#3410 = EDGE_CURVE('',#3384,#3329,#3411,.T.);
#3411 = LINE('',#3412,#3413);
#3412 = CARTESIAN_POINT('',(-0.32,-2.86,8.38));
#3413 = VECTOR('',#3414,1.);
#3414 = DIRECTION('',(1.,0.,0.));
#3415 = PLANE('',#3416);
#3416 = AXIS2_PLACEMENT_3D('',#3417,#3418,#3419);
#3417 = CARTESIAN_POINT('',(-0.32,-2.86,-3.));
#3418 = DIRECTION('',(0.,1.,0.));
#3419 = DIRECTION('',(0.,-0.,1.));
#3420 = ADVANCED_FACE('',(#3421),#3446,.F.);
#3421 = FACE_BOUND('',#3422,.F.);
#3422 = EDGE_LOOP('',(#3423,#3431,#3432,#3440));
#3423 = ORIENTED_EDGE('',*,*,#3424,.F.);
#3424 = EDGE_CURVE('',#1569,#3425,#3427,.T.);
#3425 = VERTEX_POINT('',#3426);
#3426 = CARTESIAN_POINT('',(0.32,-5.4,8.38));
#3427 = LINE('',#3428,#3429);
#3428 = CARTESIAN_POINT('',(0.32,-5.4,-3.));
#3429 = VECTOR('',#3430,1.);
#3430 = DIRECTION('',(0.,0.,1.));
#3431 = ORIENTED_EDGE('',*,*,#1568,.T.);
#3432 = ORIENTED_EDGE('',*,*,#3433,.T.);
#3433 = EDGE_CURVE('',#1571,#3434,#3436,.T.);
#3434 = VERTEX_POINT('',#3435);
#3435 = CARTESIAN_POINT('',(-0.32,-5.4,8.38));
#3436 = LINE('',#3437,#3438);
#3437 = CARTESIAN_POINT('',(-0.32,-5.4,-3.));
#3438 = VECTOR('',#3439,1.);
#3439 = DIRECTION('',(0.,0.,1.));
#3440 = ORIENTED_EDGE('',*,*,#3441,.T.);
#3441 = EDGE_CURVE('',#3434,#3425,#3442,.T.);
#3442 = LINE('',#3443,#3444);
#3443 = CARTESIAN_POINT('',(-0.32,-5.4,8.38));
#3444 = VECTOR('',#3445,1.);
#3445 = DIRECTION('',(1.,0.,0.));
#3446 = PLANE('',#3447);
#3447 = AXIS2_PLACEMENT_3D('',#3448,#3449,#3450);
#3448 = CARTESIAN_POINT('',(-0.32,-5.4,-3.));
#3449 = DIRECTION('',(0.,1.,0.));
#3450 = DIRECTION('',(0.,-0.,1.));
#3451 = ADVANCED_FACE('',(#3452),#3470,.T.);
#3452 = FACE_BOUND('',#3453,.T.);
#3453 = EDGE_LOOP('',(#3454,#3455,#3456,#3464));
#3454 = ORIENTED_EDGE('',*,*,#3424,.F.);
#3455 = ORIENTED_EDGE('',*,*,#1594,.T.);
#3456 = ORIENTED_EDGE('',*,*,#3457,.T.);
#3457 = EDGE_CURVE('',#1587,#3458,#3460,.T.);
#3458 = VERTEX_POINT('',#3459);
#3459 = CARTESIAN_POINT('',(0.32,-4.76,8.38));
#3460 = LINE('',#3461,#3462);
#3461 = CARTESIAN_POINT('',(0.32,-4.76,-3.));
#3462 = VECTOR('',#3463,1.);
#3463 = DIRECTION('',(0.,0.,1.));
#3464 = ORIENTED_EDGE('',*,*,#3465,.F.);
#3465 = EDGE_CURVE('',#3425,#3458,#3466,.T.);
#3466 = LINE('',#3467,#3468);
#3467 = CARTESIAN_POINT('',(0.32,-5.4,8.38));
#3468 = VECTOR('',#3469,1.);
#3469 = DIRECTION('',(0.,1.,0.));
#3470 = PLANE('',#3471);
#3471 = AXIS2_PLACEMENT_3D('',#3472,#3473,#3474);
#3472 = CARTESIAN_POINT('',(0.32,-5.4,-3.));
#3473 = DIRECTION('',(1.,0.,0.));
#3474 = DIRECTION('',(0.,0.,1.));
#3475 = ADVANCED_FACE('',(#3476),#3494,.T.);
#3476 = FACE_BOUND('',#3477,.T.);
#3477 = EDGE_LOOP('',(#3478,#3479,#3480,#3488));
#3478 = ORIENTED_EDGE('',*,*,#3457,.F.);
#3479 = ORIENTED_EDGE('',*,*,#1586,.T.);
#3480 = ORIENTED_EDGE('',*,*,#3481,.T.);
#3481 = EDGE_CURVE('',#1579,#3482,#3484,.T.);
#3482 = VERTEX_POINT('',#3483);
#3483 = CARTESIAN_POINT('',(-0.32,-4.76,8.38));
#3484 = LINE('',#3485,#3486);
#3485 = CARTESIAN_POINT('',(-0.32,-4.76,-3.));
#3486 = VECTOR('',#3487,1.);
#3487 = DIRECTION('',(0.,0.,1.));
#3488 = ORIENTED_EDGE('',*,*,#3489,.T.);
#3489 = EDGE_CURVE('',#3482,#3458,#3490,.T.);
#3490 = LINE('',#3491,#3492);
#3491 = CARTESIAN_POINT('',(-0.32,-4.76,8.38));
#3492 = VECTOR('',#3493,1.);
#3493 = DIRECTION('',(1.,0.,0.));
#3494 = PLANE('',#3495);
#3495 = AXIS2_PLACEMENT_3D('',#3496,#3497,#3498);
#3496 = CARTESIAN_POINT('',(-0.32,-4.76,-3.));
#3497 = DIRECTION('',(0.,1.,0.));
#3498 = DIRECTION('',(0.,-0.,1.));
#3499 = ADVANCED_FACE('',(#3500),#3511,.F.);
#3500 = FACE_BOUND('',#3501,.F.);
#3501 = EDGE_LOOP('',(#3502,#3503,#3504,#3505));
#3502 = ORIENTED_EDGE('',*,*,#3433,.F.);
#3503 = ORIENTED_EDGE('',*,*,#1578,.T.);
#3504 = ORIENTED_EDGE('',*,*,#3481,.T.);
#3505 = ORIENTED_EDGE('',*,*,#3506,.F.);
#3506 = EDGE_CURVE('',#3434,#3482,#3507,.T.);
#3507 = LINE('',#3508,#3509);
#3508 = CARTESIAN_POINT('',(-0.32,-5.4,8.38));
#3509 = VECTOR('',#3510,1.);
#3510 = DIRECTION('',(0.,1.,0.));
#3511 = PLANE('',#3512);
#3512 = AXIS2_PLACEMENT_3D('',#3513,#3514,#3515);
#3513 = CARTESIAN_POINT('',(-0.32,-5.4,-3.));
#3514 = DIRECTION('',(1.,0.,0.));
#3515 = DIRECTION('',(0.,0.,1.));
#3516 = ADVANCED_FACE('',(#3517),#3542,.T.);
#3517 = FACE_BOUND('',#3518,.T.);
#3518 = EDGE_LOOP('',(#3519,#3527,#3528,#3536));
#3519 = ORIENTED_EDGE('',*,*,#3520,.F.);
#3520 = EDGE_CURVE('',#1603,#3521,#3523,.T.);
#3521 = VERTEX_POINT('',#3522);
#3522 = CARTESIAN_POINT('',(0.32,-7.94,8.38));
#3523 = LINE('',#3524,#3525);
#3524 = CARTESIAN_POINT('',(0.32,-7.94,-3.));
#3525 = VECTOR('',#3526,1.);
#3526 = DIRECTION('',(0.,0.,1.));
#3527 = ORIENTED_EDGE('',*,*,#1602,.T.);
#3528 = ORIENTED_EDGE('',*,*,#3529,.T.);
#3529 = EDGE_CURVE('',#1605,#3530,#3532,.T.);
#3530 = VERTEX_POINT('',#3531);
#3531 = CARTESIAN_POINT('',(0.32,-7.3,8.38));
#3532 = LINE('',#3533,#3534);
#3533 = CARTESIAN_POINT('',(0.32,-7.3,-3.));
#3534 = VECTOR('',#3535,1.);
#3535 = DIRECTION('',(0.,0.,1.));
#3536 = ORIENTED_EDGE('',*,*,#3537,.F.);
#3537 = EDGE_CURVE('',#3521,#3530,#3538,.T.);
#3538 = LINE('',#3539,#3540);
#3539 = CARTESIAN_POINT('',(0.32,-7.94,8.38));
#3540 = VECTOR('',#3541,1.);
#3541 = DIRECTION('',(0.,1.,0.));
#3542 = PLANE('',#3543);
#3543 = AXIS2_PLACEMENT_3D('',#3544,#3545,#3546);
#3544 = CARTESIAN_POINT('',(0.32,-7.94,-3.));
#3545 = DIRECTION('',(1.,0.,0.));
#3546 = DIRECTION('',(0.,0.,1.));
#3547 = ADVANCED_FACE('',(#3548),#3566,.T.);
#3548 = FACE_BOUND('',#3549,.T.);
#3549 = EDGE_LOOP('',(#3550,#3551,#3552,#3560));
#3550 = ORIENTED_EDGE('',*,*,#3529,.F.);
#3551 = ORIENTED_EDGE('',*,*,#1628,.T.);
#3552 = ORIENTED_EDGE('',*,*,#3553,.T.);
#3553 = EDGE_CURVE('',#1621,#3554,#3556,.T.);
#3554 = VERTEX_POINT('',#3555);
#3555 = CARTESIAN_POINT('',(-0.32,-7.3,8.38));
#3556 = LINE('',#3557,#3558);
#3557 = CARTESIAN_POINT('',(-0.32,-7.3,-3.));
#3558 = VECTOR('',#3559,1.);
#3559 = DIRECTION('',(0.,0.,1.));
#3560 = ORIENTED_EDGE('',*,*,#3561,.T.);
#3561 = EDGE_CURVE('',#3554,#3530,#3562,.T.);
#3562 = LINE('',#3563,#3564);
#3563 = CARTESIAN_POINT('',(-0.32,-7.3,8.38));
#3564 = VECTOR('',#3565,1.);
#3565 = DIRECTION('',(1.,0.,0.));
#3566 = PLANE('',#3567);
#3567 = AXIS2_PLACEMENT_3D('',#3568,#3569,#3570);
#3568 = CARTESIAN_POINT('',(-0.32,-7.3,-3.));
#3569 = DIRECTION('',(0.,1.,0.));
#3570 = DIRECTION('',(0.,-0.,1.));
#3571 = ADVANCED_FACE('',(#3572),#3590,.F.);
#3572 = FACE_BOUND('',#3573,.F.);
#3573 = EDGE_LOOP('',(#3574,#3582,#3583,#3584));
#3574 = ORIENTED_EDGE('',*,*,#3575,.F.);
#3575 = EDGE_CURVE('',#1613,#3576,#3578,.T.);
#3576 = VERTEX_POINT('',#3577);
#3577 = CARTESIAN_POINT('',(-0.32,-7.94,8.38));
#3578 = LINE('',#3579,#3580);
#3579 = CARTESIAN_POINT('',(-0.32,-7.94,-3.));
#3580 = VECTOR('',#3581,1.);
#3581 = DIRECTION('',(0.,0.,1.));
#3582 = ORIENTED_EDGE('',*,*,#1620,.T.);
#3583 = ORIENTED_EDGE('',*,*,#3553,.T.);
#3584 = ORIENTED_EDGE('',*,*,#3585,.F.);
#3585 = EDGE_CURVE('',#3576,#3554,#3586,.T.);
#3586 = LINE('',#3587,#3588);
#3587 = CARTESIAN_POINT('',(-0.32,-7.94,8.38));
#3588 = VECTOR('',#3589,1.);
#3589 = DIRECTION('',(0.,1.,0.));
#3590 = PLANE('',#3591);
#3591 = AXIS2_PLACEMENT_3D('',#3592,#3593,#3594);
#3592 = CARTESIAN_POINT('',(-0.32,-7.94,-3.));
#3593 = DIRECTION('',(1.,0.,0.));
#3594 = DIRECTION('',(0.,0.,1.));
#3595 = ADVANCED_FACE('',(#3596),#3607,.F.);
#3596 = FACE_BOUND('',#3597,.F.);
#3597 = EDGE_LOOP('',(#3598,#3599,#3600,#3601));
#3598 = ORIENTED_EDGE('',*,*,#3520,.F.);
#3599 = ORIENTED_EDGE('',*,*,#1612,.T.);
#3600 = ORIENTED_EDGE('',*,*,#3575,.T.);
#3601 = ORIENTED_EDGE('',*,*,#3602,.T.);
#3602 = EDGE_CURVE('',#3576,#3521,#3603,.T.);
#3603 = LINE('',#3604,#3605);
#3604 = CARTESIAN_POINT('',(-0.32,-7.94,8.38));
#3605 = VECTOR('',#3606,1.);
#3606 = DIRECTION('',(1.,0.,0.));
#3607 = PLANE('',#3608);
#3608 = AXIS2_PLACEMENT_3D('',#3609,#3610,#3611);
#3609 = CARTESIAN_POINT('',(-0.32,-7.94,-3.));
#3610 = DIRECTION('',(0.,1.,0.));
#3611 = DIRECTION('',(0.,-0.,1.));
#3612 = ADVANCED_FACE('',(#3613),#3638,.F.);
#3613 = FACE_BOUND('',#3614,.F.);
#3614 = EDGE_LOOP('',(#3615,#3623,#3624,#3632));
#3615 = ORIENTED_EDGE('',*,*,#3616,.F.);
#3616 = EDGE_CURVE('',#1637,#3617,#3619,.T.);
#3617 = VERTEX_POINT('',#3618);
#3618 = CARTESIAN_POINT('',(0.32,-0.32,8.38));
#3619 = LINE('',#3620,#3621);
#3620 = CARTESIAN_POINT('',(0.32,-0.32,-3.));
#3621 = VECTOR('',#3622,1.);
#3622 = DIRECTION('',(0.,0.,1.));
#3623 = ORIENTED_EDGE('',*,*,#1636,.T.);
#3624 = ORIENTED_EDGE('',*,*,#3625,.T.);
#3625 = EDGE_CURVE('',#1639,#3626,#3628,.T.);
#3626 = VERTEX_POINT('',#3627);
#3627 = CARTESIAN_POINT('',(-0.32,-0.32,8.38));
#3628 = LINE('',#3629,#3630);
#3629 = CARTESIAN_POINT('',(-0.32,-0.32,-3.));
#3630 = VECTOR('',#3631,1.);
#3631 = DIRECTION('',(0.,0.,1.));
#3632 = ORIENTED_EDGE('',*,*,#3633,.T.);
#3633 = EDGE_CURVE('',#3626,#3617,#3634,.T.);
#3634 = LINE('',#3635,#3636);
#3635 = CARTESIAN_POINT('',(-0.32,-0.32,8.38));
#3636 = VECTOR('',#3637,1.);
#3637 = DIRECTION('',(1.,0.,0.));
#3638 = PLANE('',#3639);
#3639 = AXIS2_PLACEMENT_3D('',#3640,#3641,#3642);
#3640 = CARTESIAN_POINT('',(-0.32,-0.32,-3.));
#3641 = DIRECTION('',(0.,1.,0.));
#3642 = DIRECTION('',(0.,-0.,1.));
#3643 = ADVANCED_FACE('',(#3644),#3662,.T.);
#3644 = FACE_BOUND('',#3645,.T.);
#3645 = EDGE_LOOP('',(#3646,#3647,#3648,#3656));
#3646 = ORIENTED_EDGE('',*,*,#3616,.F.);
#3647 = ORIENTED_EDGE('',*,*,#1662,.T.);
#3648 = ORIENTED_EDGE('',*,*,#3649,.T.);
#3649 = EDGE_CURVE('',#1655,#3650,#3652,.T.);
#3650 = VERTEX_POINT('',#3651);
#3651 = CARTESIAN_POINT('',(0.32,0.32,8.38));
#3652 = LINE('',#3653,#3654);
#3653 = CARTESIAN_POINT('',(0.32,0.32,-3.));
#3654 = VECTOR('',#3655,1.);
#3655 = DIRECTION('',(0.,0.,1.));
#3656 = ORIENTED_EDGE('',*,*,#3657,.F.);
#3657 = EDGE_CURVE('',#3617,#3650,#3658,.T.);
#3658 = LINE('',#3659,#3660);
#3659 = CARTESIAN_POINT('',(0.32,-0.32,8.38));
#3660 = VECTOR('',#3661,1.);
#3661 = DIRECTION('',(0.,1.,0.));
#3662 = PLANE('',#3663);
#3663 = AXIS2_PLACEMENT_3D('',#3664,#3665,#3666);
#3664 = CARTESIAN_POINT('',(0.32,-0.32,-3.));
#3665 = DIRECTION('',(1.,0.,0.));
#3666 = DIRECTION('',(0.,0.,1.));
#3667 = ADVANCED_FACE('',(#3668),#3686,.T.);
#3668 = FACE_BOUND('',#3669,.T.);
#3669 = EDGE_LOOP('',(#3670,#3671,#3672,#3680));
#3670 = ORIENTED_EDGE('',*,*,#3649,.F.);
#3671 = ORIENTED_EDGE('',*,*,#1654,.T.);
#3672 = ORIENTED_EDGE('',*,*,#3673,.T.);
#3673 = EDGE_CURVE('',#1647,#3674,#3676,.T.);
#3674 = VERTEX_POINT('',#3675);
#3675 = CARTESIAN_POINT('',(-0.32,0.32,8.38));
#3676 = LINE('',#3677,#3678);
#3677 = CARTESIAN_POINT('',(-0.32,0.32,-3.));
#3678 = VECTOR('',#3679,1.);
#3679 = DIRECTION('',(0.,0.,1.));
#3680 = ORIENTED_EDGE('',*,*,#3681,.T.);
#3681 = EDGE_CURVE('',#3674,#3650,#3682,.T.);
#3682 = LINE('',#3683,#3684);
#3683 = CARTESIAN_POINT('',(-0.32,0.32,8.38));
#3684 = VECTOR('',#3685,1.);
#3685 = DIRECTION('',(1.,0.,0.));
#3686 = PLANE('',#3687);
#3687 = AXIS2_PLACEMENT_3D('',#3688,#3689,#3690);
#3688 = CARTESIAN_POINT('',(-0.32,0.32,-3.));
#3689 = DIRECTION('',(0.,1.,0.));
#3690 = DIRECTION('',(0.,-0.,1.));
#3691 = ADVANCED_FACE('',(#3692),#3703,.F.);
#3692 = FACE_BOUND('',#3693,.F.);
#3693 = EDGE_LOOP('',(#3694,#3695,#3696,#3697));
#3694 = ORIENTED_EDGE('',*,*,#3625,.F.);
#3695 = ORIENTED_EDGE('',*,*,#1646,.T.);
#3696 = ORIENTED_EDGE('',*,*,#3673,.T.);
#3697 = ORIENTED_EDGE('',*,*,#3698,.F.);
#3698 = EDGE_CURVE('',#3626,#3674,#3699,.T.);
#3699 = LINE('',#3700,#3701);
#3700 = CARTESIAN_POINT('',(-0.32,-0.32,8.38));
#3701 = VECTOR('',#3702,1.);
#3702 = DIRECTION('',(0.,1.,0.));
#3703 = PLANE('',#3704);
#3704 = AXIS2_PLACEMENT_3D('',#3705,#3706,#3707);
#3705 = CARTESIAN_POINT('',(-0.32,-0.32,-3.));
#3706 = DIRECTION('',(1.,0.,0.));
#3707 = DIRECTION('',(0.,0.,1.));
#3708 = ADVANCED_FACE('',(#3709),#3734,.F.);
#3709 = FACE_BOUND('',#3710,.T.);
#3710 = EDGE_LOOP('',(#3711,#3719,#3720,#3728));
#3711 = ORIENTED_EDGE('',*,*,#3712,.F.);
#3712 = EDGE_CURVE('',#2377,#3713,#3715,.T.);
#3713 = VERTEX_POINT('',#3714);
#3714 = CARTESIAN_POINT('',(-0.16,-12.54,-3.));
#3715 = LINE('',#3716,#3717);
#3716 = CARTESIAN_POINT('',(-0.16,-12.54,-3.));
#3717 = VECTOR('',#3718,1.);
#3718 = DIRECTION('',(0.57735026919,-0.57735026919,-0.57735026919));
#3719 = ORIENTED_EDGE('',*,*,#2376,.T.);
#3720 = ORIENTED_EDGE('',*,*,#3721,.T.);
#3721 = EDGE_CURVE('',#2369,#3722,#3724,.T.);
#3722 = VERTEX_POINT('',#3723);
#3723 = CARTESIAN_POINT('',(0.16,-12.54,-3.));
#3724 = LINE('',#3725,#3726);
#3725 = CARTESIAN_POINT('',(5.333333333333E-02,-12.64666666666,
    -3.106666666667));
#3726 = VECTOR('',#3727,1.);
#3727 = DIRECTION('',(-0.57735026919,-0.57735026919,-0.57735026919));
#3728 = ORIENTED_EDGE('',*,*,#3729,.F.);
#3729 = EDGE_CURVE('',#3713,#3722,#3730,.T.);
#3730 = LINE('',#3731,#3732);
#3731 = CARTESIAN_POINT('',(-0.32,-12.54,-3.));
#3732 = VECTOR('',#3733,1.);
#3733 = DIRECTION('',(1.,0.,0.));
#3734 = PLANE('',#3735);
#3735 = AXIS2_PLACEMENT_3D('',#3736,#3737,#3738);
#3736 = CARTESIAN_POINT('',(-0.32,-12.46,-2.92));
#3737 = DIRECTION('',(-1.735167508357E-18,-0.707106781187,0.707106781187
    ));
#3738 = DIRECTION('',(-1.,1.226948711654E-18,-1.226948711654E-18));
#3739 = ADVANCED_FACE('',(#3740),#3758,.T.);
#3740 = FACE_BOUND('',#3741,.T.);
#3741 = EDGE_LOOP('',(#3742,#3750,#3751,#3752));
#3742 = ORIENTED_EDGE('',*,*,#3743,.F.);
#3743 = EDGE_CURVE('',#2400,#3744,#3746,.T.);
#3744 = VERTEX_POINT('',#3745);
#3745 = CARTESIAN_POINT('',(-0.16,-12.86,-3.));
#3746 = LINE('',#3747,#3748);
#3747 = CARTESIAN_POINT('',(-0.266666666667,-12.96666666666,
    -2.893333333333));
#3748 = VECTOR('',#3749,1.);
#3749 = DIRECTION('',(0.57735026919,0.57735026919,-0.57735026919));
#3750 = ORIENTED_EDGE('',*,*,#2407,.T.);
#3751 = ORIENTED_EDGE('',*,*,#3712,.T.);
#3752 = ORIENTED_EDGE('',*,*,#3753,.F.);
#3753 = EDGE_CURVE('',#3744,#3713,#3754,.T.);
#3754 = LINE('',#3755,#3756);
#3755 = CARTESIAN_POINT('',(-0.16,-13.02,-3.));
#3756 = VECTOR('',#3757,1.);
#3757 = DIRECTION('',(0.,1.,0.));
#3758 = PLANE('',#3759);
#3759 = AXIS2_PLACEMENT_3D('',#3760,#3761,#3762);
#3760 = CARTESIAN_POINT('',(-0.24,-13.02,-2.92));
#3761 = DIRECTION('',(-0.707106781187,-1.735167508357E-18,
    -0.707106781187));
#3762 = DIRECTION('',(-1.226948711654E-18,1.,-1.226948711654E-18));
#3763 = ADVANCED_FACE('',(#3764),#3782,.T.);
#3764 = FACE_BOUND('',#3765,.F.);
#3765 = EDGE_LOOP('',(#3766,#3767,#3768,#3776));
#3766 = ORIENTED_EDGE('',*,*,#3743,.F.);
#3767 = ORIENTED_EDGE('',*,*,#2431,.T.);
#3768 = ORIENTED_EDGE('',*,*,#3769,.T.);
#3769 = EDGE_CURVE('',#2424,#3770,#3772,.T.);
#3770 = VERTEX_POINT('',#3771);
#3771 = CARTESIAN_POINT('',(0.16,-12.86,-3.));
#3772 = LINE('',#3773,#3774);
#3773 = CARTESIAN_POINT('',(0.16,-12.86,-3.));
#3774 = VECTOR('',#3775,1.);
#3775 = DIRECTION('',(-0.57735026919,0.57735026919,-0.57735026919));
#3776 = ORIENTED_EDGE('',*,*,#3777,.F.);
#3777 = EDGE_CURVE('',#3744,#3770,#3778,.T.);
#3778 = LINE('',#3779,#3780);
#3779 = CARTESIAN_POINT('',(-0.32,-12.86,-3.));
#3780 = VECTOR('',#3781,1.);
#3781 = DIRECTION('',(1.,0.,0.));
#3782 = PLANE('',#3783);
#3783 = AXIS2_PLACEMENT_3D('',#3784,#3785,#3786);
#3784 = CARTESIAN_POINT('',(-0.32,-12.94,-2.92));
#3785 = DIRECTION('',(1.735167508357E-18,-0.707106781187,-0.707106781187
    ));
#3786 = DIRECTION('',(-1.,-1.226948711654E-18,-1.226948711654E-18));
#3787 = ADVANCED_FACE('',(#3788),#3799,.F.);
#3788 = FACE_BOUND('',#3789,.F.);
#3789 = EDGE_LOOP('',(#3790,#3791,#3792,#3793));
#3790 = ORIENTED_EDGE('',*,*,#3769,.F.);
#3791 = ORIENTED_EDGE('',*,*,#2448,.T.);
#3792 = ORIENTED_EDGE('',*,*,#3721,.T.);
#3793 = ORIENTED_EDGE('',*,*,#3794,.F.);
#3794 = EDGE_CURVE('',#3770,#3722,#3795,.T.);
#3795 = LINE('',#3796,#3797);
#3796 = CARTESIAN_POINT('',(0.16,-13.02,-3.));
#3797 = VECTOR('',#3798,1.);
#3798 = DIRECTION('',(0.,1.,0.));
#3799 = PLANE('',#3800);
#3800 = AXIS2_PLACEMENT_3D('',#3801,#3802,#3803);
#3801 = CARTESIAN_POINT('',(0.24,-13.02,-2.92));
#3802 = DIRECTION('',(-0.707106781187,1.735167508357E-18,0.707106781187)
  );
#3803 = DIRECTION('',(1.226948711654E-18,1.,-1.226948711654E-18));
#3804 = ADVANCED_FACE('',(#3805),#3830,.F.);
#3805 = FACE_BOUND('',#3806,.F.);
#3806 = EDGE_LOOP('',(#3807,#3815,#3816,#3824));
#3807 = ORIENTED_EDGE('',*,*,#3808,.F.);
#3808 = EDGE_CURVE('',#2465,#3809,#3811,.T.);
#3809 = VERTEX_POINT('',#3810);
#3810 = CARTESIAN_POINT('',(0.16,-15.4,-3.));
#3811 = LINE('',#3812,#3813);
#3812 = CARTESIAN_POINT('',(0.16,-15.4,-3.));
#3813 = VECTOR('',#3814,1.);
#3814 = DIRECTION('',(-0.57735026919,0.57735026919,-0.57735026919));
#3815 = ORIENTED_EDGE('',*,*,#2472,.T.);
#3816 = ORIENTED_EDGE('',*,*,#3817,.T.);
#3817 = EDGE_CURVE('',#2473,#3818,#3820,.T.);
#3818 = VERTEX_POINT('',#3819);
#3819 = CARTESIAN_POINT('',(0.16,-15.08,-3.));
#3820 = LINE('',#3821,#3822);
#3821 = CARTESIAN_POINT('',(5.333333333333E-02,-15.18666666666,
    -3.106666666667));
#3822 = VECTOR('',#3823,1.);
#3823 = DIRECTION('',(-0.57735026919,-0.57735026919,-0.57735026919));
#3824 = ORIENTED_EDGE('',*,*,#3825,.F.);
#3825 = EDGE_CURVE('',#3809,#3818,#3826,.T.);
#3826 = LINE('',#3827,#3828);
#3827 = CARTESIAN_POINT('',(0.16,-15.56,-3.));
#3828 = VECTOR('',#3829,1.);
#3829 = DIRECTION('',(0.,1.,0.));
#3830 = PLANE('',#3831);
#3831 = AXIS2_PLACEMENT_3D('',#3832,#3833,#3834);
#3832 = CARTESIAN_POINT('',(0.24,-15.56,-2.92));
#3833 = DIRECTION('',(-0.707106781187,1.735167508357E-18,0.707106781187)
  );
#3834 = DIRECTION('',(1.226948711654E-18,1.,-1.226948711654E-18));
#3835 = ADVANCED_FACE('',(#3836),#3854,.F.);
#3836 = FACE_BOUND('',#3837,.T.);
#3837 = EDGE_LOOP('',(#3838,#3846,#3847,#3848));
#3838 = ORIENTED_EDGE('',*,*,#3839,.F.);
#3839 = EDGE_CURVE('',#2497,#3840,#3842,.T.);
#3840 = VERTEX_POINT('',#3841);
#3841 = CARTESIAN_POINT('',(-0.16,-15.08,-3.));
#3842 = LINE('',#3843,#3844);
#3843 = CARTESIAN_POINT('',(-0.16,-15.08,-3.));
#3844 = VECTOR('',#3845,1.);
#3845 = DIRECTION('',(0.57735026919,-0.57735026919,-0.57735026919));
#3846 = ORIENTED_EDGE('',*,*,#2496,.T.);
#3847 = ORIENTED_EDGE('',*,*,#3817,.T.);
#3848 = ORIENTED_EDGE('',*,*,#3849,.F.);
#3849 = EDGE_CURVE('',#3840,#3818,#3850,.T.);
#3850 = LINE('',#3851,#3852);
#3851 = CARTESIAN_POINT('',(-0.32,-15.08,-3.));
#3852 = VECTOR('',#3853,1.);
#3853 = DIRECTION('',(1.,0.,0.));
#3854 = PLANE('',#3855);
#3855 = AXIS2_PLACEMENT_3D('',#3856,#3857,#3858);
#3856 = CARTESIAN_POINT('',(-0.32,-15.,-2.92));
#3857 = DIRECTION('',(-1.735167508357E-18,-0.707106781187,0.707106781187
    ));
#3858 = DIRECTION('',(-1.,1.226948711654E-18,-1.226948711654E-18));
#3859 = ADVANCED_FACE('',(#3860),#3878,.T.);
#3860 = FACE_BOUND('',#3861,.T.);
#3861 = EDGE_LOOP('',(#3862,#3870,#3871,#3872));
#3862 = ORIENTED_EDGE('',*,*,#3863,.F.);
#3863 = EDGE_CURVE('',#2520,#3864,#3866,.T.);
#3864 = VERTEX_POINT('',#3865);
#3865 = CARTESIAN_POINT('',(-0.16,-15.4,-3.));
#3866 = LINE('',#3867,#3868);
#3867 = CARTESIAN_POINT('',(-0.266666666667,-15.50666666666,
    -2.893333333333));
#3868 = VECTOR('',#3869,1.);
#3869 = DIRECTION('',(0.57735026919,0.57735026919,-0.57735026919));
#3870 = ORIENTED_EDGE('',*,*,#2527,.T.);
#3871 = ORIENTED_EDGE('',*,*,#3839,.T.);
#3872 = ORIENTED_EDGE('',*,*,#3873,.F.);
#3873 = EDGE_CURVE('',#3864,#3840,#3874,.T.);
#3874 = LINE('',#3875,#3876);
#3875 = CARTESIAN_POINT('',(-0.16,-15.56,-3.));
#3876 = VECTOR('',#3877,1.);
#3877 = DIRECTION('',(0.,1.,0.));
#3878 = PLANE('',#3879);
#3879 = AXIS2_PLACEMENT_3D('',#3880,#3881,#3882);
#3880 = CARTESIAN_POINT('',(-0.24,-15.56,-2.92));
#3881 = DIRECTION('',(-0.707106781187,-1.735167508357E-18,
    -0.707106781187));
#3882 = DIRECTION('',(-1.226948711654E-18,1.,-1.226948711654E-18));
#3883 = ADVANCED_FACE('',(#3884),#3895,.T.);
#3884 = FACE_BOUND('',#3885,.F.);
#3885 = EDGE_LOOP('',(#3886,#3887,#3888,#3889));
#3886 = ORIENTED_EDGE('',*,*,#3863,.F.);
#3887 = ORIENTED_EDGE('',*,*,#2544,.T.);
#3888 = ORIENTED_EDGE('',*,*,#3808,.T.);
#3889 = ORIENTED_EDGE('',*,*,#3890,.F.);
#3890 = EDGE_CURVE('',#3864,#3809,#3891,.T.);
#3891 = LINE('',#3892,#3893);
#3892 = CARTESIAN_POINT('',(-0.32,-15.4,-3.));
#3893 = VECTOR('',#3894,1.);
#3894 = DIRECTION('',(1.,0.,0.));
#3895 = PLANE('',#3896);
#3896 = AXIS2_PLACEMENT_3D('',#3897,#3898,#3899);
#3897 = CARTESIAN_POINT('',(-0.32,-15.48,-2.92));
#3898 = DIRECTION('',(1.735167508357E-18,-0.707106781187,-0.707106781187
    ));
#3899 = DIRECTION('',(-1.,-1.226948711654E-18,-1.226948711654E-18));
#3900 = ADVANCED_FACE('',(#3901),#3926,.F.);
#3901 = FACE_BOUND('',#3902,.T.);
#3902 = EDGE_LOOP('',(#3903,#3911,#3912,#3920));
#3903 = ORIENTED_EDGE('',*,*,#3904,.F.);
#3904 = EDGE_CURVE('',#2569,#3905,#3907,.T.);
#3905 = VERTEX_POINT('',#3906);
#3906 = CARTESIAN_POINT('',(-0.16,-10.,-3.));
#3907 = LINE('',#3908,#3909);
#3908 = CARTESIAN_POINT('',(-0.16,-10.,-3.));
#3909 = VECTOR('',#3910,1.);
#3910 = DIRECTION('',(0.57735026919,-0.57735026919,-0.57735026919));
#3911 = ORIENTED_EDGE('',*,*,#2568,.T.);
#3912 = ORIENTED_EDGE('',*,*,#3913,.T.);
#3913 = EDGE_CURVE('',#2561,#3914,#3916,.T.);
#3914 = VERTEX_POINT('',#3915);
#3915 = CARTESIAN_POINT('',(0.16,-10.,-3.));
#3916 = LINE('',#3917,#3918);
#3917 = CARTESIAN_POINT('',(5.333333333333E-02,-10.10666666666,
    -3.106666666667));
#3918 = VECTOR('',#3919,1.);
#3919 = DIRECTION('',(-0.57735026919,-0.57735026919,-0.57735026919));
#3920 = ORIENTED_EDGE('',*,*,#3921,.F.);
#3921 = EDGE_CURVE('',#3905,#3914,#3922,.T.);
#3922 = LINE('',#3923,#3924);
#3923 = CARTESIAN_POINT('',(-0.32,-10.,-3.));
#3924 = VECTOR('',#3925,1.);
#3925 = DIRECTION('',(1.,0.,0.));
#3926 = PLANE('',#3927);
#3927 = AXIS2_PLACEMENT_3D('',#3928,#3929,#3930);
#3928 = CARTESIAN_POINT('',(-0.32,-9.92,-2.92));
#3929 = DIRECTION('',(-1.735167508357E-18,-0.707106781187,0.707106781187
    ));
#3930 = DIRECTION('',(-1.,1.226948711654E-18,-1.226948711654E-18));
#3931 = ADVANCED_FACE('',(#3932),#3950,.T.);
#3932 = FACE_BOUND('',#3933,.T.);
#3933 = EDGE_LOOP('',(#3934,#3942,#3943,#3944));
#3934 = ORIENTED_EDGE('',*,*,#3935,.F.);
#3935 = EDGE_CURVE('',#2592,#3936,#3938,.T.);
#3936 = VERTEX_POINT('',#3937);
#3937 = CARTESIAN_POINT('',(-0.16,-10.32,-3.));
#3938 = LINE('',#3939,#3940);
#3939 = CARTESIAN_POINT('',(-0.266666666667,-10.42666666666,
    -2.893333333333));
#3940 = VECTOR('',#3941,1.);
#3941 = DIRECTION('',(0.57735026919,0.57735026919,-0.57735026919));
#3942 = ORIENTED_EDGE('',*,*,#2599,.T.);
#3943 = ORIENTED_EDGE('',*,*,#3904,.T.);
#3944 = ORIENTED_EDGE('',*,*,#3945,.F.);
#3945 = EDGE_CURVE('',#3936,#3905,#3946,.T.);
#3946 = LINE('',#3947,#3948);
#3947 = CARTESIAN_POINT('',(-0.16,-10.48,-3.));
#3948 = VECTOR('',#3949,1.);
#3949 = DIRECTION('',(0.,1.,0.));
#3950 = PLANE('',#3951);
#3951 = AXIS2_PLACEMENT_3D('',#3952,#3953,#3954);
#3952 = CARTESIAN_POINT('',(-0.24,-10.48,-2.92));
#3953 = DIRECTION('',(-0.707106781187,-1.735167508357E-18,
    -0.707106781187));
#3954 = DIRECTION('',(-1.226948711654E-18,1.,-1.226948711654E-18));
#3955 = ADVANCED_FACE('',(#3956),#3974,.T.);
#3956 = FACE_BOUND('',#3957,.F.);
#3957 = EDGE_LOOP('',(#3958,#3959,#3960,#3968));
#3958 = ORIENTED_EDGE('',*,*,#3935,.F.);
#3959 = ORIENTED_EDGE('',*,*,#2623,.T.);
#3960 = ORIENTED_EDGE('',*,*,#3961,.T.);
#3961 = EDGE_CURVE('',#2616,#3962,#3964,.T.);
#3962 = VERTEX_POINT('',#3963);
#3963 = CARTESIAN_POINT('',(0.16,-10.32,-3.));
#3964 = LINE('',#3965,#3966);
#3965 = CARTESIAN_POINT('',(0.16,-10.32,-3.));
#3966 = VECTOR('',#3967,1.);
#3967 = DIRECTION('',(-0.57735026919,0.57735026919,-0.57735026919));
#3968 = ORIENTED_EDGE('',*,*,#3969,.F.);
#3969 = EDGE_CURVE('',#3936,#3962,#3970,.T.);
#3970 = LINE('',#3971,#3972);
#3971 = CARTESIAN_POINT('',(-0.32,-10.32,-3.));
#3972 = VECTOR('',#3973,1.);
#3973 = DIRECTION('',(1.,0.,0.));
#3974 = PLANE('',#3975);
#3975 = AXIS2_PLACEMENT_3D('',#3976,#3977,#3978);
#3976 = CARTESIAN_POINT('',(-0.32,-10.4,-2.92));
#3977 = DIRECTION('',(1.735167508357E-18,-0.707106781187,-0.707106781187
    ));
#3978 = DIRECTION('',(-1.,-1.226948711654E-18,-1.226948711654E-18));
#3979 = ADVANCED_FACE('',(#3980),#3991,.F.);
#3980 = FACE_BOUND('',#3981,.F.);
#3981 = EDGE_LOOP('',(#3982,#3983,#3984,#3985));
#3982 = ORIENTED_EDGE('',*,*,#3961,.F.);
#3983 = ORIENTED_EDGE('',*,*,#2640,.T.);
#3984 = ORIENTED_EDGE('',*,*,#3913,.T.);
#3985 = ORIENTED_EDGE('',*,*,#3986,.F.);
#3986 = EDGE_CURVE('',#3962,#3914,#3987,.T.);
#3987 = LINE('',#3988,#3989);
#3988 = CARTESIAN_POINT('',(0.16,-10.48,-3.));
#3989 = VECTOR('',#3990,1.);
#3990 = DIRECTION('',(0.,1.,0.));
#3991 = PLANE('',#3992);
#3992 = AXIS2_PLACEMENT_3D('',#3993,#3994,#3995);
#3993 = CARTESIAN_POINT('',(0.24,-10.48,-2.92));
#3994 = DIRECTION('',(-0.707106781187,1.735167508357E-18,0.707106781187)
  );
#3995 = DIRECTION('',(1.226948711654E-18,1.,-1.226948711654E-18));
#3996 = ADVANCED_FACE('',(#3997),#4022,.F.);
#3997 = FACE_BOUND('',#3998,.F.);
#3998 = EDGE_LOOP('',(#3999,#4007,#4008,#4016));
#3999 = ORIENTED_EDGE('',*,*,#4000,.F.);
#4000 = EDGE_CURVE('',#2657,#4001,#4003,.T.);
#4001 = VERTEX_POINT('',#4002);
#4002 = CARTESIAN_POINT('',(0.16,-2.7,-3.));
#4003 = LINE('',#4004,#4005);
#4004 = CARTESIAN_POINT('',(0.16,-2.7,-3.));
#4005 = VECTOR('',#4006,1.);
#4006 = DIRECTION('',(-0.57735026919,0.57735026919,-0.57735026919));
#4007 = ORIENTED_EDGE('',*,*,#2664,.T.);
#4008 = ORIENTED_EDGE('',*,*,#4009,.T.);
#4009 = EDGE_CURVE('',#2665,#4010,#4012,.T.);
#4010 = VERTEX_POINT('',#4011);
#4011 = CARTESIAN_POINT('',(0.16,-2.38,-3.));
#4012 = LINE('',#4013,#4014);
#4013 = CARTESIAN_POINT('',(5.333333333333E-02,-2.486666666667,
    -3.106666666667));
#4014 = VECTOR('',#4015,1.);
#4015 = DIRECTION('',(-0.57735026919,-0.57735026919,-0.57735026919));
#4016 = ORIENTED_EDGE('',*,*,#4017,.F.);
#4017 = EDGE_CURVE('',#4001,#4010,#4018,.T.);
#4018 = LINE('',#4019,#4020);
#4019 = CARTESIAN_POINT('',(0.16,-2.86,-3.));
#4020 = VECTOR('',#4021,1.);
#4021 = DIRECTION('',(0.,1.,0.));
#4022 = PLANE('',#4023);
#4023 = AXIS2_PLACEMENT_3D('',#4024,#4025,#4026);
#4024 = CARTESIAN_POINT('',(0.24,-2.86,-2.92));
#4025 = DIRECTION('',(-0.707106781187,1.735167508357E-18,0.707106781187)
  );
#4026 = DIRECTION('',(1.226948711654E-18,1.,-1.226948711654E-18));
#4027 = ADVANCED_FACE('',(#4028),#4046,.F.);
#4028 = FACE_BOUND('',#4029,.T.);
#4029 = EDGE_LOOP('',(#4030,#4038,#4039,#4040));
#4030 = ORIENTED_EDGE('',*,*,#4031,.F.);
#4031 = EDGE_CURVE('',#2689,#4032,#4034,.T.);
#4032 = VERTEX_POINT('',#4033);
#4033 = CARTESIAN_POINT('',(-0.16,-2.38,-3.));
#4034 = LINE('',#4035,#4036);
#4035 = CARTESIAN_POINT('',(-0.16,-2.38,-3.));
#4036 = VECTOR('',#4037,1.);
#4037 = DIRECTION('',(0.57735026919,-0.57735026919,-0.57735026919));
#4038 = ORIENTED_EDGE('',*,*,#2688,.T.);
#4039 = ORIENTED_EDGE('',*,*,#4009,.T.);
#4040 = ORIENTED_EDGE('',*,*,#4041,.F.);
#4041 = EDGE_CURVE('',#4032,#4010,#4042,.T.);
#4042 = LINE('',#4043,#4044);
#4043 = CARTESIAN_POINT('',(-0.32,-2.38,-3.));
#4044 = VECTOR('',#4045,1.);
#4045 = DIRECTION('',(1.,0.,0.));
#4046 = PLANE('',#4047);
#4047 = AXIS2_PLACEMENT_3D('',#4048,#4049,#4050);
#4048 = CARTESIAN_POINT('',(-0.32,-2.3,-2.92));
#4049 = DIRECTION('',(-1.735167508357E-18,-0.707106781187,0.707106781187
    ));
#4050 = DIRECTION('',(-1.,1.226948711654E-18,-1.226948711654E-18));
#4051 = ADVANCED_FACE('',(#4052),#4070,.T.);
#4052 = FACE_BOUND('',#4053,.T.);
#4053 = EDGE_LOOP('',(#4054,#4062,#4063,#4064));
#4054 = ORIENTED_EDGE('',*,*,#4055,.F.);
#4055 = EDGE_CURVE('',#2712,#4056,#4058,.T.);
#4056 = VERTEX_POINT('',#4057);
#4057 = CARTESIAN_POINT('',(-0.16,-2.7,-3.));
#4058 = LINE('',#4059,#4060);
#4059 = CARTESIAN_POINT('',(-0.266666666667,-2.806666666667,
    -2.893333333333));
#4060 = VECTOR('',#4061,1.);
#4061 = DIRECTION('',(0.57735026919,0.57735026919,-0.57735026919));
#4062 = ORIENTED_EDGE('',*,*,#2719,.T.);
#4063 = ORIENTED_EDGE('',*,*,#4031,.T.);
#4064 = ORIENTED_EDGE('',*,*,#4065,.F.);
#4065 = EDGE_CURVE('',#4056,#4032,#4066,.T.);
#4066 = LINE('',#4067,#4068);
#4067 = CARTESIAN_POINT('',(-0.16,-2.86,-3.));
#4068 = VECTOR('',#4069,1.);
#4069 = DIRECTION('',(0.,1.,0.));
#4070 = PLANE('',#4071);
#4071 = AXIS2_PLACEMENT_3D('',#4072,#4073,#4074);
#4072 = CARTESIAN_POINT('',(-0.24,-2.86,-2.92));
#4073 = DIRECTION('',(-0.707106781187,-1.735167508357E-18,
    -0.707106781187));
#4074 = DIRECTION('',(-1.226948711654E-18,1.,-1.226948711654E-18));
#4075 = ADVANCED_FACE('',(#4076),#4087,.T.);
#4076 = FACE_BOUND('',#4077,.F.);
#4077 = EDGE_LOOP('',(#4078,#4079,#4080,#4081));
#4078 = ORIENTED_EDGE('',*,*,#4055,.F.);
#4079 = ORIENTED_EDGE('',*,*,#2736,.T.);
#4080 = ORIENTED_EDGE('',*,*,#4000,.T.);
#4081 = ORIENTED_EDGE('',*,*,#4082,.F.);
#4082 = EDGE_CURVE('',#4056,#4001,#4083,.T.);
#4083 = LINE('',#4084,#4085);
#4084 = CARTESIAN_POINT('',(-0.32,-2.7,-3.));
#4085 = VECTOR('',#4086,1.);
#4086 = DIRECTION('',(1.,0.,0.));
#4087 = PLANE('',#4088);
#4088 = AXIS2_PLACEMENT_3D('',#4089,#4090,#4091);
#4089 = CARTESIAN_POINT('',(-0.32,-2.78,-2.92));
#4090 = DIRECTION('',(1.735167508357E-18,-0.707106781187,-0.707106781187
    ));
#4091 = DIRECTION('',(-1.,-1.226948711654E-18,-1.226948711654E-18));
#4092 = ADVANCED_FACE('',(#4093),#4118,.T.);
#4093 = FACE_BOUND('',#4094,.F.);
#4094 = EDGE_LOOP('',(#4095,#4103,#4104,#4112));
#4095 = ORIENTED_EDGE('',*,*,#4096,.F.);
#4096 = EDGE_CURVE('',#2761,#4097,#4099,.T.);
#4097 = VERTEX_POINT('',#4098);
#4098 = CARTESIAN_POINT('',(-0.16,-5.24,-3.));
#4099 = LINE('',#4100,#4101);
#4100 = CARTESIAN_POINT('',(-0.266666666667,-5.346666666667,
    -2.893333333333));
#4101 = VECTOR('',#4102,1.);
#4102 = DIRECTION('',(0.57735026919,0.57735026919,-0.57735026919));
#4103 = ORIENTED_EDGE('',*,*,#2760,.T.);
#4104 = ORIENTED_EDGE('',*,*,#4105,.T.);
#4105 = EDGE_CURVE('',#2753,#4106,#4108,.T.);
#4106 = VERTEX_POINT('',#4107);
#4107 = CARTESIAN_POINT('',(0.16,-5.24,-3.));
#4108 = LINE('',#4109,#4110);
#4109 = CARTESIAN_POINT('',(0.16,-5.24,-3.));
#4110 = VECTOR('',#4111,1.);
#4111 = DIRECTION('',(-0.57735026919,0.57735026919,-0.57735026919));
#4112 = ORIENTED_EDGE('',*,*,#4113,.F.);
#4113 = EDGE_CURVE('',#4097,#4106,#4114,.T.);
#4114 = LINE('',#4115,#4116);
#4115 = CARTESIAN_POINT('',(-0.32,-5.24,-3.));
#4116 = VECTOR('',#4117,1.);
#4117 = DIRECTION('',(1.,0.,0.));
#4118 = PLANE('',#4119);
#4119 = AXIS2_PLACEMENT_3D('',#4120,#4121,#4122);
#4120 = CARTESIAN_POINT('',(-0.32,-5.32,-2.92));
#4121 = DIRECTION('',(1.735167508357E-18,-0.707106781187,-0.707106781187
    ));
#4122 = DIRECTION('',(-1.,-1.226948711654E-18,-1.226948711654E-18));
#4123 = ADVANCED_FACE('',(#4124),#4142,.F.);
#4124 = FACE_BOUND('',#4125,.F.);
#4125 = EDGE_LOOP('',(#4126,#4127,#4128,#4136));
#4126 = ORIENTED_EDGE('',*,*,#4105,.F.);
#4127 = ORIENTED_EDGE('',*,*,#2784,.T.);
#4128 = ORIENTED_EDGE('',*,*,#4129,.T.);
#4129 = EDGE_CURVE('',#2785,#4130,#4132,.T.);
#4130 = VERTEX_POINT('',#4131);
#4131 = CARTESIAN_POINT('',(0.16,-4.92,-3.));
#4132 = LINE('',#4133,#4134);
#4133 = CARTESIAN_POINT('',(5.333333333333E-02,-5.026666666667,
    -3.106666666667));
#4134 = VECTOR('',#4135,1.);
#4135 = DIRECTION('',(-0.57735026919,-0.57735026919,-0.57735026919));
#4136 = ORIENTED_EDGE('',*,*,#4137,.F.);
#4137 = EDGE_CURVE('',#4106,#4130,#4138,.T.);
#4138 = LINE('',#4139,#4140);
#4139 = CARTESIAN_POINT('',(0.16,-5.4,-3.));
#4140 = VECTOR('',#4141,1.);
#4141 = DIRECTION('',(0.,1.,0.));
#4142 = PLANE('',#4143);
#4143 = AXIS2_PLACEMENT_3D('',#4144,#4145,#4146);
#4144 = CARTESIAN_POINT('',(0.24,-5.4,-2.92));
#4145 = DIRECTION('',(-0.707106781187,1.735167508357E-18,0.707106781187)
  );
#4146 = DIRECTION('',(1.226948711654E-18,1.,-1.226948711654E-18));
#4147 = ADVANCED_FACE('',(#4148),#4166,.F.);
#4148 = FACE_BOUND('',#4149,.T.);
#4149 = EDGE_LOOP('',(#4150,#4158,#4159,#4160));
#4150 = ORIENTED_EDGE('',*,*,#4151,.F.);
#4151 = EDGE_CURVE('',#2809,#4152,#4154,.T.);
#4152 = VERTEX_POINT('',#4153);
#4153 = CARTESIAN_POINT('',(-0.16,-4.92,-3.));
#4154 = LINE('',#4155,#4156);
#4155 = CARTESIAN_POINT('',(-0.16,-4.92,-3.));
#4156 = VECTOR('',#4157,1.);
#4157 = DIRECTION('',(0.57735026919,-0.57735026919,-0.57735026919));
#4158 = ORIENTED_EDGE('',*,*,#2808,.T.);
#4159 = ORIENTED_EDGE('',*,*,#4129,.T.);
#4160 = ORIENTED_EDGE('',*,*,#4161,.F.);
#4161 = EDGE_CURVE('',#4152,#4130,#4162,.T.);
#4162 = LINE('',#4163,#4164);
#4163 = CARTESIAN_POINT('',(-0.32,-4.92,-3.));
#4164 = VECTOR('',#4165,1.);
#4165 = DIRECTION('',(1.,0.,0.));
#4166 = PLANE('',#4167);
#4167 = AXIS2_PLACEMENT_3D('',#4168,#4169,#4170);
#4168 = CARTESIAN_POINT('',(-0.32,-4.84,-2.92));
#4169 = DIRECTION('',(-1.735167508357E-18,-0.707106781187,0.707106781187
    ));
#4170 = DIRECTION('',(-1.,1.226948711654E-18,-1.226948711654E-18));
#4171 = ADVANCED_FACE('',(#4172),#4183,.T.);
#4172 = FACE_BOUND('',#4173,.T.);
#4173 = EDGE_LOOP('',(#4174,#4175,#4176,#4177));
#4174 = ORIENTED_EDGE('',*,*,#4096,.F.);
#4175 = ORIENTED_EDGE('',*,*,#2832,.T.);
#4176 = ORIENTED_EDGE('',*,*,#4151,.T.);
#4177 = ORIENTED_EDGE('',*,*,#4178,.F.);
#4178 = EDGE_CURVE('',#4097,#4152,#4179,.T.);
#4179 = LINE('',#4180,#4181);
#4180 = CARTESIAN_POINT('',(-0.16,-5.4,-3.));
#4181 = VECTOR('',#4182,1.);
#4182 = DIRECTION('',(0.,1.,0.));
#4183 = PLANE('',#4184);
#4184 = AXIS2_PLACEMENT_3D('',#4185,#4186,#4187);
#4185 = CARTESIAN_POINT('',(-0.24,-5.4,-2.92));
#4186 = DIRECTION('',(-0.707106781187,-1.735167508357E-18,
    -0.707106781187));
#4187 = DIRECTION('',(-1.226948711654E-18,1.,-1.226948711654E-18));
#4188 = ADVANCED_FACE('',(#4189),#4214,.F.);
#4189 = FACE_BOUND('',#4190,.F.);
#4190 = EDGE_LOOP('',(#4191,#4199,#4200,#4208));
#4191 = ORIENTED_EDGE('',*,*,#4192,.F.);
#4192 = EDGE_CURVE('',#2849,#4193,#4195,.T.);
#4193 = VERTEX_POINT('',#4194);
#4194 = CARTESIAN_POINT('',(0.16,-7.78,-3.));
#4195 = LINE('',#4196,#4197);
#4196 = CARTESIAN_POINT('',(0.16,-7.78,-3.));
#4197 = VECTOR('',#4198,1.);
#4198 = DIRECTION('',(-0.57735026919,0.57735026919,-0.57735026919));
#4199 = ORIENTED_EDGE('',*,*,#2856,.T.);
#4200 = ORIENTED_EDGE('',*,*,#4201,.T.);
#4201 = EDGE_CURVE('',#2857,#4202,#4204,.T.);
#4202 = VERTEX_POINT('',#4203);
#4203 = CARTESIAN_POINT('',(0.16,-7.46,-3.));
#4204 = LINE('',#4205,#4206);
#4205 = CARTESIAN_POINT('',(5.333333333333E-02,-7.566666666667,
    -3.106666666667));
#4206 = VECTOR('',#4207,1.);
#4207 = DIRECTION('',(-0.57735026919,-0.57735026919,-0.57735026919));
#4208 = ORIENTED_EDGE('',*,*,#4209,.F.);
#4209 = EDGE_CURVE('',#4193,#4202,#4210,.T.);
#4210 = LINE('',#4211,#4212);
#4211 = CARTESIAN_POINT('',(0.16,-7.94,-3.));
#4212 = VECTOR('',#4213,1.);
#4213 = DIRECTION('',(0.,1.,0.));
#4214 = PLANE('',#4215);
#4215 = AXIS2_PLACEMENT_3D('',#4216,#4217,#4218);
#4216 = CARTESIAN_POINT('',(0.24,-7.94,-2.92));
#4217 = DIRECTION('',(-0.707106781187,1.735167508357E-18,0.707106781187)
  );
#4218 = DIRECTION('',(1.226948711654E-18,1.,-1.226948711654E-18));
#4219 = ADVANCED_FACE('',(#4220),#4238,.F.);
#4220 = FACE_BOUND('',#4221,.T.);
#4221 = EDGE_LOOP('',(#4222,#4230,#4231,#4232));
#4222 = ORIENTED_EDGE('',*,*,#4223,.F.);
#4223 = EDGE_CURVE('',#2881,#4224,#4226,.T.);
#4224 = VERTEX_POINT('',#4225);
#4225 = CARTESIAN_POINT('',(-0.16,-7.46,-3.));
#4226 = LINE('',#4227,#4228);
#4227 = CARTESIAN_POINT('',(-0.16,-7.46,-3.));
#4228 = VECTOR('',#4229,1.);
#4229 = DIRECTION('',(0.57735026919,-0.57735026919,-0.57735026919));
#4230 = ORIENTED_EDGE('',*,*,#2880,.T.);
#4231 = ORIENTED_EDGE('',*,*,#4201,.T.);
#4232 = ORIENTED_EDGE('',*,*,#4233,.F.);
#4233 = EDGE_CURVE('',#4224,#4202,#4234,.T.);
#4234 = LINE('',#4235,#4236);
#4235 = CARTESIAN_POINT('',(-0.32,-7.46,-3.));
#4236 = VECTOR('',#4237,1.);
#4237 = DIRECTION('',(1.,0.,0.));
#4238 = PLANE('',#4239);
#4239 = AXIS2_PLACEMENT_3D('',#4240,#4241,#4242);
#4240 = CARTESIAN_POINT('',(-0.32,-7.38,-2.92));
#4241 = DIRECTION('',(-1.735167508357E-18,-0.707106781187,0.707106781187
    ));
#4242 = DIRECTION('',(-1.,1.226948711654E-18,-1.226948711654E-18));
#4243 = ADVANCED_FACE('',(#4244),#4262,.T.);
#4244 = FACE_BOUND('',#4245,.T.);
#4245 = EDGE_LOOP('',(#4246,#4254,#4255,#4256));
#4246 = ORIENTED_EDGE('',*,*,#4247,.F.);
#4247 = EDGE_CURVE('',#2904,#4248,#4250,.T.);
#4248 = VERTEX_POINT('',#4249);
#4249 = CARTESIAN_POINT('',(-0.16,-7.78,-3.));
#4250 = LINE('',#4251,#4252);
#4251 = CARTESIAN_POINT('',(-0.266666666667,-7.886666666667,
    -2.893333333333));
#4252 = VECTOR('',#4253,1.);
#4253 = DIRECTION('',(0.57735026919,0.57735026919,-0.57735026919));
#4254 = ORIENTED_EDGE('',*,*,#2911,.T.);
#4255 = ORIENTED_EDGE('',*,*,#4223,.T.);
#4256 = ORIENTED_EDGE('',*,*,#4257,.F.);
#4257 = EDGE_CURVE('',#4248,#4224,#4258,.T.);
#4258 = LINE('',#4259,#4260);
#4259 = CARTESIAN_POINT('',(-0.16,-7.94,-3.));
#4260 = VECTOR('',#4261,1.);
#4261 = DIRECTION('',(0.,1.,0.));
#4262 = PLANE('',#4263);
#4263 = AXIS2_PLACEMENT_3D('',#4264,#4265,#4266);
#4264 = CARTESIAN_POINT('',(-0.24,-7.94,-2.92));
#4265 = DIRECTION('',(-0.707106781187,-1.735167508357E-18,
    -0.707106781187));
#4266 = DIRECTION('',(-1.226948711654E-18,1.,-1.226948711654E-18));
#4267 = ADVANCED_FACE('',(#4268),#4279,.T.);
#4268 = FACE_BOUND('',#4269,.F.);
#4269 = EDGE_LOOP('',(#4270,#4271,#4272,#4273));
#4270 = ORIENTED_EDGE('',*,*,#4247,.F.);
#4271 = ORIENTED_EDGE('',*,*,#2928,.T.);
#4272 = ORIENTED_EDGE('',*,*,#4192,.T.);
#4273 = ORIENTED_EDGE('',*,*,#4274,.F.);
#4274 = EDGE_CURVE('',#4248,#4193,#4275,.T.);
#4275 = LINE('',#4276,#4277);
#4276 = CARTESIAN_POINT('',(-0.32,-7.78,-3.));
#4277 = VECTOR('',#4278,1.);
#4278 = DIRECTION('',(1.,0.,0.));
#4279 = PLANE('',#4280);
#4280 = AXIS2_PLACEMENT_3D('',#4281,#4282,#4283);
#4281 = CARTESIAN_POINT('',(-0.32,-7.86,-2.92));
#4282 = DIRECTION('',(1.735167508357E-18,-0.707106781187,-0.707106781187
    ));
#4283 = DIRECTION('',(-1.,-1.226948711654E-18,-1.226948711654E-18));
#4284 = ADVANCED_FACE('',(#4285),#4310,.T.);
#4285 = FACE_BOUND('',#4286,.F.);
#4286 = EDGE_LOOP('',(#4287,#4295,#4296,#4304));
#4287 = ORIENTED_EDGE('',*,*,#4288,.F.);
#4288 = EDGE_CURVE('',#2953,#4289,#4291,.T.);
#4289 = VERTEX_POINT('',#4290);
#4290 = CARTESIAN_POINT('',(-0.16,-0.16,-3.));
#4291 = LINE('',#4292,#4293);
#4292 = CARTESIAN_POINT('',(-0.266666666667,-0.266666666667,
    -2.893333333333));
#4293 = VECTOR('',#4294,1.);
#4294 = DIRECTION('',(0.57735026919,0.57735026919,-0.57735026919));
#4295 = ORIENTED_EDGE('',*,*,#2952,.T.);
#4296 = ORIENTED_EDGE('',*,*,#4297,.T.);
#4297 = EDGE_CURVE('',#2945,#4298,#4300,.T.);
#4298 = VERTEX_POINT('',#4299);
#4299 = CARTESIAN_POINT('',(0.16,-0.16,-3.));
#4300 = LINE('',#4301,#4302);
#4301 = CARTESIAN_POINT('',(0.16,-0.16,-3.));
#4302 = VECTOR('',#4303,1.);
#4303 = DIRECTION('',(-0.57735026919,0.57735026919,-0.57735026919));
#4304 = ORIENTED_EDGE('',*,*,#4305,.F.);
#4305 = EDGE_CURVE('',#4289,#4298,#4306,.T.);
#4306 = LINE('',#4307,#4308);
#4307 = CARTESIAN_POINT('',(-0.32,-0.16,-3.));
#4308 = VECTOR('',#4309,1.);
#4309 = DIRECTION('',(1.,0.,0.));
#4310 = PLANE('',#4311);
#4311 = AXIS2_PLACEMENT_3D('',#4312,#4313,#4314);
#4312 = CARTESIAN_POINT('',(-0.32,-0.24,-2.92));
#4313 = DIRECTION('',(1.735167508357E-18,-0.707106781187,-0.707106781187
    ));
#4314 = DIRECTION('',(-1.,-1.226948711654E-18,-1.226948711654E-18));
#4315 = ADVANCED_FACE('',(#4316),#4334,.F.);
#4316 = FACE_BOUND('',#4317,.F.);
#4317 = EDGE_LOOP('',(#4318,#4319,#4320,#4328));
#4318 = ORIENTED_EDGE('',*,*,#4297,.F.);
#4319 = ORIENTED_EDGE('',*,*,#2976,.T.);
#4320 = ORIENTED_EDGE('',*,*,#4321,.T.);
#4321 = EDGE_CURVE('',#2977,#4322,#4324,.T.);
#4322 = VERTEX_POINT('',#4323);
#4323 = CARTESIAN_POINT('',(0.16,0.16,-3.));
#4324 = LINE('',#4325,#4326);
#4325 = CARTESIAN_POINT('',(5.333333333333E-02,5.333333333333E-02,
    -3.106666666667));
#4326 = VECTOR('',#4327,1.);
#4327 = DIRECTION('',(-0.57735026919,-0.57735026919,-0.57735026919));
#4328 = ORIENTED_EDGE('',*,*,#4329,.F.);
#4329 = EDGE_CURVE('',#4298,#4322,#4330,.T.);
#4330 = LINE('',#4331,#4332);
#4331 = CARTESIAN_POINT('',(0.16,-0.32,-3.));
#4332 = VECTOR('',#4333,1.);
#4333 = DIRECTION('',(0.,1.,0.));
#4334 = PLANE('',#4335);
#4335 = AXIS2_PLACEMENT_3D('',#4336,#4337,#4338);
#4336 = CARTESIAN_POINT('',(0.24,-0.32,-2.92));
#4337 = DIRECTION('',(-0.707106781187,1.735167508357E-18,0.707106781187)
  );
#4338 = DIRECTION('',(1.226948711654E-18,1.,-1.226948711654E-18));
#4339 = ADVANCED_FACE('',(#4340),#4358,.F.);
#4340 = FACE_BOUND('',#4341,.T.);
#4341 = EDGE_LOOP('',(#4342,#4350,#4351,#4352));
#4342 = ORIENTED_EDGE('',*,*,#4343,.F.);
#4343 = EDGE_CURVE('',#3001,#4344,#4346,.T.);
#4344 = VERTEX_POINT('',#4345);
#4345 = CARTESIAN_POINT('',(-0.16,0.16,-3.));
#4346 = LINE('',#4347,#4348);
#4347 = CARTESIAN_POINT('',(-0.16,0.16,-3.));
#4348 = VECTOR('',#4349,1.);
#4349 = DIRECTION('',(0.57735026919,-0.57735026919,-0.57735026919));
#4350 = ORIENTED_EDGE('',*,*,#3000,.T.);
#4351 = ORIENTED_EDGE('',*,*,#4321,.T.);
#4352 = ORIENTED_EDGE('',*,*,#4353,.F.);
#4353 = EDGE_CURVE('',#4344,#4322,#4354,.T.);
#4354 = LINE('',#4355,#4356);
#4355 = CARTESIAN_POINT('',(-0.32,0.16,-3.));
#4356 = VECTOR('',#4357,1.);
#4357 = DIRECTION('',(1.,0.,0.));
#4358 = PLANE('',#4359);
#4359 = AXIS2_PLACEMENT_3D('',#4360,#4361,#4362);
#4360 = CARTESIAN_POINT('',(-0.32,0.24,-2.92));
#4361 = DIRECTION('',(-1.735167508357E-18,-0.707106781187,0.707106781187
    ));
#4362 = DIRECTION('',(-1.,1.226948711654E-18,-1.226948711654E-18));
#4363 = ADVANCED_FACE('',(#4364),#4375,.T.);
#4364 = FACE_BOUND('',#4365,.T.);
#4365 = EDGE_LOOP('',(#4366,#4367,#4368,#4369));
#4366 = ORIENTED_EDGE('',*,*,#4288,.F.);
#4367 = ORIENTED_EDGE('',*,*,#3024,.T.);
#4368 = ORIENTED_EDGE('',*,*,#4343,.T.);
#4369 = ORIENTED_EDGE('',*,*,#4370,.F.);
#4370 = EDGE_CURVE('',#4289,#4344,#4371,.T.);
#4371 = LINE('',#4372,#4373);
#4372 = CARTESIAN_POINT('',(-0.16,-0.32,-3.));
#4373 = VECTOR('',#4374,1.);
#4374 = DIRECTION('',(0.,1.,0.));
#4375 = PLANE('',#4376);
#4376 = AXIS2_PLACEMENT_3D('',#4377,#4378,#4379);
#4377 = CARTESIAN_POINT('',(-0.24,-0.32,-2.92));
#4378 = DIRECTION('',(-0.707106781187,-1.735167508357E-18,
    -0.707106781187));
#4379 = DIRECTION('',(-1.226948711654E-18,1.,-1.226948711654E-18));
#4380 = ADVANCED_FACE('',(#4381),#4406,.T.);
#4381 = FACE_BOUND('',#4382,.F.);
#4382 = EDGE_LOOP('',(#4383,#4391,#4392,#4400));
#4383 = ORIENTED_EDGE('',*,*,#4384,.F.);
#4384 = EDGE_CURVE('',#3050,#4385,#4387,.T.);
#4385 = VERTEX_POINT('',#4386);
#4386 = CARTESIAN_POINT('',(-0.16,-12.54,8.54));
#4387 = LINE('',#4388,#4389);
#4388 = CARTESIAN_POINT('',(-0.16,-12.54,8.54));
#4389 = VECTOR('',#4390,1.);
#4390 = DIRECTION('',(0.57735026919,-0.57735026919,0.57735026919));
#4391 = ORIENTED_EDGE('',*,*,#3057,.T.);
#4392 = ORIENTED_EDGE('',*,*,#4393,.T.);
#4393 = EDGE_CURVE('',#3041,#4394,#4396,.T.);
#4394 = VERTEX_POINT('',#4395);
#4395 = CARTESIAN_POINT('',(0.16,-12.54,8.54));
#4396 = LINE('',#4397,#4398);
#4397 = CARTESIAN_POINT('',(5.333333333333E-02,-12.64666666666,
    8.646666666667));
#4398 = VECTOR('',#4399,1.);
#4399 = DIRECTION('',(-0.57735026919,-0.57735026919,0.57735026919));
#4400 = ORIENTED_EDGE('',*,*,#4401,.F.);
#4401 = EDGE_CURVE('',#4385,#4394,#4402,.T.);
#4402 = LINE('',#4403,#4404);
#4403 = CARTESIAN_POINT('',(-0.32,-12.54,8.54));
#4404 = VECTOR('',#4405,1.);
#4405 = DIRECTION('',(1.,0.,0.));
#4406 = PLANE('',#4407);
#4407 = AXIS2_PLACEMENT_3D('',#4408,#4409,#4410);
#4408 = CARTESIAN_POINT('',(-0.32,-12.46,8.46));
#4409 = DIRECTION('',(1.735167508357E-18,0.707106781187,0.707106781187)
  );
#4410 = DIRECTION('',(-1.,1.226948711654E-18,1.226948711654E-18));
#4411 = ADVANCED_FACE('',(#4412),#4430,.F.);
#4412 = FACE_BOUND('',#4413,.F.);
#4413 = EDGE_LOOP('',(#4414,#4422,#4423,#4424));
#4414 = ORIENTED_EDGE('',*,*,#4415,.F.);
#4415 = EDGE_CURVE('',#3072,#4416,#4418,.T.);
#4416 = VERTEX_POINT('',#4417);
#4417 = CARTESIAN_POINT('',(-0.16,-12.86,8.54));
#4418 = LINE('',#4419,#4420);
#4419 = CARTESIAN_POINT('',(-0.266666666667,-12.96666666666,
    8.433333333333));
#4420 = VECTOR('',#4421,1.);
#4421 = DIRECTION('',(0.57735026919,0.57735026919,0.57735026919));
#4422 = ORIENTED_EDGE('',*,*,#3081,.T.);
#4423 = ORIENTED_EDGE('',*,*,#4384,.T.);
#4424 = ORIENTED_EDGE('',*,*,#4425,.F.);
#4425 = EDGE_CURVE('',#4416,#4385,#4426,.T.);
#4426 = LINE('',#4427,#4428);
#4427 = CARTESIAN_POINT('',(-0.16,-13.02,8.54));
#4428 = VECTOR('',#4429,1.);
#4429 = DIRECTION('',(0.,1.,0.));
#4430 = PLANE('',#4431);
#4431 = AXIS2_PLACEMENT_3D('',#4432,#4433,#4434);
#4432 = CARTESIAN_POINT('',(-0.24,-13.02,8.46));
#4433 = DIRECTION('',(0.707106781187,1.735167508357E-18,-0.707106781187)
  );
#4434 = DIRECTION('',(-1.226948711654E-18,1.,1.226948711654E-18));
#4435 = ADVANCED_FACE('',(#4436),#4454,.F.);
#4436 = FACE_BOUND('',#4437,.T.);
#4437 = EDGE_LOOP('',(#4438,#4439,#4440,#4448));
#4438 = ORIENTED_EDGE('',*,*,#4415,.F.);
#4439 = ORIENTED_EDGE('',*,*,#3105,.T.);
#4440 = ORIENTED_EDGE('',*,*,#4441,.T.);
#4441 = EDGE_CURVE('',#3096,#4442,#4444,.T.);
#4442 = VERTEX_POINT('',#4443);
#4443 = CARTESIAN_POINT('',(0.16,-12.86,8.54));
#4444 = LINE('',#4445,#4446);
#4445 = CARTESIAN_POINT('',(0.16,-12.86,8.54));
#4446 = VECTOR('',#4447,1.);
#4447 = DIRECTION('',(-0.57735026919,0.57735026919,0.57735026919));
#4448 = ORIENTED_EDGE('',*,*,#4449,.F.);
#4449 = EDGE_CURVE('',#4416,#4442,#4450,.T.);
#4450 = LINE('',#4451,#4452);
#4451 = CARTESIAN_POINT('',(-0.32,-12.86,8.54));
#4452 = VECTOR('',#4453,1.);
#4453 = DIRECTION('',(1.,0.,0.));
#4454 = PLANE('',#4455);
#4455 = AXIS2_PLACEMENT_3D('',#4456,#4457,#4458);
#4456 = CARTESIAN_POINT('',(-0.32,-12.94,8.46));
#4457 = DIRECTION('',(-1.735167508357E-18,0.707106781187,-0.707106781187
    ));
#4458 = DIRECTION('',(-1.,-1.226948711654E-18,1.226948711654E-18));
#4459 = ADVANCED_FACE('',(#4460),#4471,.T.);
#4460 = FACE_BOUND('',#4461,.T.);
#4461 = EDGE_LOOP('',(#4462,#4463,#4464,#4465));
#4462 = ORIENTED_EDGE('',*,*,#4441,.F.);
#4463 = ORIENTED_EDGE('',*,*,#3122,.T.);
#4464 = ORIENTED_EDGE('',*,*,#4393,.T.);
#4465 = ORIENTED_EDGE('',*,*,#4466,.F.);
#4466 = EDGE_CURVE('',#4442,#4394,#4467,.T.);
#4467 = LINE('',#4468,#4469);
#4468 = CARTESIAN_POINT('',(0.16,-13.02,8.54));
#4469 = VECTOR('',#4470,1.);
#4470 = DIRECTION('',(0.,1.,0.));
#4471 = PLANE('',#4472);
#4472 = AXIS2_PLACEMENT_3D('',#4473,#4474,#4475);
#4473 = CARTESIAN_POINT('',(0.24,-13.02,8.46));
#4474 = DIRECTION('',(0.707106781187,-1.735167508357E-18,0.707106781187)
  );
#4475 = DIRECTION('',(1.226948711654E-18,1.,1.226948711654E-18));
#4476 = ADVANCED_FACE('',(#4477),#4502,.T.);
#4477 = FACE_BOUND('',#4478,.T.);
#4478 = EDGE_LOOP('',(#4479,#4487,#4488,#4496));
#4479 = ORIENTED_EDGE('',*,*,#4480,.F.);
#4480 = EDGE_CURVE('',#3137,#4481,#4483,.T.);
#4481 = VERTEX_POINT('',#4482);
#4482 = CARTESIAN_POINT('',(0.16,-15.4,8.54));
#4483 = LINE('',#4484,#4485);
#4484 = CARTESIAN_POINT('',(0.16,-15.4,8.54));
#4485 = VECTOR('',#4486,1.);
#4486 = DIRECTION('',(-0.57735026919,0.57735026919,0.57735026919));
#4487 = ORIENTED_EDGE('',*,*,#3153,.T.);
#4488 = ORIENTED_EDGE('',*,*,#4489,.T.);
#4489 = EDGE_CURVE('',#3146,#4490,#4492,.T.);
#4490 = VERTEX_POINT('',#4491);
#4491 = CARTESIAN_POINT('',(0.16,-15.08,8.54));
#4492 = LINE('',#4493,#4494);
#4493 = CARTESIAN_POINT('',(5.333333333333E-02,-15.18666666666,
    8.646666666667));
#4494 = VECTOR('',#4495,1.);
#4495 = DIRECTION('',(-0.57735026919,-0.57735026919,0.57735026919));
#4496 = ORIENTED_EDGE('',*,*,#4497,.F.);
#4497 = EDGE_CURVE('',#4481,#4490,#4498,.T.);
#4498 = LINE('',#4499,#4500);
#4499 = CARTESIAN_POINT('',(0.16,-15.56,8.54));
#4500 = VECTOR('',#4501,1.);
#4501 = DIRECTION('',(0.,1.,0.));
#4502 = PLANE('',#4503);
#4503 = AXIS2_PLACEMENT_3D('',#4504,#4505,#4506);
#4504 = CARTESIAN_POINT('',(0.24,-15.56,8.46));
#4505 = DIRECTION('',(0.707106781187,-1.735167508357E-18,0.707106781187)
  );
#4506 = DIRECTION('',(1.226948711654E-18,1.,1.226948711654E-18));
#4507 = ADVANCED_FACE('',(#4508),#4526,.T.);
#4508 = FACE_BOUND('',#4509,.F.);
#4509 = EDGE_LOOP('',(#4510,#4518,#4519,#4520));
#4510 = ORIENTED_EDGE('',*,*,#4511,.F.);
#4511 = EDGE_CURVE('',#3170,#4512,#4514,.T.);
#4512 = VERTEX_POINT('',#4513);
#4513 = CARTESIAN_POINT('',(-0.16,-15.08,8.54));
#4514 = LINE('',#4515,#4516);
#4515 = CARTESIAN_POINT('',(-0.16,-15.08,8.54));
#4516 = VECTOR('',#4517,1.);
#4517 = DIRECTION('',(0.57735026919,-0.57735026919,0.57735026919));
#4518 = ORIENTED_EDGE('',*,*,#3177,.T.);
#4519 = ORIENTED_EDGE('',*,*,#4489,.T.);
#4520 = ORIENTED_EDGE('',*,*,#4521,.F.);
#4521 = EDGE_CURVE('',#4512,#4490,#4522,.T.);
#4522 = LINE('',#4523,#4524);
#4523 = CARTESIAN_POINT('',(-0.32,-15.08,8.54));
#4524 = VECTOR('',#4525,1.);
#4525 = DIRECTION('',(1.,0.,0.));
#4526 = PLANE('',#4527);
#4527 = AXIS2_PLACEMENT_3D('',#4528,#4529,#4530);
#4528 = CARTESIAN_POINT('',(-0.32,-15.,8.46));
#4529 = DIRECTION('',(1.735167508357E-18,0.707106781187,0.707106781187)
  );
#4530 = DIRECTION('',(-1.,1.226948711654E-18,1.226948711654E-18));
#4531 = ADVANCED_FACE('',(#4532),#4550,.F.);
#4532 = FACE_BOUND('',#4533,.F.);
#4533 = EDGE_LOOP('',(#4534,#4542,#4543,#4544));
#4534 = ORIENTED_EDGE('',*,*,#4535,.F.);
#4535 = EDGE_CURVE('',#3192,#4536,#4538,.T.);
#4536 = VERTEX_POINT('',#4537);
#4537 = CARTESIAN_POINT('',(-0.16,-15.4,8.54));
#4538 = LINE('',#4539,#4540);
#4539 = CARTESIAN_POINT('',(-0.266666666667,-15.50666666666,
    8.433333333333));
#4540 = VECTOR('',#4541,1.);
#4541 = DIRECTION('',(0.57735026919,0.57735026919,0.57735026919));
#4542 = ORIENTED_EDGE('',*,*,#3201,.T.);
#4543 = ORIENTED_EDGE('',*,*,#4511,.T.);
#4544 = ORIENTED_EDGE('',*,*,#4545,.F.);
#4545 = EDGE_CURVE('',#4536,#4512,#4546,.T.);
#4546 = LINE('',#4547,#4548);
#4547 = CARTESIAN_POINT('',(-0.16,-15.56,8.54));
#4548 = VECTOR('',#4549,1.);
#4549 = DIRECTION('',(0.,1.,0.));
#4550 = PLANE('',#4551);
#4551 = AXIS2_PLACEMENT_3D('',#4552,#4553,#4554);
#4552 = CARTESIAN_POINT('',(-0.24,-15.56,8.46));
#4553 = DIRECTION('',(0.707106781187,1.735167508357E-18,-0.707106781187)
  );
#4554 = DIRECTION('',(-1.226948711654E-18,1.,1.226948711654E-18));
#4555 = ADVANCED_FACE('',(#4556),#4567,.F.);
#4556 = FACE_BOUND('',#4557,.T.);
#4557 = EDGE_LOOP('',(#4558,#4559,#4560,#4561));
#4558 = ORIENTED_EDGE('',*,*,#4535,.F.);
#4559 = ORIENTED_EDGE('',*,*,#3218,.T.);
#4560 = ORIENTED_EDGE('',*,*,#4480,.T.);
#4561 = ORIENTED_EDGE('',*,*,#4562,.F.);
#4562 = EDGE_CURVE('',#4536,#4481,#4563,.T.);
#4563 = LINE('',#4564,#4565);
#4564 = CARTESIAN_POINT('',(-0.32,-15.4,8.54));
#4565 = VECTOR('',#4566,1.);
#4566 = DIRECTION('',(1.,0.,0.));
#4567 = PLANE('',#4568);
#4568 = AXIS2_PLACEMENT_3D('',#4569,#4570,#4571);
#4569 = CARTESIAN_POINT('',(-0.32,-15.48,8.46));
#4570 = DIRECTION('',(-1.735167508357E-18,0.707106781187,-0.707106781187
    ));
#4571 = DIRECTION('',(-1.,-1.226948711654E-18,1.226948711654E-18));
#4572 = ADVANCED_FACE('',(#4573),#4598,.T.);
#4573 = FACE_BOUND('',#4574,.F.);
#4574 = EDGE_LOOP('',(#4575,#4583,#4584,#4592));
#4575 = ORIENTED_EDGE('',*,*,#4576,.F.);
#4576 = EDGE_CURVE('',#3242,#4577,#4579,.T.);
#4577 = VERTEX_POINT('',#4578);
#4578 = CARTESIAN_POINT('',(-0.16,-10.,8.54));
#4579 = LINE('',#4580,#4581);
#4580 = CARTESIAN_POINT('',(-0.16,-10.,8.54));
#4581 = VECTOR('',#4582,1.);
#4582 = DIRECTION('',(0.57735026919,-0.57735026919,0.57735026919));
#4583 = ORIENTED_EDGE('',*,*,#3249,.T.);
#4584 = ORIENTED_EDGE('',*,*,#4585,.T.);
#4585 = EDGE_CURVE('',#3233,#4586,#4588,.T.);
#4586 = VERTEX_POINT('',#4587);
#4587 = CARTESIAN_POINT('',(0.16,-10.,8.54));
#4588 = LINE('',#4589,#4590);
#4589 = CARTESIAN_POINT('',(5.333333333333E-02,-10.10666666666,
    8.646666666667));
#4590 = VECTOR('',#4591,1.);
#4591 = DIRECTION('',(-0.57735026919,-0.57735026919,0.57735026919));
#4592 = ORIENTED_EDGE('',*,*,#4593,.F.);
#4593 = EDGE_CURVE('',#4577,#4586,#4594,.T.);
#4594 = LINE('',#4595,#4596);
#4595 = CARTESIAN_POINT('',(-0.32,-10.,8.54));
#4596 = VECTOR('',#4597,1.);
#4597 = DIRECTION('',(1.,0.,0.));
#4598 = PLANE('',#4599);
#4599 = AXIS2_PLACEMENT_3D('',#4600,#4601,#4602);
#4600 = CARTESIAN_POINT('',(-0.32,-9.92,8.46));
#4601 = DIRECTION('',(1.735167508357E-18,0.707106781187,0.707106781187)
  );
#4602 = DIRECTION('',(-1.,1.226948711654E-18,1.226948711654E-18));
#4603 = ADVANCED_FACE('',(#4604),#4622,.F.);
#4604 = FACE_BOUND('',#4605,.F.);
#4605 = EDGE_LOOP('',(#4606,#4614,#4615,#4616));
#4606 = ORIENTED_EDGE('',*,*,#4607,.F.);
#4607 = EDGE_CURVE('',#3264,#4608,#4610,.T.);
#4608 = VERTEX_POINT('',#4609);
#4609 = CARTESIAN_POINT('',(-0.16,-10.32,8.54));
#4610 = LINE('',#4611,#4612);
#4611 = CARTESIAN_POINT('',(-0.266666666667,-10.42666666666,
    8.433333333333));
#4612 = VECTOR('',#4613,1.);
#4613 = DIRECTION('',(0.57735026919,0.57735026919,0.57735026919));
#4614 = ORIENTED_EDGE('',*,*,#3273,.T.);
#4615 = ORIENTED_EDGE('',*,*,#4576,.T.);
#4616 = ORIENTED_EDGE('',*,*,#4617,.F.);
#4617 = EDGE_CURVE('',#4608,#4577,#4618,.T.);
#4618 = LINE('',#4619,#4620);
#4619 = CARTESIAN_POINT('',(-0.16,-10.48,8.54));
#4620 = VECTOR('',#4621,1.);
#4621 = DIRECTION('',(0.,1.,0.));
#4622 = PLANE('',#4623);
#4623 = AXIS2_PLACEMENT_3D('',#4624,#4625,#4626);
#4624 = CARTESIAN_POINT('',(-0.24,-10.48,8.46));
#4625 = DIRECTION('',(0.707106781187,1.735167508357E-18,-0.707106781187)
  );
#4626 = DIRECTION('',(-1.226948711654E-18,1.,1.226948711654E-18));
#4627 = ADVANCED_FACE('',(#4628),#4646,.F.);
#4628 = FACE_BOUND('',#4629,.T.);
#4629 = EDGE_LOOP('',(#4630,#4631,#4632,#4640));
#4630 = ORIENTED_EDGE('',*,*,#4607,.F.);
#4631 = ORIENTED_EDGE('',*,*,#3297,.T.);
#4632 = ORIENTED_EDGE('',*,*,#4633,.T.);
#4633 = EDGE_CURVE('',#3288,#4634,#4636,.T.);
#4634 = VERTEX_POINT('',#4635);
#4635 = CARTESIAN_POINT('',(0.16,-10.32,8.54));
#4636 = LINE('',#4637,#4638);
#4637 = CARTESIAN_POINT('',(0.16,-10.32,8.54));
#4638 = VECTOR('',#4639,1.);
#4639 = DIRECTION('',(-0.57735026919,0.57735026919,0.57735026919));
#4640 = ORIENTED_EDGE('',*,*,#4641,.F.);
#4641 = EDGE_CURVE('',#4608,#4634,#4642,.T.);
#4642 = LINE('',#4643,#4644);
#4643 = CARTESIAN_POINT('',(-0.32,-10.32,8.54));
#4644 = VECTOR('',#4645,1.);
#4645 = DIRECTION('',(1.,0.,0.));
#4646 = PLANE('',#4647);
#4647 = AXIS2_PLACEMENT_3D('',#4648,#4649,#4650);
#4648 = CARTESIAN_POINT('',(-0.32,-10.4,8.46));
#4649 = DIRECTION('',(-1.735167508357E-18,0.707106781187,-0.707106781187
    ));
#4650 = DIRECTION('',(-1.,-1.226948711654E-18,1.226948711654E-18));
#4651 = ADVANCED_FACE('',(#4652),#4663,.T.);
#4652 = FACE_BOUND('',#4653,.T.);
#4653 = EDGE_LOOP('',(#4654,#4655,#4656,#4657));
#4654 = ORIENTED_EDGE('',*,*,#4633,.F.);
#4655 = ORIENTED_EDGE('',*,*,#3314,.T.);
#4656 = ORIENTED_EDGE('',*,*,#4585,.T.);
#4657 = ORIENTED_EDGE('',*,*,#4658,.F.);
#4658 = EDGE_CURVE('',#4634,#4586,#4659,.T.);
#4659 = LINE('',#4660,#4661);
#4660 = CARTESIAN_POINT('',(0.16,-10.48,8.54));
#4661 = VECTOR('',#4662,1.);
#4662 = DIRECTION('',(0.,1.,0.));
#4663 = PLANE('',#4664);
#4664 = AXIS2_PLACEMENT_3D('',#4665,#4666,#4667);
#4665 = CARTESIAN_POINT('',(0.24,-10.48,8.46));
#4666 = DIRECTION('',(0.707106781187,-1.735167508357E-18,0.707106781187)
  );
#4667 = DIRECTION('',(1.226948711654E-18,1.,1.226948711654E-18));
#4668 = ADVANCED_FACE('',(#4669),#4694,.T.);
#4669 = FACE_BOUND('',#4670,.T.);
#4670 = EDGE_LOOP('',(#4671,#4679,#4680,#4688));
#4671 = ORIENTED_EDGE('',*,*,#4672,.F.);
#4672 = EDGE_CURVE('',#3329,#4673,#4675,.T.);
#4673 = VERTEX_POINT('',#4674);
#4674 = CARTESIAN_POINT('',(0.16,-2.7,8.54));
#4675 = LINE('',#4676,#4677);
#4676 = CARTESIAN_POINT('',(0.16,-2.7,8.54));
#4677 = VECTOR('',#4678,1.);
#4678 = DIRECTION('',(-0.57735026919,0.57735026919,0.57735026919));
#4679 = ORIENTED_EDGE('',*,*,#3345,.T.);
#4680 = ORIENTED_EDGE('',*,*,#4681,.T.);
#4681 = EDGE_CURVE('',#3338,#4682,#4684,.T.);
#4682 = VERTEX_POINT('',#4683);
#4683 = CARTESIAN_POINT('',(0.16,-2.38,8.54));
#4684 = LINE('',#4685,#4686);
#4685 = CARTESIAN_POINT('',(5.333333333333E-02,-2.486666666667,
    8.646666666667));
#4686 = VECTOR('',#4687,1.);
#4687 = DIRECTION('',(-0.57735026919,-0.57735026919,0.57735026919));
#4688 = ORIENTED_EDGE('',*,*,#4689,.F.);
#4689 = EDGE_CURVE('',#4673,#4682,#4690,.T.);
#4690 = LINE('',#4691,#4692);
#4691 = CARTESIAN_POINT('',(0.16,-2.86,8.54));
#4692 = VECTOR('',#4693,1.);
#4693 = DIRECTION('',(0.,1.,0.));
#4694 = PLANE('',#4695);
#4695 = AXIS2_PLACEMENT_3D('',#4696,#4697,#4698);
#4696 = CARTESIAN_POINT('',(0.24,-2.86,8.46));
#4697 = DIRECTION('',(0.707106781187,-1.735167508357E-18,0.707106781187)
  );
#4698 = DIRECTION('',(1.226948711654E-18,1.,1.226948711654E-18));
#4699 = ADVANCED_FACE('',(#4700),#4718,.T.);
#4700 = FACE_BOUND('',#4701,.F.);
#4701 = EDGE_LOOP('',(#4702,#4710,#4711,#4712));
#4702 = ORIENTED_EDGE('',*,*,#4703,.F.);
#4703 = EDGE_CURVE('',#3362,#4704,#4706,.T.);
#4704 = VERTEX_POINT('',#4705);
#4705 = CARTESIAN_POINT('',(-0.16,-2.38,8.54));
#4706 = LINE('',#4707,#4708);
#4707 = CARTESIAN_POINT('',(-0.16,-2.38,8.54));
#4708 = VECTOR('',#4709,1.);
#4709 = DIRECTION('',(0.57735026919,-0.57735026919,0.57735026919));
#4710 = ORIENTED_EDGE('',*,*,#3369,.T.);
#4711 = ORIENTED_EDGE('',*,*,#4681,.T.);
#4712 = ORIENTED_EDGE('',*,*,#4713,.F.);
#4713 = EDGE_CURVE('',#4704,#4682,#4714,.T.);
#4714 = LINE('',#4715,#4716);
#4715 = CARTESIAN_POINT('',(-0.32,-2.38,8.54));
#4716 = VECTOR('',#4717,1.);
#4717 = DIRECTION('',(1.,0.,0.));
#4718 = PLANE('',#4719);
#4719 = AXIS2_PLACEMENT_3D('',#4720,#4721,#4722);
#4720 = CARTESIAN_POINT('',(-0.32,-2.3,8.46));
#4721 = DIRECTION('',(1.735167508357E-18,0.707106781187,0.707106781187)
  );
#4722 = DIRECTION('',(-1.,1.226948711654E-18,1.226948711654E-18));
#4723 = ADVANCED_FACE('',(#4724),#4742,.F.);
#4724 = FACE_BOUND('',#4725,.F.);
#4725 = EDGE_LOOP('',(#4726,#4734,#4735,#4736));
#4726 = ORIENTED_EDGE('',*,*,#4727,.F.);
#4727 = EDGE_CURVE('',#3384,#4728,#4730,.T.);
#4728 = VERTEX_POINT('',#4729);
#4729 = CARTESIAN_POINT('',(-0.16,-2.7,8.54));
#4730 = LINE('',#4731,#4732);
#4731 = CARTESIAN_POINT('',(-0.266666666667,-2.806666666667,
    8.433333333333));
#4732 = VECTOR('',#4733,1.);
#4733 = DIRECTION('',(0.57735026919,0.57735026919,0.57735026919));
#4734 = ORIENTED_EDGE('',*,*,#3393,.T.);
#4735 = ORIENTED_EDGE('',*,*,#4703,.T.);
#4736 = ORIENTED_EDGE('',*,*,#4737,.F.);
#4737 = EDGE_CURVE('',#4728,#4704,#4738,.T.);
#4738 = LINE('',#4739,#4740);
#4739 = CARTESIAN_POINT('',(-0.16,-2.86,8.54));
#4740 = VECTOR('',#4741,1.);
#4741 = DIRECTION('',(0.,1.,0.));
#4742 = PLANE('',#4743);
#4743 = AXIS2_PLACEMENT_3D('',#4744,#4745,#4746);
#4744 = CARTESIAN_POINT('',(-0.24,-2.86,8.46));
#4745 = DIRECTION('',(0.707106781187,1.735167508357E-18,-0.707106781187)
  );
#4746 = DIRECTION('',(-1.226948711654E-18,1.,1.226948711654E-18));
#4747 = ADVANCED_FACE('',(#4748),#4759,.F.);
#4748 = FACE_BOUND('',#4749,.T.);
#4749 = EDGE_LOOP('',(#4750,#4751,#4752,#4753));
#4750 = ORIENTED_EDGE('',*,*,#4727,.F.);
#4751 = ORIENTED_EDGE('',*,*,#3410,.T.);
#4752 = ORIENTED_EDGE('',*,*,#4672,.T.);
#4753 = ORIENTED_EDGE('',*,*,#4754,.F.);
#4754 = EDGE_CURVE('',#4728,#4673,#4755,.T.);
#4755 = LINE('',#4756,#4757);
#4756 = CARTESIAN_POINT('',(-0.32,-2.7,8.54));
#4757 = VECTOR('',#4758,1.);
#4758 = DIRECTION('',(1.,0.,0.));
#4759 = PLANE('',#4760);
#4760 = AXIS2_PLACEMENT_3D('',#4761,#4762,#4763);
#4761 = CARTESIAN_POINT('',(-0.32,-2.78,8.46));
#4762 = DIRECTION('',(-1.735167508357E-18,0.707106781187,-0.707106781187
    ));
#4763 = DIRECTION('',(-1.,-1.226948711654E-18,1.226948711654E-18));
#4764 = ADVANCED_FACE('',(#4765),#4790,.F.);
#4765 = FACE_BOUND('',#4766,.T.);
#4766 = EDGE_LOOP('',(#4767,#4775,#4776,#4784));
#4767 = ORIENTED_EDGE('',*,*,#4768,.F.);
#4768 = EDGE_CURVE('',#3434,#4769,#4771,.T.);
#4769 = VERTEX_POINT('',#4770);
#4770 = CARTESIAN_POINT('',(-0.16,-5.24,8.54));
#4771 = LINE('',#4772,#4773);
#4772 = CARTESIAN_POINT('',(-0.266666666667,-5.346666666667,
    8.433333333333));
#4773 = VECTOR('',#4774,1.);
#4774 = DIRECTION('',(0.57735026919,0.57735026919,0.57735026919));
#4775 = ORIENTED_EDGE('',*,*,#3441,.T.);
#4776 = ORIENTED_EDGE('',*,*,#4777,.T.);
#4777 = EDGE_CURVE('',#3425,#4778,#4780,.T.);
#4778 = VERTEX_POINT('',#4779);
#4779 = CARTESIAN_POINT('',(0.16,-5.24,8.54));
#4780 = LINE('',#4781,#4782);
#4781 = CARTESIAN_POINT('',(0.16,-5.24,8.54));
#4782 = VECTOR('',#4783,1.);
#4783 = DIRECTION('',(-0.57735026919,0.57735026919,0.57735026919));
#4784 = ORIENTED_EDGE('',*,*,#4785,.F.);
#4785 = EDGE_CURVE('',#4769,#4778,#4786,.T.);
#4786 = LINE('',#4787,#4788);
#4787 = CARTESIAN_POINT('',(-0.32,-5.24,8.54));
#4788 = VECTOR('',#4789,1.);
#4789 = DIRECTION('',(1.,0.,0.));
#4790 = PLANE('',#4791);
#4791 = AXIS2_PLACEMENT_3D('',#4792,#4793,#4794);
#4792 = CARTESIAN_POINT('',(-0.32,-5.32,8.46));
#4793 = DIRECTION('',(-1.735167508357E-18,0.707106781187,-0.707106781187
    ));
#4794 = DIRECTION('',(-1.,-1.226948711654E-18,1.226948711654E-18));
#4795 = ADVANCED_FACE('',(#4796),#4814,.T.);
#4796 = FACE_BOUND('',#4797,.T.);
#4797 = EDGE_LOOP('',(#4798,#4799,#4800,#4808));
#4798 = ORIENTED_EDGE('',*,*,#4777,.F.);
#4799 = ORIENTED_EDGE('',*,*,#3465,.T.);
#4800 = ORIENTED_EDGE('',*,*,#4801,.T.);
#4801 = EDGE_CURVE('',#3458,#4802,#4804,.T.);
#4802 = VERTEX_POINT('',#4803);
#4803 = CARTESIAN_POINT('',(0.16,-4.92,8.54));
#4804 = LINE('',#4805,#4806);
#4805 = CARTESIAN_POINT('',(5.333333333333E-02,-5.026666666667,
    8.646666666667));
#4806 = VECTOR('',#4807,1.);
#4807 = DIRECTION('',(-0.57735026919,-0.57735026919,0.57735026919));
#4808 = ORIENTED_EDGE('',*,*,#4809,.F.);
#4809 = EDGE_CURVE('',#4778,#4802,#4810,.T.);
#4810 = LINE('',#4811,#4812);
#4811 = CARTESIAN_POINT('',(0.16,-5.4,8.54));
#4812 = VECTOR('',#4813,1.);
#4813 = DIRECTION('',(0.,1.,0.));
#4814 = PLANE('',#4815);
#4815 = AXIS2_PLACEMENT_3D('',#4816,#4817,#4818);
#4816 = CARTESIAN_POINT('',(0.24,-5.4,8.46));
#4817 = DIRECTION('',(0.707106781187,-1.735167508357E-18,0.707106781187)
  );
#4818 = DIRECTION('',(1.226948711654E-18,1.,1.226948711654E-18));
#4819 = ADVANCED_FACE('',(#4820),#4838,.T.);
#4820 = FACE_BOUND('',#4821,.F.);
#4821 = EDGE_LOOP('',(#4822,#4830,#4831,#4832));
#4822 = ORIENTED_EDGE('',*,*,#4823,.F.);
#4823 = EDGE_CURVE('',#3482,#4824,#4826,.T.);
#4824 = VERTEX_POINT('',#4825);
#4825 = CARTESIAN_POINT('',(-0.16,-4.92,8.54));
#4826 = LINE('',#4827,#4828);
#4827 = CARTESIAN_POINT('',(-0.16,-4.92,8.54));
#4828 = VECTOR('',#4829,1.);
#4829 = DIRECTION('',(0.57735026919,-0.57735026919,0.57735026919));
#4830 = ORIENTED_EDGE('',*,*,#3489,.T.);
#4831 = ORIENTED_EDGE('',*,*,#4801,.T.);
#4832 = ORIENTED_EDGE('',*,*,#4833,.F.);
#4833 = EDGE_CURVE('',#4824,#4802,#4834,.T.);
#4834 = LINE('',#4835,#4836);
#4835 = CARTESIAN_POINT('',(-0.32,-4.92,8.54));
#4836 = VECTOR('',#4837,1.);
#4837 = DIRECTION('',(1.,0.,0.));
#4838 = PLANE('',#4839);
#4839 = AXIS2_PLACEMENT_3D('',#4840,#4841,#4842);
#4840 = CARTESIAN_POINT('',(-0.32,-4.84,8.46));
#4841 = DIRECTION('',(1.735167508357E-18,0.707106781187,0.707106781187)
  );
#4842 = DIRECTION('',(-1.,1.226948711654E-18,1.226948711654E-18));
#4843 = ADVANCED_FACE('',(#4844),#4855,.F.);
#4844 = FACE_BOUND('',#4845,.F.);
#4845 = EDGE_LOOP('',(#4846,#4847,#4848,#4849));
#4846 = ORIENTED_EDGE('',*,*,#4768,.F.);
#4847 = ORIENTED_EDGE('',*,*,#3506,.T.);
#4848 = ORIENTED_EDGE('',*,*,#4823,.T.);
#4849 = ORIENTED_EDGE('',*,*,#4850,.F.);
#4850 = EDGE_CURVE('',#4769,#4824,#4851,.T.);
#4851 = LINE('',#4852,#4853);
#4852 = CARTESIAN_POINT('',(-0.16,-5.4,8.54));
#4853 = VECTOR('',#4854,1.);
#4854 = DIRECTION('',(0.,1.,0.));
#4855 = PLANE('',#4856);
#4856 = AXIS2_PLACEMENT_3D('',#4857,#4858,#4859);
#4857 = CARTESIAN_POINT('',(-0.24,-5.4,8.46));
#4858 = DIRECTION('',(0.707106781187,1.735167508357E-18,-0.707106781187)
  );
#4859 = DIRECTION('',(-1.226948711654E-18,1.,1.226948711654E-18));
#4860 = ADVANCED_FACE('',(#4861),#4886,.T.);
#4861 = FACE_BOUND('',#4862,.T.);
#4862 = EDGE_LOOP('',(#4863,#4871,#4872,#4880));
#4863 = ORIENTED_EDGE('',*,*,#4864,.F.);
#4864 = EDGE_CURVE('',#3521,#4865,#4867,.T.);
#4865 = VERTEX_POINT('',#4866);
#4866 = CARTESIAN_POINT('',(0.16,-7.78,8.54));
#4867 = LINE('',#4868,#4869);
#4868 = CARTESIAN_POINT('',(0.16,-7.78,8.54));
#4869 = VECTOR('',#4870,1.);
#4870 = DIRECTION('',(-0.57735026919,0.57735026919,0.57735026919));
#4871 = ORIENTED_EDGE('',*,*,#3537,.T.);
#4872 = ORIENTED_EDGE('',*,*,#4873,.T.);
#4873 = EDGE_CURVE('',#3530,#4874,#4876,.T.);
#4874 = VERTEX_POINT('',#4875);
#4875 = CARTESIAN_POINT('',(0.16,-7.46,8.54));
#4876 = LINE('',#4877,#4878);
#4877 = CARTESIAN_POINT('',(5.333333333333E-02,-7.566666666667,
    8.646666666667));
#4878 = VECTOR('',#4879,1.);
#4879 = DIRECTION('',(-0.57735026919,-0.57735026919,0.57735026919));
#4880 = ORIENTED_EDGE('',*,*,#4881,.F.);
#4881 = EDGE_CURVE('',#4865,#4874,#4882,.T.);
#4882 = LINE('',#4883,#4884);
#4883 = CARTESIAN_POINT('',(0.16,-7.94,8.54));
#4884 = VECTOR('',#4885,1.);
#4885 = DIRECTION('',(0.,1.,0.));
#4886 = PLANE('',#4887);
#4887 = AXIS2_PLACEMENT_3D('',#4888,#4889,#4890);
#4888 = CARTESIAN_POINT('',(0.24,-7.94,8.46));
#4889 = DIRECTION('',(0.707106781187,-1.735167508357E-18,0.707106781187)
  );
#4890 = DIRECTION('',(1.226948711654E-18,1.,1.226948711654E-18));
#4891 = ADVANCED_FACE('',(#4892),#4910,.T.);
#4892 = FACE_BOUND('',#4893,.F.);
#4893 = EDGE_LOOP('',(#4894,#4902,#4903,#4904));
#4894 = ORIENTED_EDGE('',*,*,#4895,.F.);
#4895 = EDGE_CURVE('',#3554,#4896,#4898,.T.);
#4896 = VERTEX_POINT('',#4897);
#4897 = CARTESIAN_POINT('',(-0.16,-7.46,8.54));
#4898 = LINE('',#4899,#4900);
#4899 = CARTESIAN_POINT('',(-0.16,-7.46,8.54));
#4900 = VECTOR('',#4901,1.);
#4901 = DIRECTION('',(0.57735026919,-0.57735026919,0.57735026919));
#4902 = ORIENTED_EDGE('',*,*,#3561,.T.);
#4903 = ORIENTED_EDGE('',*,*,#4873,.T.);
#4904 = ORIENTED_EDGE('',*,*,#4905,.F.);
#4905 = EDGE_CURVE('',#4896,#4874,#4906,.T.);
#4906 = LINE('',#4907,#4908);
#4907 = CARTESIAN_POINT('',(-0.32,-7.46,8.54));
#4908 = VECTOR('',#4909,1.);
#4909 = DIRECTION('',(1.,0.,0.));
#4910 = PLANE('',#4911);
#4911 = AXIS2_PLACEMENT_3D('',#4912,#4913,#4914);
#4912 = CARTESIAN_POINT('',(-0.32,-7.38,8.46));
#4913 = DIRECTION('',(1.735167508357E-18,0.707106781187,0.707106781187)
  );
#4914 = DIRECTION('',(-1.,1.226948711654E-18,1.226948711654E-18));
#4915 = ADVANCED_FACE('',(#4916),#4934,.F.);
#4916 = FACE_BOUND('',#4917,.F.);
#4917 = EDGE_LOOP('',(#4918,#4926,#4927,#4928));
#4918 = ORIENTED_EDGE('',*,*,#4919,.F.);
#4919 = EDGE_CURVE('',#3576,#4920,#4922,.T.);
#4920 = VERTEX_POINT('',#4921);
#4921 = CARTESIAN_POINT('',(-0.16,-7.78,8.54));
#4922 = LINE('',#4923,#4924);
#4923 = CARTESIAN_POINT('',(-0.266666666667,-7.886666666667,
    8.433333333333));
#4924 = VECTOR('',#4925,1.);
#4925 = DIRECTION('',(0.57735026919,0.57735026919,0.57735026919));
#4926 = ORIENTED_EDGE('',*,*,#3585,.T.);
#4927 = ORIENTED_EDGE('',*,*,#4895,.T.);
#4928 = ORIENTED_EDGE('',*,*,#4929,.F.);
#4929 = EDGE_CURVE('',#4920,#4896,#4930,.T.);
#4930 = LINE('',#4931,#4932);
#4931 = CARTESIAN_POINT('',(-0.16,-7.94,8.54));
#4932 = VECTOR('',#4933,1.);
#4933 = DIRECTION('',(0.,1.,0.));
#4934 = PLANE('',#4935);
#4935 = AXIS2_PLACEMENT_3D('',#4936,#4937,#4938);
#4936 = CARTESIAN_POINT('',(-0.24,-7.94,8.46));
#4937 = DIRECTION('',(0.707106781187,1.735167508357E-18,-0.707106781187)
  );
#4938 = DIRECTION('',(-1.226948711654E-18,1.,1.226948711654E-18));
#4939 = ADVANCED_FACE('',(#4940),#4951,.F.);
#4940 = FACE_BOUND('',#4941,.T.);
#4941 = EDGE_LOOP('',(#4942,#4943,#4944,#4945));
#4942 = ORIENTED_EDGE('',*,*,#4919,.F.);
#4943 = ORIENTED_EDGE('',*,*,#3602,.T.);
#4944 = ORIENTED_EDGE('',*,*,#4864,.T.);
#4945 = ORIENTED_EDGE('',*,*,#4946,.F.);
#4946 = EDGE_CURVE('',#4920,#4865,#4947,.T.);
#4947 = LINE('',#4948,#4949);
#4948 = CARTESIAN_POINT('',(-0.32,-7.78,8.54));
#4949 = VECTOR('',#4950,1.);
#4950 = DIRECTION('',(1.,0.,0.));
#4951 = PLANE('',#4952);
#4952 = AXIS2_PLACEMENT_3D('',#4953,#4954,#4955);
#4953 = CARTESIAN_POINT('',(-0.32,-7.86,8.46));
#4954 = DIRECTION('',(-1.735167508357E-18,0.707106781187,-0.707106781187
    ));
#4955 = DIRECTION('',(-1.,-1.226948711654E-18,1.226948711654E-18));
#4956 = ADVANCED_FACE('',(#4957),#4982,.F.);
#4957 = FACE_BOUND('',#4958,.T.);
#4958 = EDGE_LOOP('',(#4959,#4967,#4968,#4976));
#4959 = ORIENTED_EDGE('',*,*,#4960,.F.);
#4960 = EDGE_CURVE('',#3626,#4961,#4963,.T.);
#4961 = VERTEX_POINT('',#4962);
#4962 = CARTESIAN_POINT('',(-0.16,-0.16,8.54));
#4963 = LINE('',#4964,#4965);
#4964 = CARTESIAN_POINT('',(-0.266666666667,-0.266666666667,
    8.433333333333));
#4965 = VECTOR('',#4966,1.);
#4966 = DIRECTION('',(0.57735026919,0.57735026919,0.57735026919));
#4967 = ORIENTED_EDGE('',*,*,#3633,.T.);
#4968 = ORIENTED_EDGE('',*,*,#4969,.T.);
#4969 = EDGE_CURVE('',#3617,#4970,#4972,.T.);
#4970 = VERTEX_POINT('',#4971);
#4971 = CARTESIAN_POINT('',(0.16,-0.16,8.54));
#4972 = LINE('',#4973,#4974);
#4973 = CARTESIAN_POINT('',(0.16,-0.16,8.54));
#4974 = VECTOR('',#4975,1.);
#4975 = DIRECTION('',(-0.57735026919,0.57735026919,0.57735026919));
#4976 = ORIENTED_EDGE('',*,*,#4977,.F.);
#4977 = EDGE_CURVE('',#4961,#4970,#4978,.T.);
#4978 = LINE('',#4979,#4980);
#4979 = CARTESIAN_POINT('',(-0.32,-0.16,8.54));
#4980 = VECTOR('',#4981,1.);
#4981 = DIRECTION('',(1.,0.,0.));
#4982 = PLANE('',#4983);
#4983 = AXIS2_PLACEMENT_3D('',#4984,#4985,#4986);
#4984 = CARTESIAN_POINT('',(-0.32,-0.24,8.46));
#4985 = DIRECTION('',(-1.735167508357E-18,0.707106781187,-0.707106781187
    ));
#4986 = DIRECTION('',(-1.,-1.226948711654E-18,1.226948711654E-18));
#4987 = ADVANCED_FACE('',(#4988),#5006,.T.);
#4988 = FACE_BOUND('',#4989,.T.);
#4989 = EDGE_LOOP('',(#4990,#4991,#4992,#5000));
#4990 = ORIENTED_EDGE('',*,*,#4969,.F.);
#4991 = ORIENTED_EDGE('',*,*,#3657,.T.);
#4992 = ORIENTED_EDGE('',*,*,#4993,.T.);
#4993 = EDGE_CURVE('',#3650,#4994,#4996,.T.);
#4994 = VERTEX_POINT('',#4995);
#4995 = CARTESIAN_POINT('',(0.16,0.16,8.54));
#4996 = LINE('',#4997,#4998);
#4997 = CARTESIAN_POINT('',(5.333333333333E-02,5.333333333333E-02,
    8.646666666667));
#4998 = VECTOR('',#4999,1.);
#4999 = DIRECTION('',(-0.57735026919,-0.57735026919,0.57735026919));
#5000 = ORIENTED_EDGE('',*,*,#5001,.F.);
#5001 = EDGE_CURVE('',#4970,#4994,#5002,.T.);
#5002 = LINE('',#5003,#5004);
#5003 = CARTESIAN_POINT('',(0.16,-0.32,8.54));
#5004 = VECTOR('',#5005,1.);
#5005 = DIRECTION('',(0.,1.,0.));
#5006 = PLANE('',#5007);
#5007 = AXIS2_PLACEMENT_3D('',#5008,#5009,#5010);
#5008 = CARTESIAN_POINT('',(0.24,-0.32,8.46));
#5009 = DIRECTION('',(0.707106781187,-1.735167508357E-18,0.707106781187)
  );
#5010 = DIRECTION('',(1.226948711654E-18,1.,1.226948711654E-18));
#5011 = ADVANCED_FACE('',(#5012),#5030,.T.);
#5012 = FACE_BOUND('',#5013,.F.);
#5013 = EDGE_LOOP('',(#5014,#5022,#5023,#5024));
#5014 = ORIENTED_EDGE('',*,*,#5015,.F.);
#5015 = EDGE_CURVE('',#3674,#5016,#5018,.T.);
#5016 = VERTEX_POINT('',#5017);
#5017 = CARTESIAN_POINT('',(-0.16,0.16,8.54));
#5018 = LINE('',#5019,#5020);
#5019 = CARTESIAN_POINT('',(-0.16,0.16,8.54));
#5020 = VECTOR('',#5021,1.);
#5021 = DIRECTION('',(0.57735026919,-0.57735026919,0.57735026919));
#5022 = ORIENTED_EDGE('',*,*,#3681,.T.);
#5023 = ORIENTED_EDGE('',*,*,#4993,.T.);
#5024 = ORIENTED_EDGE('',*,*,#5025,.F.);
#5025 = EDGE_CURVE('',#5016,#4994,#5026,.T.);
#5026 = LINE('',#5027,#5028);
#5027 = CARTESIAN_POINT('',(-0.32,0.16,8.54));
#5028 = VECTOR('',#5029,1.);
#5029 = DIRECTION('',(1.,0.,0.));
#5030 = PLANE('',#5031);
#5031 = AXIS2_PLACEMENT_3D('',#5032,#5033,#5034);
#5032 = CARTESIAN_POINT('',(-0.32,0.24,8.46));
#5033 = DIRECTION('',(1.735167508357E-18,0.707106781187,0.707106781187)
  );
#5034 = DIRECTION('',(-1.,1.226948711654E-18,1.226948711654E-18));
#5035 = ADVANCED_FACE('',(#5036),#5047,.F.);
#5036 = FACE_BOUND('',#5037,.F.);
#5037 = EDGE_LOOP('',(#5038,#5039,#5040,#5041));
#5038 = ORIENTED_EDGE('',*,*,#4960,.F.);
#5039 = ORIENTED_EDGE('',*,*,#3698,.T.);
#5040 = ORIENTED_EDGE('',*,*,#5015,.T.);
#5041 = ORIENTED_EDGE('',*,*,#5042,.F.);
#5042 = EDGE_CURVE('',#4961,#5016,#5043,.T.);
#5043 = LINE('',#5044,#5045);
#5044 = CARTESIAN_POINT('',(-0.16,-0.32,8.54));
#5045 = VECTOR('',#5046,1.);
#5046 = DIRECTION('',(0.,1.,0.));
#5047 = PLANE('',#5048);
#5048 = AXIS2_PLACEMENT_3D('',#5049,#5050,#5051);
#5049 = CARTESIAN_POINT('',(-0.24,-0.32,8.46));
#5050 = DIRECTION('',(0.707106781187,1.735167508357E-18,-0.707106781187)
  );
#5051 = DIRECTION('',(-1.226948711654E-18,1.,1.226948711654E-18));
#5052 = ADVANCED_FACE('',(#5053),#5059,.F.);
#5053 = FACE_BOUND('',#5054,.F.);
#5054 = EDGE_LOOP('',(#5055,#5056,#5057,#5058));
#5055 = ORIENTED_EDGE('',*,*,#3753,.F.);
#5056 = ORIENTED_EDGE('',*,*,#3777,.T.);
#5057 = ORIENTED_EDGE('',*,*,#3794,.T.);
#5058 = ORIENTED_EDGE('',*,*,#3729,.F.);
#5059 = PLANE('',#5060);
#5060 = AXIS2_PLACEMENT_3D('',#5061,#5062,#5063);
#5061 = CARTESIAN_POINT('',(-0.32,-13.02,-3.));
#5062 = DIRECTION('',(0.,0.,1.));
#5063 = DIRECTION('',(1.,0.,-0.));
#5064 = ADVANCED_FACE('',(#5065),#5071,.F.);
#5065 = FACE_BOUND('',#5066,.F.);
#5066 = EDGE_LOOP('',(#5067,#5068,#5069,#5070));
#5067 = ORIENTED_EDGE('',*,*,#3873,.F.);
#5068 = ORIENTED_EDGE('',*,*,#3890,.T.);
#5069 = ORIENTED_EDGE('',*,*,#3825,.T.);
#5070 = ORIENTED_EDGE('',*,*,#3849,.F.);
#5071 = PLANE('',#5072);
#5072 = AXIS2_PLACEMENT_3D('',#5073,#5074,#5075);
#5073 = CARTESIAN_POINT('',(-0.32,-15.56,-3.));
#5074 = DIRECTION('',(0.,0.,1.));
#5075 = DIRECTION('',(1.,0.,-0.));
#5076 = ADVANCED_FACE('',(#5077),#5083,.F.);
#5077 = FACE_BOUND('',#5078,.F.);
#5078 = EDGE_LOOP('',(#5079,#5080,#5081,#5082));
#5079 = ORIENTED_EDGE('',*,*,#3945,.F.);
#5080 = ORIENTED_EDGE('',*,*,#3969,.T.);
#5081 = ORIENTED_EDGE('',*,*,#3986,.T.);
#5082 = ORIENTED_EDGE('',*,*,#3921,.F.);
#5083 = PLANE('',#5084);
#5084 = AXIS2_PLACEMENT_3D('',#5085,#5086,#5087);
#5085 = CARTESIAN_POINT('',(-0.32,-10.48,-3.));
#5086 = DIRECTION('',(0.,0.,1.));
#5087 = DIRECTION('',(1.,0.,-0.));
#5088 = ADVANCED_FACE('',(#5089),#5095,.F.);
#5089 = FACE_BOUND('',#5090,.F.);
#5090 = EDGE_LOOP('',(#5091,#5092,#5093,#5094));
#5091 = ORIENTED_EDGE('',*,*,#4065,.F.);
#5092 = ORIENTED_EDGE('',*,*,#4082,.T.);
#5093 = ORIENTED_EDGE('',*,*,#4017,.T.);
#5094 = ORIENTED_EDGE('',*,*,#4041,.F.);
#5095 = PLANE('',#5096);
#5096 = AXIS2_PLACEMENT_3D('',#5097,#5098,#5099);
#5097 = CARTESIAN_POINT('',(-0.32,-2.86,-3.));
#5098 = DIRECTION('',(0.,0.,1.));
#5099 = DIRECTION('',(1.,0.,-0.));
#5100 = ADVANCED_FACE('',(#5101),#5107,.F.);
#5101 = FACE_BOUND('',#5102,.F.);
#5102 = EDGE_LOOP('',(#5103,#5104,#5105,#5106));
#5103 = ORIENTED_EDGE('',*,*,#4178,.F.);
#5104 = ORIENTED_EDGE('',*,*,#4113,.T.);
#5105 = ORIENTED_EDGE('',*,*,#4137,.T.);
#5106 = ORIENTED_EDGE('',*,*,#4161,.F.);
#5107 = PLANE('',#5108);
#5108 = AXIS2_PLACEMENT_3D('',#5109,#5110,#5111);
#5109 = CARTESIAN_POINT('',(-0.32,-5.4,-3.));
#5110 = DIRECTION('',(0.,0.,1.));
#5111 = DIRECTION('',(1.,0.,-0.));
#5112 = ADVANCED_FACE('',(#5113),#5119,.F.);
#5113 = FACE_BOUND('',#5114,.F.);
#5114 = EDGE_LOOP('',(#5115,#5116,#5117,#5118));
#5115 = ORIENTED_EDGE('',*,*,#4257,.F.);
#5116 = ORIENTED_EDGE('',*,*,#4274,.T.);
#5117 = ORIENTED_EDGE('',*,*,#4209,.T.);
#5118 = ORIENTED_EDGE('',*,*,#4233,.F.);
#5119 = PLANE('',#5120);
#5120 = AXIS2_PLACEMENT_3D('',#5121,#5122,#5123);
#5121 = CARTESIAN_POINT('',(-0.32,-7.94,-3.));
#5122 = DIRECTION('',(0.,0.,1.));
#5123 = DIRECTION('',(1.,0.,-0.));
#5124 = ADVANCED_FACE('',(#5125),#5131,.F.);
#5125 = FACE_BOUND('',#5126,.F.);
#5126 = EDGE_LOOP('',(#5127,#5128,#5129,#5130));
#5127 = ORIENTED_EDGE('',*,*,#4370,.F.);
#5128 = ORIENTED_EDGE('',*,*,#4305,.T.);
#5129 = ORIENTED_EDGE('',*,*,#4329,.T.);
#5130 = ORIENTED_EDGE('',*,*,#4353,.F.);
#5131 = PLANE('',#5132);
#5132 = AXIS2_PLACEMENT_3D('',#5133,#5134,#5135);
#5133 = CARTESIAN_POINT('',(-0.32,-0.32,-3.));
#5134 = DIRECTION('',(0.,0.,1.));
#5135 = DIRECTION('',(1.,0.,-0.));
#5136 = ADVANCED_FACE('',(#5137),#5143,.T.);
#5137 = FACE_BOUND('',#5138,.T.);
#5138 = EDGE_LOOP('',(#5139,#5140,#5141,#5142));
#5139 = ORIENTED_EDGE('',*,*,#4401,.F.);
#5140 = ORIENTED_EDGE('',*,*,#4425,.F.);
#5141 = ORIENTED_EDGE('',*,*,#4449,.T.);
#5142 = ORIENTED_EDGE('',*,*,#4466,.T.);
#5143 = PLANE('',#5144);
#5144 = AXIS2_PLACEMENT_3D('',#5145,#5146,#5147);
#5145 = CARTESIAN_POINT('',(-0.32,-13.02,8.54));
#5146 = DIRECTION('',(0.,0.,1.));
#5147 = DIRECTION('',(1.,0.,-0.));
#5148 = ADVANCED_FACE('',(#5149),#5155,.T.);
#5149 = FACE_BOUND('',#5150,.T.);
#5150 = EDGE_LOOP('',(#5151,#5152,#5153,#5154));
#5151 = ORIENTED_EDGE('',*,*,#4521,.F.);
#5152 = ORIENTED_EDGE('',*,*,#4545,.F.);
#5153 = ORIENTED_EDGE('',*,*,#4562,.T.);
#5154 = ORIENTED_EDGE('',*,*,#4497,.T.);
#5155 = PLANE('',#5156);
#5156 = AXIS2_PLACEMENT_3D('',#5157,#5158,#5159);
#5157 = CARTESIAN_POINT('',(-0.32,-15.56,8.54));
#5158 = DIRECTION('',(0.,0.,1.));
#5159 = DIRECTION('',(1.,0.,-0.));
#5160 = ADVANCED_FACE('',(#5161),#5167,.T.);
#5161 = FACE_BOUND('',#5162,.T.);
#5162 = EDGE_LOOP('',(#5163,#5164,#5165,#5166));
#5163 = ORIENTED_EDGE('',*,*,#4593,.F.);
#5164 = ORIENTED_EDGE('',*,*,#4617,.F.);
#5165 = ORIENTED_EDGE('',*,*,#4641,.T.);
#5166 = ORIENTED_EDGE('',*,*,#4658,.T.);
#5167 = PLANE('',#5168);
#5168 = AXIS2_PLACEMENT_3D('',#5169,#5170,#5171);
#5169 = CARTESIAN_POINT('',(-0.32,-10.48,8.54));
#5170 = DIRECTION('',(0.,0.,1.));
#5171 = DIRECTION('',(1.,0.,-0.));
#5172 = ADVANCED_FACE('',(#5173),#5179,.T.);
#5173 = FACE_BOUND('',#5174,.T.);
#5174 = EDGE_LOOP('',(#5175,#5176,#5177,#5178));
#5175 = ORIENTED_EDGE('',*,*,#4713,.F.);
#5176 = ORIENTED_EDGE('',*,*,#4737,.F.);
#5177 = ORIENTED_EDGE('',*,*,#4754,.T.);
#5178 = ORIENTED_EDGE('',*,*,#4689,.T.);
#5179 = PLANE('',#5180);
#5180 = AXIS2_PLACEMENT_3D('',#5181,#5182,#5183);
#5181 = CARTESIAN_POINT('',(-0.32,-2.86,8.54));
#5182 = DIRECTION('',(0.,0.,1.));
#5183 = DIRECTION('',(1.,0.,-0.));
#5184 = ADVANCED_FACE('',(#5185),#5191,.T.);
#5185 = FACE_BOUND('',#5186,.T.);
#5186 = EDGE_LOOP('',(#5187,#5188,#5189,#5190));
#5187 = ORIENTED_EDGE('',*,*,#4833,.F.);
#5188 = ORIENTED_EDGE('',*,*,#4850,.F.);
#5189 = ORIENTED_EDGE('',*,*,#4785,.T.);
#5190 = ORIENTED_EDGE('',*,*,#4809,.T.);
#5191 = PLANE('',#5192);
#5192 = AXIS2_PLACEMENT_3D('',#5193,#5194,#5195);
#5193 = CARTESIAN_POINT('',(-0.32,-5.4,8.54));
#5194 = DIRECTION('',(0.,0.,1.));
#5195 = DIRECTION('',(1.,0.,-0.));
#5196 = ADVANCED_FACE('',(#5197),#5203,.T.);
#5197 = FACE_BOUND('',#5198,.T.);
#5198 = EDGE_LOOP('',(#5199,#5200,#5201,#5202));
#5199 = ORIENTED_EDGE('',*,*,#4905,.F.);
#5200 = ORIENTED_EDGE('',*,*,#4929,.F.);
#5201 = ORIENTED_EDGE('',*,*,#4946,.T.);
#5202 = ORIENTED_EDGE('',*,*,#4881,.T.);
#5203 = PLANE('',#5204);
#5204 = AXIS2_PLACEMENT_3D('',#5205,#5206,#5207);
#5205 = CARTESIAN_POINT('',(-0.32,-7.94,8.54));
#5206 = DIRECTION('',(0.,0.,1.));
#5207 = DIRECTION('',(1.,0.,-0.));
#5208 = ADVANCED_FACE('',(#5209),#5215,.T.);
#5209 = FACE_BOUND('',#5210,.T.);
#5210 = EDGE_LOOP('',(#5211,#5212,#5213,#5214));
#5211 = ORIENTED_EDGE('',*,*,#5025,.F.);
#5212 = ORIENTED_EDGE('',*,*,#5042,.F.);
#5213 = ORIENTED_EDGE('',*,*,#4977,.T.);
#5214 = ORIENTED_EDGE('',*,*,#5001,.T.);
#5215 = PLANE('',#5216);
#5216 = AXIS2_PLACEMENT_3D('',#5217,#5218,#5219);
#5217 = CARTESIAN_POINT('',(-0.32,-0.32,8.54));
#5218 = DIRECTION('',(0.,0.,1.));
#5219 = DIRECTION('',(1.,0.,-0.));
#5220 = ( GEOMETRIC_REPRESENTATION_CONTEXT(3) 
GLOBAL_UNCERTAINTY_ASSIGNED_CONTEXT((#5224)) 
GLOBAL_UNIT_ASSIGNED_CONTEXT((#5221,#5222,#5223)) REPRESENTATION_CONTEXT
('Context #1','3D Context with UNIT and UNCERTAINTY') );
#5221 = ( LENGTH_UNIT() NAMED_UNIT(*) SI_UNIT(.MILLI.,.METRE.) );
#5222 = ( NAMED_UNIT(*) PLANE_ANGLE_UNIT() SI_UNIT($,.RADIAN.) );
#5223 = ( NAMED_UNIT(*) SI_UNIT($,.STERADIAN.) SOLID_ANGLE_UNIT() );
#5224 = UNCERTAINTY_MEASURE_WITH_UNIT(LENGTH_MEASURE(1.E-07),#5221,
  'distance_accuracy_value','confusion accuracy');
#5225 = CONTEXT_DEPENDENT_SHAPE_REPRESENTATION(#5226,#5228);
#5226 = ( REPRESENTATION_RELATIONSHIP('','',#417,#394) 
REPRESENTATION_RELATIONSHIP_WITH_TRANSFORMATION(#5227) 
SHAPE_REPRESENTATION_RELATIONSHIP() );
#5227 = ITEM_DEFINED_TRANSFORMATION('','',#11,#395);
#5228 = PRODUCT_DEFINITION_SHAPE('Placement','Placement of an item',
  #5229);
#5229 = NEXT_ASSEMBLY_USAGE_OCCURRENCE('3','=>[0:1:1:5]','',#389,#412,$
  );
#5230 = PRODUCT_RELATED_PRODUCT_CATEGORY('part',$,(#414));
#5231 = SHAPE_DEFINITION_REPRESENTATION(#5232,#5238);
#5232 = PRODUCT_DEFINITION_SHAPE('','',#5233);
#5233 = PRODUCT_DEFINITION('design','',#5234,#5237);
#5234 = PRODUCT_DEFINITION_FORMATION('','',#5235);
#5235 = PRODUCT('PinHeader_1x05_P2.54mm_Vertical',
  'PinHeader_1x05_P2.54mm_Vertical','',(#5236));
#5236 = PRODUCT_CONTEXT('',#2,'mechanical');
#5237 = PRODUCT_DEFINITION_CONTEXT('part definition',#2,'design');
#5238 = SHAPE_REPRESENTATION('',(#11,#5239),#5243);
#5239 = AXIS2_PLACEMENT_3D('',#5240,#5241,#5242);
#5240 = CARTESIAN_POINT('',(0.,0.,0.));
#5241 = DIRECTION('',(0.,0.,1.));
#5242 = DIRECTION('',(1.,0.,-0.));
#5243 = ( GEOMETRIC_REPRESENTATION_CONTEXT(3) 
GLOBAL_UNCERTAINTY_ASSIGNED_CONTEXT((#5247)) 
GLOBAL_UNIT_ASSIGNED_CONTEXT((#5244,#5245,#5246)) REPRESENTATION_CONTEXT
('Context #1','3D Context with UNIT and UNCERTAINTY') );
#5244 = ( LENGTH_UNIT() NAMED_UNIT(*) SI_UNIT(.MILLI.,.METRE.) );
#5245 = ( NAMED_UNIT(*) PLANE_ANGLE_UNIT() SI_UNIT($,.RADIAN.) );
#5246 = ( NAMED_UNIT(*) SI_UNIT($,.STERADIAN.) SOLID_ANGLE_UNIT() );
#5247 = UNCERTAINTY_MEASURE_WITH_UNIT(LENGTH_MEASURE(1.E-07),#5244,
  'distance_accuracy_value','confusion accuracy');
#5248 = CONTEXT_DEPENDENT_SHAPE_REPRESENTATION(#5249,#5251);
#5249 = ( REPRESENTATION_RELATIONSHIP('','',#5238,#10) 
REPRESENTATION_RELATIONSHIP_WITH_TRANSFORMATION(#5250) 
SHAPE_REPRESENTATION_RELATIONSHIP() );
#5250 = ITEM_DEFINED_TRANSFORMATION('','',#11,#23);
#5251 = PRODUCT_DEFINITION_SHAPE('Placement','Placement of an item',
  #5252);
#5252 = NEXT_ASSEMBLY_USAGE_OCCURRENCE('6','SPS30','',#5,#5233,$);
#5253 = PRODUCT_RELATED_PRODUCT_CATEGORY('part',$,(#5235));
#5254 = SHAPE_DEFINITION_REPRESENTATION(#5255,#5261);
#5255 = PRODUCT_DEFINITION_SHAPE('','',#5256);
#5256 = PRODUCT_DEFINITION('design','',#5257,#5260);
#5257 = PRODUCT_DEFINITION_FORMATION('','',#5258);
#5258 = PRODUCT('PinHeader_1x05_P254mm_Vertical',
  'PinHeader_1x05_P254mm_Vertical','',(#5259));
#5259 = PRODUCT_CONTEXT('',#2,'mechanical');
#5260 = PRODUCT_DEFINITION_CONTEXT('part definition',#2,'design');
#5261 = ADVANCED_BREP_SHAPE_REPRESENTATION('',(#11,#5262),#8716);
#5262 = MANIFOLD_SOLID_BREP('',#5263);
#5263 = CLOSED_SHELL('',(#5264,#5304,#5335,#5366,#5777,#6188,#6205,#6222
    ,#6239,#6256,#6273,#6290,#6307,#6324,#6341,#6358,#6375,#6392,#6409,
    #6426,#6443,#6460,#6477,#6494,#6511,#6528,#6545,#6562,#6579,#6596,
    #6613,#6630,#6647,#6664,#6676,#6707,#6731,#6755,#6772,#6803,#6827,
    #6851,#6868,#6899,#6923,#6947,#6964,#6995,#7019,#7043,#7060,#7091,
    #7115,#7139,#7156,#7187,#7211,#7235,#7252,#7283,#7307,#7331,#7348,
    #7379,#7403,#7427,#7444,#7475,#7499,#7523,#7540,#7571,#7595,#7619,
    #7636,#7667,#7691,#7715,#7732,#7763,#7787,#7811,#7828,#7859,#7883,
    #7907,#7924,#7955,#7979,#8003,#8020,#8051,#8075,#8099,#8116,#8147,
    #8171,#8195,#8212,#8243,#8267,#8291,#8308,#8339,#8363,#8387,#8404,
    #8435,#8459,#8483,#8500,#8531,#8555,#8579,#8596,#8608,#8620,#8632,
    #8644,#8656,#8668,#8680,#8692,#8704));
#5264 = ADVANCED_FACE('',(#5265),#5299,.F.);
#5265 = FACE_BOUND('',#5266,.F.);
#5266 = EDGE_LOOP('',(#5267,#5277,#5285,#5293));
#5267 = ORIENTED_EDGE('',*,*,#5268,.T.);
#5268 = EDGE_CURVE('',#5269,#5271,#5273,.T.);
#5269 = VERTEX_POINT('',#5270);
#5270 = CARTESIAN_POINT('',(-1.016,1.27,0.));
#5271 = VERTEX_POINT('',#5272);
#5272 = CARTESIAN_POINT('',(-1.016,1.27,2.54));
#5273 = LINE('',#5274,#5275);
#5274 = CARTESIAN_POINT('',(-1.016,1.27,0.));
#5275 = VECTOR('',#5276,1.);
#5276 = DIRECTION('',(0.,0.,1.));
#5277 = ORIENTED_EDGE('',*,*,#5278,.T.);
#5278 = EDGE_CURVE('',#5271,#5279,#5281,.T.);
#5279 = VERTEX_POINT('',#5280);
#5280 = CARTESIAN_POINT('',(-1.27,1.016,2.54));
#5281 = LINE('',#5282,#5283);
#5282 = CARTESIAN_POINT('',(-1.016,1.27,2.54));
#5283 = VECTOR('',#5284,1.);
#5284 = DIRECTION('',(-0.707106781187,-0.707106781187,0.));
#5285 = ORIENTED_EDGE('',*,*,#5286,.F.);
#5286 = EDGE_CURVE('',#5287,#5279,#5289,.T.);
#5287 = VERTEX_POINT('',#5288);
#5288 = CARTESIAN_POINT('',(-1.27,1.016,0.));
#5289 = LINE('',#5290,#5291);
#5290 = CARTESIAN_POINT('',(-1.27,1.016,0.));
#5291 = VECTOR('',#5292,1.);
#5292 = DIRECTION('',(0.,0.,1.));
#5293 = ORIENTED_EDGE('',*,*,#5294,.F.);
#5294 = EDGE_CURVE('',#5269,#5287,#5295,.T.);
#5295 = LINE('',#5296,#5297);
#5296 = CARTESIAN_POINT('',(-1.016,1.27,0.));
#5297 = VECTOR('',#5298,1.);
#5298 = DIRECTION('',(-0.707106781187,-0.707106781187,0.));
#5299 = PLANE('',#5300);
#5300 = AXIS2_PLACEMENT_3D('',#5301,#5302,#5303);
#5301 = CARTESIAN_POINT('',(-1.016,1.27,0.));
#5302 = DIRECTION('',(0.707106781187,-0.707106781187,0.));
#5303 = DIRECTION('',(-0.707106781187,-0.707106781187,0.));
#5304 = ADVANCED_FACE('',(#5305),#5330,.F.);
#5305 = FACE_BOUND('',#5306,.F.);
#5306 = EDGE_LOOP('',(#5307,#5317,#5323,#5324));
#5307 = ORIENTED_EDGE('',*,*,#5308,.T.);
#5308 = EDGE_CURVE('',#5309,#5311,#5313,.T.);
#5309 = VERTEX_POINT('',#5310);
#5310 = CARTESIAN_POINT('',(1.016,1.27,0.));
#5311 = VERTEX_POINT('',#5312);
#5312 = CARTESIAN_POINT('',(1.016,1.27,2.54));
#5313 = LINE('',#5314,#5315);
#5314 = CARTESIAN_POINT('',(1.016,1.27,0.));
#5315 = VECTOR('',#5316,1.);
#5316 = DIRECTION('',(0.,0.,1.));
#5317 = ORIENTED_EDGE('',*,*,#5318,.T.);
#5318 = EDGE_CURVE('',#5311,#5271,#5319,.T.);
#5319 = LINE('',#5320,#5321);
#5320 = CARTESIAN_POINT('',(1.016,1.27,2.54));
#5321 = VECTOR('',#5322,1.);
#5322 = DIRECTION('',(-1.,0.,0.));
#5323 = ORIENTED_EDGE('',*,*,#5268,.F.);
#5324 = ORIENTED_EDGE('',*,*,#5325,.F.);
#5325 = EDGE_CURVE('',#5309,#5269,#5326,.T.);
#5326 = LINE('',#5327,#5328);
#5327 = CARTESIAN_POINT('',(1.016,1.27,0.));
#5328 = VECTOR('',#5329,1.);
#5329 = DIRECTION('',(-1.,0.,0.));
#5330 = PLANE('',#5331);
#5331 = AXIS2_PLACEMENT_3D('',#5332,#5333,#5334);
#5332 = CARTESIAN_POINT('',(1.016,1.27,0.));
#5333 = DIRECTION('',(0.,-1.,0.));
#5334 = DIRECTION('',(-1.,0.,0.));
#5335 = ADVANCED_FACE('',(#5336),#5361,.F.);
#5336 = FACE_BOUND('',#5337,.F.);
#5337 = EDGE_LOOP('',(#5338,#5339,#5347,#5355));
#5338 = ORIENTED_EDGE('',*,*,#5286,.T.);
#5339 = ORIENTED_EDGE('',*,*,#5340,.T.);
#5340 = EDGE_CURVE('',#5279,#5341,#5343,.T.);
#5341 = VERTEX_POINT('',#5342);
#5342 = CARTESIAN_POINT('',(-1.27,-1.016,2.54));
#5343 = LINE('',#5344,#5345);
#5344 = CARTESIAN_POINT('',(-1.27,1.016,2.54));
#5345 = VECTOR('',#5346,1.);
#5346 = DIRECTION('',(0.,-1.,0.));
#5347 = ORIENTED_EDGE('',*,*,#5348,.F.);
#5348 = EDGE_CURVE('',#5349,#5341,#5351,.T.);
#5349 = VERTEX_POINT('',#5350);
#5350 = CARTESIAN_POINT('',(-1.27,-1.016,0.));
#5351 = LINE('',#5352,#5353);
#5352 = CARTESIAN_POINT('',(-1.27,-1.016,0.));
#5353 = VECTOR('',#5354,1.);
#5354 = DIRECTION('',(0.,0.,1.));
#5355 = ORIENTED_EDGE('',*,*,#5356,.F.);
#5356 = EDGE_CURVE('',#5287,#5349,#5357,.T.);
#5357 = LINE('',#5358,#5359);
#5358 = CARTESIAN_POINT('',(-1.27,1.016,0.));
#5359 = VECTOR('',#5360,1.);
#5360 = DIRECTION('',(0.,-1.,0.));
#5361 = PLANE('',#5362);
#5362 = AXIS2_PLACEMENT_3D('',#5363,#5364,#5365);
#5363 = CARTESIAN_POINT('',(-1.27,1.016,0.));
#5364 = DIRECTION('',(1.,0.,0.));
#5365 = DIRECTION('',(0.,-1.,0.));
#5366 = ADVANCED_FACE('',(#5367,#5602,#5636,#5670,#5704,#5738),#5772,.F.
  );
#5367 = FACE_BOUND('',#5368,.F.);
#5368 = EDGE_LOOP('',(#5369,#5370,#5371,#5379,#5387,#5395,#5403,#5411,
    #5419,#5427,#5435,#5443,#5451,#5459,#5467,#5475,#5483,#5491,#5499,
    #5507,#5515,#5523,#5531,#5539,#5547,#5555,#5563,#5571,#5579,#5587,
    #5595,#5601));
#5369 = ORIENTED_EDGE('',*,*,#5294,.T.);
#5370 = ORIENTED_EDGE('',*,*,#5356,.T.);
#5371 = ORIENTED_EDGE('',*,*,#5372,.T.);
#5372 = EDGE_CURVE('',#5349,#5373,#5375,.T.);
#5373 = VERTEX_POINT('',#5374);
#5374 = CARTESIAN_POINT('',(-1.016,-1.27,0.));
#5375 = LINE('',#5376,#5377);
#5376 = CARTESIAN_POINT('',(-1.27,-1.016,0.));
#5377 = VECTOR('',#5378,1.);
#5378 = DIRECTION('',(0.707106781187,-0.707106781187,0.));
#5379 = ORIENTED_EDGE('',*,*,#5380,.T.);
#5380 = EDGE_CURVE('',#5373,#5381,#5383,.T.);
#5381 = VERTEX_POINT('',#5382);
#5382 = CARTESIAN_POINT('',(-1.27,-1.524,0.));
#5383 = LINE('',#5384,#5385);
#5384 = CARTESIAN_POINT('',(-1.016,-1.27,0.));
#5385 = VECTOR('',#5386,1.);
#5386 = DIRECTION('',(-0.707106781187,-0.707106781187,0.));
#5387 = ORIENTED_EDGE('',*,*,#5388,.T.);
#5388 = EDGE_CURVE('',#5381,#5389,#5391,.T.);
#5389 = VERTEX_POINT('',#5390);
#5390 = CARTESIAN_POINT('',(-1.27,-3.556,0.));
#5391 = LINE('',#5392,#5393);
#5392 = CARTESIAN_POINT('',(-1.27,-1.524,0.));
#5393 = VECTOR('',#5394,1.);
#5394 = DIRECTION('',(0.,-1.,0.));
#5395 = ORIENTED_EDGE('',*,*,#5396,.T.);
#5396 = EDGE_CURVE('',#5389,#5397,#5399,.T.);
#5397 = VERTEX_POINT('',#5398);
#5398 = CARTESIAN_POINT('',(-1.016,-3.81,0.));
#5399 = LINE('',#5400,#5401);
#5400 = CARTESIAN_POINT('',(-1.27,-3.556,0.));
#5401 = VECTOR('',#5402,1.);
#5402 = DIRECTION('',(0.707106781187,-0.707106781187,0.));
#5403 = ORIENTED_EDGE('',*,*,#5404,.T.);
#5404 = EDGE_CURVE('',#5397,#5405,#5407,.T.);
#5405 = VERTEX_POINT('',#5406);
#5406 = CARTESIAN_POINT('',(-1.27,-4.064,0.));
#5407 = LINE('',#5408,#5409);
#5408 = CARTESIAN_POINT('',(-1.016,-3.81,0.));
#5409 = VECTOR('',#5410,1.);
#5410 = DIRECTION('',(-0.707106781187,-0.707106781187,0.));
#5411 = ORIENTED_EDGE('',*,*,#5412,.T.);
#5412 = EDGE_CURVE('',#5405,#5413,#5415,.T.);
#5413 = VERTEX_POINT('',#5414);
#5414 = CARTESIAN_POINT('',(-1.27,-6.096,0.));
#5415 = LINE('',#5416,#5417);
#5416 = CARTESIAN_POINT('',(-1.27,-4.064,0.));
#5417 = VECTOR('',#5418,1.);
#5418 = DIRECTION('',(0.,-1.,0.));
#5419 = ORIENTED_EDGE('',*,*,#5420,.T.);
#5420 = EDGE_CURVE('',#5413,#5421,#5423,.T.);
#5421 = VERTEX_POINT('',#5422);
#5422 = CARTESIAN_POINT('',(-1.016,-6.35,0.));
#5423 = LINE('',#5424,#5425);
#5424 = CARTESIAN_POINT('',(-1.27,-6.096,0.));
#5425 = VECTOR('',#5426,1.);
#5426 = DIRECTION('',(0.707106781187,-0.707106781187,0.));
#5427 = ORIENTED_EDGE('',*,*,#5428,.T.);
#5428 = EDGE_CURVE('',#5421,#5429,#5431,.T.);
#5429 = VERTEX_POINT('',#5430);
#5430 = CARTESIAN_POINT('',(-1.27,-6.604,0.));
#5431 = LINE('',#5432,#5433);
#5432 = CARTESIAN_POINT('',(-1.016,-6.35,0.));
#5433 = VECTOR('',#5434,1.);
#5434 = DIRECTION('',(-0.707106781187,-0.707106781187,0.));
#5435 = ORIENTED_EDGE('',*,*,#5436,.T.);
#5436 = EDGE_CURVE('',#5429,#5437,#5439,.T.);
#5437 = VERTEX_POINT('',#5438);
#5438 = CARTESIAN_POINT('',(-1.27,-8.636,0.));
#5439 = LINE('',#5440,#5441);
#5440 = CARTESIAN_POINT('',(-1.27,-6.604,0.));
#5441 = VECTOR('',#5442,1.);
#5442 = DIRECTION('',(0.,-1.,0.));
#5443 = ORIENTED_EDGE('',*,*,#5444,.T.);
#5444 = EDGE_CURVE('',#5437,#5445,#5447,.T.);
#5445 = VERTEX_POINT('',#5446);
#5446 = CARTESIAN_POINT('',(-1.016,-8.89,0.));
#5447 = LINE('',#5448,#5449);
#5448 = CARTESIAN_POINT('',(-1.27,-8.636,0.));
#5449 = VECTOR('',#5450,1.);
#5450 = DIRECTION('',(0.707106781187,-0.707106781187,0.));
#5451 = ORIENTED_EDGE('',*,*,#5452,.T.);
#5452 = EDGE_CURVE('',#5445,#5453,#5455,.T.);
#5453 = VERTEX_POINT('',#5454);
#5454 = CARTESIAN_POINT('',(-1.27,-9.144,0.));
#5455 = LINE('',#5456,#5457);
#5456 = CARTESIAN_POINT('',(-1.016,-8.89,0.));
#5457 = VECTOR('',#5458,1.);
#5458 = DIRECTION('',(-0.707106781187,-0.707106781187,0.));
#5459 = ORIENTED_EDGE('',*,*,#5460,.T.);
#5460 = EDGE_CURVE('',#5453,#5461,#5463,.T.);
#5461 = VERTEX_POINT('',#5462);
#5462 = CARTESIAN_POINT('',(-1.27,-11.176,0.));
#5463 = LINE('',#5464,#5465);
#5464 = CARTESIAN_POINT('',(-1.27,-9.144,0.));
#5465 = VECTOR('',#5466,1.);
#5466 = DIRECTION('',(0.,-1.,0.));
#5467 = ORIENTED_EDGE('',*,*,#5468,.T.);
#5468 = EDGE_CURVE('',#5461,#5469,#5471,.T.);
#5469 = VERTEX_POINT('',#5470);
#5470 = CARTESIAN_POINT('',(-1.016,-11.43,0.));
#5471 = LINE('',#5472,#5473);
#5472 = CARTESIAN_POINT('',(-1.27,-11.176,0.));
#5473 = VECTOR('',#5474,1.);
#5474 = DIRECTION('',(0.707106781187,-0.707106781187,0.));
#5475 = ORIENTED_EDGE('',*,*,#5476,.T.);
#5476 = EDGE_CURVE('',#5469,#5477,#5479,.T.);
#5477 = VERTEX_POINT('',#5478);
#5478 = CARTESIAN_POINT('',(1.016,-11.43,0.));
#5479 = LINE('',#5480,#5481);
#5480 = CARTESIAN_POINT('',(-1.016,-11.43,0.));
#5481 = VECTOR('',#5482,1.);
#5482 = DIRECTION('',(1.,0.,0.));
#5483 = ORIENTED_EDGE('',*,*,#5484,.T.);
#5484 = EDGE_CURVE('',#5477,#5485,#5487,.T.);
#5485 = VERTEX_POINT('',#5486);
#5486 = CARTESIAN_POINT('',(1.27,-11.176,0.));
#5487 = LINE('',#5488,#5489);
#5488 = CARTESIAN_POINT('',(1.016,-11.43,0.));
#5489 = VECTOR('',#5490,1.);
#5490 = DIRECTION('',(0.707106781187,0.707106781187,0.));
#5491 = ORIENTED_EDGE('',*,*,#5492,.T.);
#5492 = EDGE_CURVE('',#5485,#5493,#5495,.T.);
#5493 = VERTEX_POINT('',#5494);
#5494 = CARTESIAN_POINT('',(1.27,-9.144,0.));
#5495 = LINE('',#5496,#5497);
#5496 = CARTESIAN_POINT('',(1.27,-11.176,0.));
#5497 = VECTOR('',#5498,1.);
#5498 = DIRECTION('',(0.,1.,0.));
#5499 = ORIENTED_EDGE('',*,*,#5500,.T.);
#5500 = EDGE_CURVE('',#5493,#5501,#5503,.T.);
#5501 = VERTEX_POINT('',#5502);
#5502 = CARTESIAN_POINT('',(1.016,-8.89,0.));
#5503 = LINE('',#5504,#5505);
#5504 = CARTESIAN_POINT('',(1.27,-9.144,0.));
#5505 = VECTOR('',#5506,1.);
#5506 = DIRECTION('',(-0.707106781187,0.707106781187,0.));
#5507 = ORIENTED_EDGE('',*,*,#5508,.T.);
#5508 = EDGE_CURVE('',#5501,#5509,#5511,.T.);
#5509 = VERTEX_POINT('',#5510);
#5510 = CARTESIAN_POINT('',(1.27,-8.636,0.));
#5511 = LINE('',#5512,#5513);
#5512 = CARTESIAN_POINT('',(1.016,-8.89,0.));
#5513 = VECTOR('',#5514,1.);
#5514 = DIRECTION('',(0.707106781187,0.707106781187,0.));
#5515 = ORIENTED_EDGE('',*,*,#5516,.T.);
#5516 = EDGE_CURVE('',#5509,#5517,#5519,.T.);
#5517 = VERTEX_POINT('',#5518);
#5518 = CARTESIAN_POINT('',(1.27,-6.604,0.));
#5519 = LINE('',#5520,#5521);
#5520 = CARTESIAN_POINT('',(1.27,-8.636,0.));
#5521 = VECTOR('',#5522,1.);
#5522 = DIRECTION('',(0.,1.,0.));
#5523 = ORIENTED_EDGE('',*,*,#5524,.T.);
#5524 = EDGE_CURVE('',#5517,#5525,#5527,.T.);
#5525 = VERTEX_POINT('',#5526);
#5526 = CARTESIAN_POINT('',(1.016,-6.35,0.));
#5527 = LINE('',#5528,#5529);
#5528 = CARTESIAN_POINT('',(1.27,-6.604,0.));
#5529 = VECTOR('',#5530,1.);
#5530 = DIRECTION('',(-0.707106781187,0.707106781187,0.));
#5531 = ORIENTED_EDGE('',*,*,#5532,.T.);
#5532 = EDGE_CURVE('',#5525,#5533,#5535,.T.);
#5533 = VERTEX_POINT('',#5534);
#5534 = CARTESIAN_POINT('',(1.27,-6.096,0.));
#5535 = LINE('',#5536,#5537);
#5536 = CARTESIAN_POINT('',(1.016,-6.35,0.));
#5537 = VECTOR('',#5538,1.);
#5538 = DIRECTION('',(0.707106781187,0.707106781187,0.));
#5539 = ORIENTED_EDGE('',*,*,#5540,.T.);
#5540 = EDGE_CURVE('',#5533,#5541,#5543,.T.);
#5541 = VERTEX_POINT('',#5542);
#5542 = CARTESIAN_POINT('',(1.27,-4.064,0.));
#5543 = LINE('',#5544,#5545);
#5544 = CARTESIAN_POINT('',(1.27,-6.096,0.));
#5545 = VECTOR('',#5546,1.);
#5546 = DIRECTION('',(0.,1.,0.));
#5547 = ORIENTED_EDGE('',*,*,#5548,.T.);
#5548 = EDGE_CURVE('',#5541,#5549,#5551,.T.);
#5549 = VERTEX_POINT('',#5550);
#5550 = CARTESIAN_POINT('',(1.016,-3.81,0.));
#5551 = LINE('',#5552,#5553);
#5552 = CARTESIAN_POINT('',(1.27,-4.064,0.));
#5553 = VECTOR('',#5554,1.);
#5554 = DIRECTION('',(-0.707106781187,0.707106781187,0.));
#5555 = ORIENTED_EDGE('',*,*,#5556,.T.);
#5556 = EDGE_CURVE('',#5549,#5557,#5559,.T.);
#5557 = VERTEX_POINT('',#5558);
#5558 = CARTESIAN_POINT('',(1.27,-3.556,0.));
#5559 = LINE('',#5560,#5561);
#5560 = CARTESIAN_POINT('',(1.016,-3.81,0.));
#5561 = VECTOR('',#5562,1.);
#5562 = DIRECTION('',(0.707106781187,0.707106781187,0.));
#5563 = ORIENTED_EDGE('',*,*,#5564,.T.);
#5564 = EDGE_CURVE('',#5557,#5565,#5567,.T.);
#5565 = VERTEX_POINT('',#5566);
#5566 = CARTESIAN_POINT('',(1.27,-1.524,0.));
#5567 = LINE('',#5568,#5569);
#5568 = CARTESIAN_POINT('',(1.27,-3.556,0.));
#5569 = VECTOR('',#5570,1.);
#5570 = DIRECTION('',(0.,1.,0.));
#5571 = ORIENTED_EDGE('',*,*,#5572,.T.);
#5572 = EDGE_CURVE('',#5565,#5573,#5575,.T.);
#5573 = VERTEX_POINT('',#5574);
#5574 = CARTESIAN_POINT('',(1.016,-1.27,0.));
#5575 = LINE('',#5576,#5577);
#5576 = CARTESIAN_POINT('',(1.27,-1.524,0.));
#5577 = VECTOR('',#5578,1.);
#5578 = DIRECTION('',(-0.707106781187,0.707106781187,0.));
#5579 = ORIENTED_EDGE('',*,*,#5580,.T.);
#5580 = EDGE_CURVE('',#5573,#5581,#5583,.T.);
#5581 = VERTEX_POINT('',#5582);
#5582 = CARTESIAN_POINT('',(1.27,-1.016,0.));
#5583 = LINE('',#5584,#5585);
#5584 = CARTESIAN_POINT('',(1.016,-1.27,0.));
#5585 = VECTOR('',#5586,1.);
#5586 = DIRECTION('',(0.707106781187,0.707106781187,0.));
#5587 = ORIENTED_EDGE('',*,*,#5588,.T.);
#5588 = EDGE_CURVE('',#5581,#5589,#5591,.T.);
#5589 = VERTEX_POINT('',#5590);
#5590 = CARTESIAN_POINT('',(1.27,1.016,0.));
#5591 = LINE('',#5592,#5593);
#5592 = CARTESIAN_POINT('',(1.27,-1.016,0.));
#5593 = VECTOR('',#5594,1.);
#5594 = DIRECTION('',(0.,1.,0.));
#5595 = ORIENTED_EDGE('',*,*,#5596,.T.);
#5596 = EDGE_CURVE('',#5589,#5309,#5597,.T.);
#5597 = LINE('',#5598,#5599);
#5598 = CARTESIAN_POINT('',(1.27,1.016,0.));
#5599 = VECTOR('',#5600,1.);
#5600 = DIRECTION('',(-0.707106781187,0.707106781187,0.));
#5601 = ORIENTED_EDGE('',*,*,#5325,.T.);
#5602 = FACE_BOUND('',#5603,.F.);
#5603 = EDGE_LOOP('',(#5604,#5614,#5622,#5630));
#5604 = ORIENTED_EDGE('',*,*,#5605,.F.);
#5605 = EDGE_CURVE('',#5606,#5608,#5610,.T.);
#5606 = VERTEX_POINT('',#5607);
#5607 = CARTESIAN_POINT('',(0.32,-0.32,0.));
#5608 = VERTEX_POINT('',#5609);
#5609 = CARTESIAN_POINT('',(0.32,0.32,0.));
#5610 = LINE('',#5611,#5612);
#5611 = CARTESIAN_POINT('',(0.32,-2.7,0.));
#5612 = VECTOR('',#5613,1.);
#5613 = DIRECTION('',(0.,1.,0.));
#5614 = ORIENTED_EDGE('',*,*,#5615,.T.);
#5615 = EDGE_CURVE('',#5606,#5616,#5618,.T.);
#5616 = VERTEX_POINT('',#5617);
#5617 = CARTESIAN_POINT('',(-0.32,-0.32,0.));
#5618 = LINE('',#5619,#5620);
#5619 = CARTESIAN_POINT('',(-0.16,-0.32,0.));
#5620 = VECTOR('',#5621,1.);
#5621 = DIRECTION('',(-1.,0.,0.));
#5622 = ORIENTED_EDGE('',*,*,#5623,.T.);
#5623 = EDGE_CURVE('',#5616,#5624,#5626,.T.);
#5624 = VERTEX_POINT('',#5625);
#5625 = CARTESIAN_POINT('',(-0.32,0.32,0.));
#5626 = LINE('',#5627,#5628);
#5627 = CARTESIAN_POINT('',(-0.32,-2.7,0.));
#5628 = VECTOR('',#5629,1.);
#5629 = DIRECTION('',(0.,1.,0.));
#5630 = ORIENTED_EDGE('',*,*,#5631,.F.);
#5631 = EDGE_CURVE('',#5608,#5624,#5632,.T.);
#5632 = LINE('',#5633,#5634);
#5633 = CARTESIAN_POINT('',(-0.16,0.32,0.));
#5634 = VECTOR('',#5635,1.);
#5635 = DIRECTION('',(-1.,0.,0.));
#5636 = FACE_BOUND('',#5637,.F.);
#5637 = EDGE_LOOP('',(#5638,#5648,#5656,#5664));
#5638 = ORIENTED_EDGE('',*,*,#5639,.F.);
#5639 = EDGE_CURVE('',#5640,#5642,#5644,.T.);
#5640 = VERTEX_POINT('',#5641);
#5641 = CARTESIAN_POINT('',(0.32,-2.22,0.));
#5642 = VERTEX_POINT('',#5643);
#5643 = CARTESIAN_POINT('',(-0.32,-2.22,0.));
#5644 = LINE('',#5645,#5646);
#5645 = CARTESIAN_POINT('',(-0.16,-2.22,0.));
#5646 = VECTOR('',#5647,1.);
#5647 = DIRECTION('',(-1.,0.,0.));
#5648 = ORIENTED_EDGE('',*,*,#5649,.F.);
#5649 = EDGE_CURVE('',#5650,#5640,#5652,.T.);
#5650 = VERTEX_POINT('',#5651);
#5651 = CARTESIAN_POINT('',(0.32,-2.86,0.));
#5652 = LINE('',#5653,#5654);
#5653 = CARTESIAN_POINT('',(0.32,-3.97,0.));
#5654 = VECTOR('',#5655,1.);
#5655 = DIRECTION('',(0.,1.,0.));
#5656 = ORIENTED_EDGE('',*,*,#5657,.T.);
#5657 = EDGE_CURVE('',#5650,#5658,#5660,.T.);
#5658 = VERTEX_POINT('',#5659);
#5659 = CARTESIAN_POINT('',(-0.32,-2.86,0.));
#5660 = LINE('',#5661,#5662);
#5661 = CARTESIAN_POINT('',(-0.16,-2.86,0.));
#5662 = VECTOR('',#5663,1.);
#5663 = DIRECTION('',(-1.,0.,0.));
#5664 = ORIENTED_EDGE('',*,*,#5665,.T.);
#5665 = EDGE_CURVE('',#5658,#5642,#5666,.T.);
#5666 = LINE('',#5667,#5668);
#5667 = CARTESIAN_POINT('',(-0.32,-3.97,0.));
#5668 = VECTOR('',#5669,1.);
#5669 = DIRECTION('',(0.,1.,0.));
#5670 = FACE_BOUND('',#5671,.F.);
#5671 = EDGE_LOOP('',(#5672,#5682,#5690,#5698));
#5672 = ORIENTED_EDGE('',*,*,#5673,.F.);
#5673 = EDGE_CURVE('',#5674,#5676,#5678,.T.);
#5674 = VERTEX_POINT('',#5675);
#5675 = CARTESIAN_POINT('',(0.32,-4.76,0.));
#5676 = VERTEX_POINT('',#5677);
#5677 = CARTESIAN_POINT('',(-0.32,-4.76,0.));
#5678 = LINE('',#5679,#5680);
#5679 = CARTESIAN_POINT('',(-0.16,-4.76,0.));
#5680 = VECTOR('',#5681,1.);
#5681 = DIRECTION('',(-1.,0.,0.));
#5682 = ORIENTED_EDGE('',*,*,#5683,.F.);
#5683 = EDGE_CURVE('',#5684,#5674,#5686,.T.);
#5684 = VERTEX_POINT('',#5685);
#5685 = CARTESIAN_POINT('',(0.32,-5.4,0.));
#5686 = LINE('',#5687,#5688);
#5687 = CARTESIAN_POINT('',(0.32,-5.24,0.));
#5688 = VECTOR('',#5689,1.);
#5689 = DIRECTION('',(0.,1.,0.));
#5690 = ORIENTED_EDGE('',*,*,#5691,.T.);
#5691 = EDGE_CURVE('',#5684,#5692,#5694,.T.);
#5692 = VERTEX_POINT('',#5693);
#5693 = CARTESIAN_POINT('',(-0.32,-5.4,0.));
#5694 = LINE('',#5695,#5696);
#5695 = CARTESIAN_POINT('',(-0.16,-5.4,0.));
#5696 = VECTOR('',#5697,1.);
#5697 = DIRECTION('',(-1.,0.,0.));
#5698 = ORIENTED_EDGE('',*,*,#5699,.T.);
#5699 = EDGE_CURVE('',#5692,#5676,#5700,.T.);
#5700 = LINE('',#5701,#5702);
#5701 = CARTESIAN_POINT('',(-0.32,-5.24,0.));
#5702 = VECTOR('',#5703,1.);
#5703 = DIRECTION('',(0.,1.,0.));
#5704 = FACE_BOUND('',#5705,.F.);
#5705 = EDGE_LOOP('',(#5706,#5716,#5724,#5732));
#5706 = ORIENTED_EDGE('',*,*,#5707,.F.);
#5707 = EDGE_CURVE('',#5708,#5710,#5712,.T.);
#5708 = VERTEX_POINT('',#5709);
#5709 = CARTESIAN_POINT('',(0.32,-9.84,0.));
#5710 = VERTEX_POINT('',#5711);
#5711 = CARTESIAN_POINT('',(-0.32,-9.84,0.));
#5712 = LINE('',#5713,#5714);
#5713 = CARTESIAN_POINT('',(-0.16,-9.84,0.));
#5714 = VECTOR('',#5715,1.);
#5715 = DIRECTION('',(-1.,0.,0.));
#5716 = ORIENTED_EDGE('',*,*,#5717,.F.);
#5717 = EDGE_CURVE('',#5718,#5708,#5720,.T.);
#5718 = VERTEX_POINT('',#5719);
#5719 = CARTESIAN_POINT('',(0.32,-10.48,0.));
#5720 = LINE('',#5721,#5722);
#5721 = CARTESIAN_POINT('',(0.32,-7.78,0.));
#5722 = VECTOR('',#5723,1.);
#5723 = DIRECTION('',(0.,1.,0.));
#5724 = ORIENTED_EDGE('',*,*,#5725,.T.);
#5725 = EDGE_CURVE('',#5718,#5726,#5728,.T.);
#5726 = VERTEX_POINT('',#5727);
#5727 = CARTESIAN_POINT('',(-0.32,-10.48,0.));
#5728 = LINE('',#5729,#5730);
#5729 = CARTESIAN_POINT('',(-0.16,-10.48,0.));
#5730 = VECTOR('',#5731,1.);
#5731 = DIRECTION('',(-1.,0.,0.));
#5732 = ORIENTED_EDGE('',*,*,#5733,.T.);
#5733 = EDGE_CURVE('',#5726,#5710,#5734,.T.);
#5734 = LINE('',#5735,#5736);
#5735 = CARTESIAN_POINT('',(-0.32,-7.78,0.));
#5736 = VECTOR('',#5737,1.);
#5737 = DIRECTION('',(0.,1.,0.));
#5738 = FACE_BOUND('',#5739,.F.);
#5739 = EDGE_LOOP('',(#5740,#5750,#5758,#5766));
#5740 = ORIENTED_EDGE('',*,*,#5741,.T.);
#5741 = EDGE_CURVE('',#5742,#5744,#5746,.T.);
#5742 = VERTEX_POINT('',#5743);
#5743 = CARTESIAN_POINT('',(0.32,-7.94,0.));
#5744 = VERTEX_POINT('',#5745);
#5745 = CARTESIAN_POINT('',(-0.32,-7.94,0.));
#5746 = LINE('',#5747,#5748);
#5747 = CARTESIAN_POINT('',(-0.16,-7.94,0.));
#5748 = VECTOR('',#5749,1.);
#5749 = DIRECTION('',(-1.,0.,0.));
#5750 = ORIENTED_EDGE('',*,*,#5751,.T.);
#5751 = EDGE_CURVE('',#5744,#5752,#5754,.T.);
#5752 = VERTEX_POINT('',#5753);
#5753 = CARTESIAN_POINT('',(-0.32,-7.3,0.));
#5754 = LINE('',#5755,#5756);
#5755 = CARTESIAN_POINT('',(-0.32,-6.51,0.));
#5756 = VECTOR('',#5757,1.);
#5757 = DIRECTION('',(0.,1.,0.));
#5758 = ORIENTED_EDGE('',*,*,#5759,.F.);
#5759 = EDGE_CURVE('',#5760,#5752,#5762,.T.);
#5760 = VERTEX_POINT('',#5761);
#5761 = CARTESIAN_POINT('',(0.32,-7.3,0.));
#5762 = LINE('',#5763,#5764);
#5763 = CARTESIAN_POINT('',(-0.16,-7.3,0.));
#5764 = VECTOR('',#5765,1.);
#5765 = DIRECTION('',(-1.,0.,0.));
#5766 = ORIENTED_EDGE('',*,*,#5767,.F.);
#5767 = EDGE_CURVE('',#5742,#5760,#5768,.T.);
#5768 = LINE('',#5769,#5770);
#5769 = CARTESIAN_POINT('',(0.32,-6.51,0.));
#5770 = VECTOR('',#5771,1.);
#5771 = DIRECTION('',(0.,1.,0.));
#5772 = PLANE('',#5773);
#5773 = AXIS2_PLACEMENT_3D('',#5774,#5775,#5776);
#5774 = CARTESIAN_POINT('',(-2.110141571089E-17,-5.08,0.));
#5775 = DIRECTION('',(0.,0.,1.));
#5776 = DIRECTION('',(1.,0.,-0.));
#5777 = ADVANCED_FACE('',(#5778,#6013,#6047,#6081,#6115,#6149),#6183,.T.
  );
#5778 = FACE_BOUND('',#5779,.T.);
#5779 = EDGE_LOOP('',(#5780,#5781,#5782,#5790,#5798,#5806,#5814,#5822,
    #5830,#5838,#5846,#5854,#5862,#5870,#5878,#5886,#5894,#5902,#5910,
    #5918,#5926,#5934,#5942,#5950,#5958,#5966,#5974,#5982,#5990,#5998,
    #6006,#6012));
#5780 = ORIENTED_EDGE('',*,*,#5278,.T.);
#5781 = ORIENTED_EDGE('',*,*,#5340,.T.);
#5782 = ORIENTED_EDGE('',*,*,#5783,.T.);
#5783 = EDGE_CURVE('',#5341,#5784,#5786,.T.);
#5784 = VERTEX_POINT('',#5785);
#5785 = CARTESIAN_POINT('',(-1.016,-1.27,2.54));
#5786 = LINE('',#5787,#5788);
#5787 = CARTESIAN_POINT('',(-1.27,-1.016,2.54));
#5788 = VECTOR('',#5789,1.);
#5789 = DIRECTION('',(0.707106781187,-0.707106781187,0.));
#5790 = ORIENTED_EDGE('',*,*,#5791,.T.);
#5791 = EDGE_CURVE('',#5784,#5792,#5794,.T.);
#5792 = VERTEX_POINT('',#5793);
#5793 = CARTESIAN_POINT('',(-1.27,-1.524,2.54));
#5794 = LINE('',#5795,#5796);
#5795 = CARTESIAN_POINT('',(-1.016,-1.27,2.54));
#5796 = VECTOR('',#5797,1.);
#5797 = DIRECTION('',(-0.707106781187,-0.707106781187,0.));
#5798 = ORIENTED_EDGE('',*,*,#5799,.T.);
#5799 = EDGE_CURVE('',#5792,#5800,#5802,.T.);
#5800 = VERTEX_POINT('',#5801);
#5801 = CARTESIAN_POINT('',(-1.27,-3.556,2.54));
#5802 = LINE('',#5803,#5804);
#5803 = CARTESIAN_POINT('',(-1.27,-1.524,2.54));
#5804 = VECTOR('',#5805,1.);
#5805 = DIRECTION('',(0.,-1.,0.));
#5806 = ORIENTED_EDGE('',*,*,#5807,.T.);
#5807 = EDGE_CURVE('',#5800,#5808,#5810,.T.);
#5808 = VERTEX_POINT('',#5809);
#5809 = CARTESIAN_POINT('',(-1.016,-3.81,2.54));
#5810 = LINE('',#5811,#5812);
#5811 = CARTESIAN_POINT('',(-1.27,-3.556,2.54));
#5812 = VECTOR('',#5813,1.);
#5813 = DIRECTION('',(0.707106781187,-0.707106781187,0.));
#5814 = ORIENTED_EDGE('',*,*,#5815,.T.);
#5815 = EDGE_CURVE('',#5808,#5816,#5818,.T.);
#5816 = VERTEX_POINT('',#5817);
#5817 = CARTESIAN_POINT('',(-1.27,-4.064,2.54));
#5818 = LINE('',#5819,#5820);
#5819 = CARTESIAN_POINT('',(-1.016,-3.81,2.54));
#5820 = VECTOR('',#5821,1.);
#5821 = DIRECTION('',(-0.707106781187,-0.707106781187,0.));
#5822 = ORIENTED_EDGE('',*,*,#5823,.T.);
#5823 = EDGE_CURVE('',#5816,#5824,#5826,.T.);
#5824 = VERTEX_POINT('',#5825);
#5825 = CARTESIAN_POINT('',(-1.27,-6.096,2.54));
#5826 = LINE('',#5827,#5828);
#5827 = CARTESIAN_POINT('',(-1.27,-4.064,2.54));
#5828 = VECTOR('',#5829,1.);
#5829 = DIRECTION('',(0.,-1.,0.));
#5830 = ORIENTED_EDGE('',*,*,#5831,.T.);
#5831 = EDGE_CURVE('',#5824,#5832,#5834,.T.);
#5832 = VERTEX_POINT('',#5833);
#5833 = CARTESIAN_POINT('',(-1.016,-6.35,2.54));
#5834 = LINE('',#5835,#5836);
#5835 = CARTESIAN_POINT('',(-1.27,-6.096,2.54));
#5836 = VECTOR('',#5837,1.);
#5837 = DIRECTION('',(0.707106781187,-0.707106781187,0.));
#5838 = ORIENTED_EDGE('',*,*,#5839,.T.);
#5839 = EDGE_CURVE('',#5832,#5840,#5842,.T.);
#5840 = VERTEX_POINT('',#5841);
#5841 = CARTESIAN_POINT('',(-1.27,-6.604,2.54));
#5842 = LINE('',#5843,#5844);
#5843 = CARTESIAN_POINT('',(-1.016,-6.35,2.54));
#5844 = VECTOR('',#5845,1.);
#5845 = DIRECTION('',(-0.707106781187,-0.707106781187,0.));
#5846 = ORIENTED_EDGE('',*,*,#5847,.T.);
#5847 = EDGE_CURVE('',#5840,#5848,#5850,.T.);
#5848 = VERTEX_POINT('',#5849);
#5849 = CARTESIAN_POINT('',(-1.27,-8.636,2.54));
#5850 = LINE('',#5851,#5852);
#5851 = CARTESIAN_POINT('',(-1.27,-6.604,2.54));
#5852 = VECTOR('',#5853,1.);
#5853 = DIRECTION('',(0.,-1.,0.));
#5854 = ORIENTED_EDGE('',*,*,#5855,.T.);
#5855 = EDGE_CURVE('',#5848,#5856,#5858,.T.);
#5856 = VERTEX_POINT('',#5857);
#5857 = CARTESIAN_POINT('',(-1.016,-8.89,2.54));
#5858 = LINE('',#5859,#5860);
#5859 = CARTESIAN_POINT('',(-1.27,-8.636,2.54));
#5860 = VECTOR('',#5861,1.);
#5861 = DIRECTION('',(0.707106781187,-0.707106781187,0.));
#5862 = ORIENTED_EDGE('',*,*,#5863,.T.);
#5863 = EDGE_CURVE('',#5856,#5864,#5866,.T.);
#5864 = VERTEX_POINT('',#5865);
#5865 = CARTESIAN_POINT('',(-1.27,-9.144,2.54));
#5866 = LINE('',#5867,#5868);
#5867 = CARTESIAN_POINT('',(-1.016,-8.89,2.54));
#5868 = VECTOR('',#5869,1.);
#5869 = DIRECTION('',(-0.707106781187,-0.707106781187,0.));
#5870 = ORIENTED_EDGE('',*,*,#5871,.T.);
#5871 = EDGE_CURVE('',#5864,#5872,#5874,.T.);
#5872 = VERTEX_POINT('',#5873);
#5873 = CARTESIAN_POINT('',(-1.27,-11.176,2.54));
#5874 = LINE('',#5875,#5876);
#5875 = CARTESIAN_POINT('',(-1.27,-9.144,2.54));
#5876 = VECTOR('',#5877,1.);
#5877 = DIRECTION('',(0.,-1.,0.));
#5878 = ORIENTED_EDGE('',*,*,#5879,.T.);
#5879 = EDGE_CURVE('',#5872,#5880,#5882,.T.);
#5880 = VERTEX_POINT('',#5881);
#5881 = CARTESIAN_POINT('',(-1.016,-11.43,2.54));
#5882 = LINE('',#5883,#5884);
#5883 = CARTESIAN_POINT('',(-1.27,-11.176,2.54));
#5884 = VECTOR('',#5885,1.);
#5885 = DIRECTION('',(0.707106781187,-0.707106781187,0.));
#5886 = ORIENTED_EDGE('',*,*,#5887,.T.);
#5887 = EDGE_CURVE('',#5880,#5888,#5890,.T.);
#5888 = VERTEX_POINT('',#5889);
#5889 = CARTESIAN_POINT('',(1.016,-11.43,2.54));
#5890 = LINE('',#5891,#5892);
#5891 = CARTESIAN_POINT('',(-1.016,-11.43,2.54));
#5892 = VECTOR('',#5893,1.);
#5893 = DIRECTION('',(1.,0.,0.));
#5894 = ORIENTED_EDGE('',*,*,#5895,.T.);
#5895 = EDGE_CURVE('',#5888,#5896,#5898,.T.);
#5896 = VERTEX_POINT('',#5897);
#5897 = CARTESIAN_POINT('',(1.27,-11.176,2.54));
#5898 = LINE('',#5899,#5900);
#5899 = CARTESIAN_POINT('',(1.016,-11.43,2.54));
#5900 = VECTOR('',#5901,1.);
#5901 = DIRECTION('',(0.707106781187,0.707106781187,0.));
#5902 = ORIENTED_EDGE('',*,*,#5903,.T.);
#5903 = EDGE_CURVE('',#5896,#5904,#5906,.T.);
#5904 = VERTEX_POINT('',#5905);
#5905 = CARTESIAN_POINT('',(1.27,-9.144,2.54));
#5906 = LINE('',#5907,#5908);
#5907 = CARTESIAN_POINT('',(1.27,-11.176,2.54));
#5908 = VECTOR('',#5909,1.);
#5909 = DIRECTION('',(0.,1.,0.));
#5910 = ORIENTED_EDGE('',*,*,#5911,.T.);
#5911 = EDGE_CURVE('',#5904,#5912,#5914,.T.);
#5912 = VERTEX_POINT('',#5913);
#5913 = CARTESIAN_POINT('',(1.016,-8.89,2.54));
#5914 = LINE('',#5915,#5916);
#5915 = CARTESIAN_POINT('',(1.27,-9.144,2.54));
#5916 = VECTOR('',#5917,1.);
#5917 = DIRECTION('',(-0.707106781187,0.707106781187,0.));
#5918 = ORIENTED_EDGE('',*,*,#5919,.T.);
#5919 = EDGE_CURVE('',#5912,#5920,#5922,.T.);
#5920 = VERTEX_POINT('',#5921);
#5921 = CARTESIAN_POINT('',(1.27,-8.636,2.54));
#5922 = LINE('',#5923,#5924);
#5923 = CARTESIAN_POINT('',(1.016,-8.89,2.54));
#5924 = VECTOR('',#5925,1.);
#5925 = DIRECTION('',(0.707106781187,0.707106781187,0.));
#5926 = ORIENTED_EDGE('',*,*,#5927,.T.);
#5927 = EDGE_CURVE('',#5920,#5928,#5930,.T.);
#5928 = VERTEX_POINT('',#5929);
#5929 = CARTESIAN_POINT('',(1.27,-6.604,2.54));
#5930 = LINE('',#5931,#5932);
#5931 = CARTESIAN_POINT('',(1.27,-8.636,2.54));
#5932 = VECTOR('',#5933,1.);
#5933 = DIRECTION('',(0.,1.,0.));
#5934 = ORIENTED_EDGE('',*,*,#5935,.T.);
#5935 = EDGE_CURVE('',#5928,#5936,#5938,.T.);
#5936 = VERTEX_POINT('',#5937);
#5937 = CARTESIAN_POINT('',(1.016,-6.35,2.54));
#5938 = LINE('',#5939,#5940);
#5939 = CARTESIAN_POINT('',(1.27,-6.604,2.54));
#5940 = VECTOR('',#5941,1.);
#5941 = DIRECTION('',(-0.707106781187,0.707106781187,0.));
#5942 = ORIENTED_EDGE('',*,*,#5943,.T.);
#5943 = EDGE_CURVE('',#5936,#5944,#5946,.T.);
#5944 = VERTEX_POINT('',#5945);
#5945 = CARTESIAN_POINT('',(1.27,-6.096,2.54));
#5946 = LINE('',#5947,#5948);
#5947 = CARTESIAN_POINT('',(1.016,-6.35,2.54));
#5948 = VECTOR('',#5949,1.);
#5949 = DIRECTION('',(0.707106781187,0.707106781187,0.));
#5950 = ORIENTED_EDGE('',*,*,#5951,.T.);
#5951 = EDGE_CURVE('',#5944,#5952,#5954,.T.);
#5952 = VERTEX_POINT('',#5953);
#5953 = CARTESIAN_POINT('',(1.27,-4.064,2.54));
#5954 = LINE('',#5955,#5956);
#5955 = CARTESIAN_POINT('',(1.27,-6.096,2.54));
#5956 = VECTOR('',#5957,1.);
#5957 = DIRECTION('',(0.,1.,0.));
#5958 = ORIENTED_EDGE('',*,*,#5959,.T.);
#5959 = EDGE_CURVE('',#5952,#5960,#5962,.T.);
#5960 = VERTEX_POINT('',#5961);
#5961 = CARTESIAN_POINT('',(1.016,-3.81,2.54));
#5962 = LINE('',#5963,#5964);
#5963 = CARTESIAN_POINT('',(1.27,-4.064,2.54));
#5964 = VECTOR('',#5965,1.);
#5965 = DIRECTION('',(-0.707106781187,0.707106781187,0.));
#5966 = ORIENTED_EDGE('',*,*,#5967,.T.);
#5967 = EDGE_CURVE('',#5960,#5968,#5970,.T.);
#5968 = VERTEX_POINT('',#5969);
#5969 = CARTESIAN_POINT('',(1.27,-3.556,2.54));
#5970 = LINE('',#5971,#5972);
#5971 = CARTESIAN_POINT('',(1.016,-3.81,2.54));
#5972 = VECTOR('',#5973,1.);
#5973 = DIRECTION('',(0.707106781187,0.707106781187,0.));
#5974 = ORIENTED_EDGE('',*,*,#5975,.T.);
#5975 = EDGE_CURVE('',#5968,#5976,#5978,.T.);
#5976 = VERTEX_POINT('',#5977);
#5977 = CARTESIAN_POINT('',(1.27,-1.524,2.54));
#5978 = LINE('',#5979,#5980);
#5979 = CARTESIAN_POINT('',(1.27,-3.556,2.54));
#5980 = VECTOR('',#5981,1.);
#5981 = DIRECTION('',(0.,1.,0.));
#5982 = ORIENTED_EDGE('',*,*,#5983,.T.);
#5983 = EDGE_CURVE('',#5976,#5984,#5986,.T.);
#5984 = VERTEX_POINT('',#5985);
#5985 = CARTESIAN_POINT('',(1.016,-1.27,2.54));
#5986 = LINE('',#5987,#5988);
#5987 = CARTESIAN_POINT('',(1.27,-1.524,2.54));
#5988 = VECTOR('',#5989,1.);
#5989 = DIRECTION('',(-0.707106781187,0.707106781187,0.));
#5990 = ORIENTED_EDGE('',*,*,#5991,.T.);
#5991 = EDGE_CURVE('',#5984,#5992,#5994,.T.);
#5992 = VERTEX_POINT('',#5993);
#5993 = CARTESIAN_POINT('',(1.27,-1.016,2.54));
#5994 = LINE('',#5995,#5996);
#5995 = CARTESIAN_POINT('',(1.016,-1.27,2.54));
#5996 = VECTOR('',#5997,1.);
#5997 = DIRECTION('',(0.707106781187,0.707106781187,0.));
#5998 = ORIENTED_EDGE('',*,*,#5999,.T.);
#5999 = EDGE_CURVE('',#5992,#6000,#6002,.T.);
#6000 = VERTEX_POINT('',#6001);
#6001 = CARTESIAN_POINT('',(1.27,1.016,2.54));
#6002 = LINE('',#6003,#6004);
#6003 = CARTESIAN_POINT('',(1.27,-1.016,2.54));
#6004 = VECTOR('',#6005,1.);
#6005 = DIRECTION('',(0.,1.,0.));
#6006 = ORIENTED_EDGE('',*,*,#6007,.T.);
#6007 = EDGE_CURVE('',#6000,#5311,#6008,.T.);
#6008 = LINE('',#6009,#6010);
#6009 = CARTESIAN_POINT('',(1.27,1.016,2.54));
#6010 = VECTOR('',#6011,1.);
#6011 = DIRECTION('',(-0.707106781187,0.707106781187,0.));
#6012 = ORIENTED_EDGE('',*,*,#5318,.T.);
#6013 = FACE_BOUND('',#6014,.T.);
#6014 = EDGE_LOOP('',(#6015,#6025,#6033,#6041));
#6015 = ORIENTED_EDGE('',*,*,#6016,.F.);
#6016 = EDGE_CURVE('',#6017,#6019,#6021,.T.);
#6017 = VERTEX_POINT('',#6018);
#6018 = CARTESIAN_POINT('',(0.32,-0.32,2.54));
#6019 = VERTEX_POINT('',#6020);
#6020 = CARTESIAN_POINT('',(0.32,0.32,2.54));
#6021 = LINE('',#6022,#6023);
#6022 = CARTESIAN_POINT('',(0.32,-2.7,2.54));
#6023 = VECTOR('',#6024,1.);
#6024 = DIRECTION('',(0.,1.,0.));
#6025 = ORIENTED_EDGE('',*,*,#6026,.T.);
#6026 = EDGE_CURVE('',#6017,#6027,#6029,.T.);
#6027 = VERTEX_POINT('',#6028);
#6028 = CARTESIAN_POINT('',(-0.32,-0.32,2.54));
#6029 = LINE('',#6030,#6031);
#6030 = CARTESIAN_POINT('',(-0.16,-0.32,2.54));
#6031 = VECTOR('',#6032,1.);
#6032 = DIRECTION('',(-1.,0.,0.));
#6033 = ORIENTED_EDGE('',*,*,#6034,.T.);
#6034 = EDGE_CURVE('',#6027,#6035,#6037,.T.);
#6035 = VERTEX_POINT('',#6036);
#6036 = CARTESIAN_POINT('',(-0.32,0.32,2.54));
#6037 = LINE('',#6038,#6039);
#6038 = CARTESIAN_POINT('',(-0.32,-2.7,2.54));
#6039 = VECTOR('',#6040,1.);
#6040 = DIRECTION('',(0.,1.,0.));
#6041 = ORIENTED_EDGE('',*,*,#6042,.F.);
#6042 = EDGE_CURVE('',#6019,#6035,#6043,.T.);
#6043 = LINE('',#6044,#6045);
#6044 = CARTESIAN_POINT('',(-0.16,0.32,2.54));
#6045 = VECTOR('',#6046,1.);
#6046 = DIRECTION('',(-1.,0.,0.));
#6047 = FACE_BOUND('',#6048,.T.);
#6048 = EDGE_LOOP('',(#6049,#6059,#6067,#6075));
#6049 = ORIENTED_EDGE('',*,*,#6050,.F.);
#6050 = EDGE_CURVE('',#6051,#6053,#6055,.T.);
#6051 = VERTEX_POINT('',#6052);
#6052 = CARTESIAN_POINT('',(0.32,-2.22,2.54));
#6053 = VERTEX_POINT('',#6054);
#6054 = CARTESIAN_POINT('',(-0.32,-2.22,2.54));
#6055 = LINE('',#6056,#6057);
#6056 = CARTESIAN_POINT('',(-0.16,-2.22,2.54));
#6057 = VECTOR('',#6058,1.);
#6058 = DIRECTION('',(-1.,0.,0.));
#6059 = ORIENTED_EDGE('',*,*,#6060,.F.);
#6060 = EDGE_CURVE('',#6061,#6051,#6063,.T.);
#6061 = VERTEX_POINT('',#6062);
#6062 = CARTESIAN_POINT('',(0.32,-2.86,2.54));
#6063 = LINE('',#6064,#6065);
#6064 = CARTESIAN_POINT('',(0.32,-3.97,2.54));
#6065 = VECTOR('',#6066,1.);
#6066 = DIRECTION('',(0.,1.,0.));
#6067 = ORIENTED_EDGE('',*,*,#6068,.T.);
#6068 = EDGE_CURVE('',#6061,#6069,#6071,.T.);
#6069 = VERTEX_POINT('',#6070);
#6070 = CARTESIAN_POINT('',(-0.32,-2.86,2.54));
#6071 = LINE('',#6072,#6073);
#6072 = CARTESIAN_POINT('',(-0.16,-2.86,2.54));
#6073 = VECTOR('',#6074,1.);
#6074 = DIRECTION('',(-1.,0.,0.));
#6075 = ORIENTED_EDGE('',*,*,#6076,.T.);
#6076 = EDGE_CURVE('',#6069,#6053,#6077,.T.);
#6077 = LINE('',#6078,#6079);
#6078 = CARTESIAN_POINT('',(-0.32,-3.97,2.54));
#6079 = VECTOR('',#6080,1.);
#6080 = DIRECTION('',(0.,1.,0.));
#6081 = FACE_BOUND('',#6082,.T.);
#6082 = EDGE_LOOP('',(#6083,#6093,#6101,#6109));
#6083 = ORIENTED_EDGE('',*,*,#6084,.F.);
#6084 = EDGE_CURVE('',#6085,#6087,#6089,.T.);
#6085 = VERTEX_POINT('',#6086);
#6086 = CARTESIAN_POINT('',(0.32,-4.76,2.54));
#6087 = VERTEX_POINT('',#6088);
#6088 = CARTESIAN_POINT('',(-0.32,-4.76,2.54));
#6089 = LINE('',#6090,#6091);
#6090 = CARTESIAN_POINT('',(-0.16,-4.76,2.54));
#6091 = VECTOR('',#6092,1.);
#6092 = DIRECTION('',(-1.,0.,0.));
#6093 = ORIENTED_EDGE('',*,*,#6094,.F.);
#6094 = EDGE_CURVE('',#6095,#6085,#6097,.T.);
#6095 = VERTEX_POINT('',#6096);
#6096 = CARTESIAN_POINT('',(0.32,-5.4,2.54));
#6097 = LINE('',#6098,#6099);
#6098 = CARTESIAN_POINT('',(0.32,-5.24,2.54));
#6099 = VECTOR('',#6100,1.);
#6100 = DIRECTION('',(0.,1.,0.));
#6101 = ORIENTED_EDGE('',*,*,#6102,.T.);
#6102 = EDGE_CURVE('',#6095,#6103,#6105,.T.);
#6103 = VERTEX_POINT('',#6104);
#6104 = CARTESIAN_POINT('',(-0.32,-5.4,2.54));
#6105 = LINE('',#6106,#6107);
#6106 = CARTESIAN_POINT('',(-0.16,-5.4,2.54));
#6107 = VECTOR('',#6108,1.);
#6108 = DIRECTION('',(-1.,0.,0.));
#6109 = ORIENTED_EDGE('',*,*,#6110,.T.);
#6110 = EDGE_CURVE('',#6103,#6087,#6111,.T.);
#6111 = LINE('',#6112,#6113);
#6112 = CARTESIAN_POINT('',(-0.32,-5.24,2.54));
#6113 = VECTOR('',#6114,1.);
#6114 = DIRECTION('',(0.,1.,0.));
#6115 = FACE_BOUND('',#6116,.T.);
#6116 = EDGE_LOOP('',(#6117,#6127,#6135,#6143));
#6117 = ORIENTED_EDGE('',*,*,#6118,.F.);
#6118 = EDGE_CURVE('',#6119,#6121,#6123,.T.);
#6119 = VERTEX_POINT('',#6120);
#6120 = CARTESIAN_POINT('',(0.32,-9.84,2.54));
#6121 = VERTEX_POINT('',#6122);
#6122 = CARTESIAN_POINT('',(-0.32,-9.84,2.54));
#6123 = LINE('',#6124,#6125);
#6124 = CARTESIAN_POINT('',(-0.16,-9.84,2.54));
#6125 = VECTOR('',#6126,1.);
#6126 = DIRECTION('',(-1.,0.,0.));
#6127 = ORIENTED_EDGE('',*,*,#6128,.F.);
#6128 = EDGE_CURVE('',#6129,#6119,#6131,.T.);
#6129 = VERTEX_POINT('',#6130);
#6130 = CARTESIAN_POINT('',(0.32,-10.48,2.54));
#6131 = LINE('',#6132,#6133);
#6132 = CARTESIAN_POINT('',(0.32,-7.78,2.54));
#6133 = VECTOR('',#6134,1.);
#6134 = DIRECTION('',(0.,1.,0.));
#6135 = ORIENTED_EDGE('',*,*,#6136,.T.);
#6136 = EDGE_CURVE('',#6129,#6137,#6139,.T.);
#6137 = VERTEX_POINT('',#6138);
#6138 = CARTESIAN_POINT('',(-0.32,-10.48,2.54));
#6139 = LINE('',#6140,#6141);
#6140 = CARTESIAN_POINT('',(-0.16,-10.48,2.54));
#6141 = VECTOR('',#6142,1.);
#6142 = DIRECTION('',(-1.,0.,0.));
#6143 = ORIENTED_EDGE('',*,*,#6144,.T.);
#6144 = EDGE_CURVE('',#6137,#6121,#6145,.T.);
#6145 = LINE('',#6146,#6147);
#6146 = CARTESIAN_POINT('',(-0.32,-7.78,2.54));
#6147 = VECTOR('',#6148,1.);
#6148 = DIRECTION('',(0.,1.,0.));
#6149 = FACE_BOUND('',#6150,.T.);
#6150 = EDGE_LOOP('',(#6151,#6161,#6169,#6177));
#6151 = ORIENTED_EDGE('',*,*,#6152,.T.);
#6152 = EDGE_CURVE('',#6153,#6155,#6157,.T.);
#6153 = VERTEX_POINT('',#6154);
#6154 = CARTESIAN_POINT('',(0.32,-7.94,2.54));
#6155 = VERTEX_POINT('',#6156);
#6156 = CARTESIAN_POINT('',(-0.32,-7.94,2.54));
#6157 = LINE('',#6158,#6159);
#6158 = CARTESIAN_POINT('',(-0.16,-7.94,2.54));
#6159 = VECTOR('',#6160,1.);
#6160 = DIRECTION('',(-1.,0.,0.));
#6161 = ORIENTED_EDGE('',*,*,#6162,.T.);
#6162 = EDGE_CURVE('',#6155,#6163,#6165,.T.);
#6163 = VERTEX_POINT('',#6164);
#6164 = CARTESIAN_POINT('',(-0.32,-7.3,2.54));
#6165 = LINE('',#6166,#6167);
#6166 = CARTESIAN_POINT('',(-0.32,-6.51,2.54));
#6167 = VECTOR('',#6168,1.);
#6168 = DIRECTION('',(0.,1.,0.));
#6169 = ORIENTED_EDGE('',*,*,#6170,.F.);
#6170 = EDGE_CURVE('',#6171,#6163,#6173,.T.);
#6171 = VERTEX_POINT('',#6172);
#6172 = CARTESIAN_POINT('',(0.32,-7.3,2.54));
#6173 = LINE('',#6174,#6175);
#6174 = CARTESIAN_POINT('',(-0.16,-7.3,2.54));
#6175 = VECTOR('',#6176,1.);
#6176 = DIRECTION('',(-1.,0.,0.));
#6177 = ORIENTED_EDGE('',*,*,#6178,.F.);
#6178 = EDGE_CURVE('',#6153,#6171,#6179,.T.);
#6179 = LINE('',#6180,#6181);
#6180 = CARTESIAN_POINT('',(0.32,-6.51,2.54));
#6181 = VECTOR('',#6182,1.);
#6182 = DIRECTION('',(0.,1.,0.));
#6183 = PLANE('',#6184);
#6184 = AXIS2_PLACEMENT_3D('',#6185,#6186,#6187);
#6185 = CARTESIAN_POINT('',(-2.110141571089E-17,-5.08,2.54));
#6186 = DIRECTION('',(0.,0.,1.));
#6187 = DIRECTION('',(1.,0.,-0.));
#6188 = ADVANCED_FACE('',(#6189),#6200,.F.);
#6189 = FACE_BOUND('',#6190,.F.);
#6190 = EDGE_LOOP('',(#6191,#6197,#6198,#6199));
#6191 = ORIENTED_EDGE('',*,*,#6192,.T.);
#6192 = EDGE_CURVE('',#5589,#6000,#6193,.T.);
#6193 = LINE('',#6194,#6195);
#6194 = CARTESIAN_POINT('',(1.27,1.016,0.));
#6195 = VECTOR('',#6196,1.);
#6196 = DIRECTION('',(0.,0.,1.));
#6197 = ORIENTED_EDGE('',*,*,#6007,.T.);
#6198 = ORIENTED_EDGE('',*,*,#5308,.F.);
#6199 = ORIENTED_EDGE('',*,*,#5596,.F.);
#6200 = PLANE('',#6201);
#6201 = AXIS2_PLACEMENT_3D('',#6202,#6203,#6204);
#6202 = CARTESIAN_POINT('',(1.27,1.016,0.));
#6203 = DIRECTION('',(-0.707106781187,-0.707106781187,0.));
#6204 = DIRECTION('',(-0.707106781187,0.707106781187,0.));
#6205 = ADVANCED_FACE('',(#6206),#6217,.F.);
#6206 = FACE_BOUND('',#6207,.F.);
#6207 = EDGE_LOOP('',(#6208,#6209,#6210,#6216));
#6208 = ORIENTED_EDGE('',*,*,#5348,.T.);
#6209 = ORIENTED_EDGE('',*,*,#5783,.T.);
#6210 = ORIENTED_EDGE('',*,*,#6211,.F.);
#6211 = EDGE_CURVE('',#5373,#5784,#6212,.T.);
#6212 = LINE('',#6213,#6214);
#6213 = CARTESIAN_POINT('',(-1.016,-1.27,0.));
#6214 = VECTOR('',#6215,1.);
#6215 = DIRECTION('',(0.,0.,1.));
#6216 = ORIENTED_EDGE('',*,*,#5372,.F.);
#6217 = PLANE('',#6218);
#6218 = AXIS2_PLACEMENT_3D('',#6219,#6220,#6221);
#6219 = CARTESIAN_POINT('',(-1.27,-1.016,0.));
#6220 = DIRECTION('',(0.707106781187,0.707106781187,0.));
#6221 = DIRECTION('',(0.707106781187,-0.707106781187,0.));
#6222 = ADVANCED_FACE('',(#6223),#6234,.F.);
#6223 = FACE_BOUND('',#6224,.F.);
#6224 = EDGE_LOOP('',(#6225,#6231,#6232,#6233));
#6225 = ORIENTED_EDGE('',*,*,#6226,.T.);
#6226 = EDGE_CURVE('',#5581,#5992,#6227,.T.);
#6227 = LINE('',#6228,#6229);
#6228 = CARTESIAN_POINT('',(1.27,-1.016,0.));
#6229 = VECTOR('',#6230,1.);
#6230 = DIRECTION('',(0.,0.,1.));
#6231 = ORIENTED_EDGE('',*,*,#5999,.T.);
#6232 = ORIENTED_EDGE('',*,*,#6192,.F.);
#6233 = ORIENTED_EDGE('',*,*,#5588,.F.);
#6234 = PLANE('',#6235);
#6235 = AXIS2_PLACEMENT_3D('',#6236,#6237,#6238);
#6236 = CARTESIAN_POINT('',(1.27,-1.016,0.));
#6237 = DIRECTION('',(-1.,0.,0.));
#6238 = DIRECTION('',(0.,1.,0.));
#6239 = ADVANCED_FACE('',(#6240),#6251,.F.);
#6240 = FACE_BOUND('',#6241,.F.);
#6241 = EDGE_LOOP('',(#6242,#6243,#6244,#6250));
#6242 = ORIENTED_EDGE('',*,*,#6211,.T.);
#6243 = ORIENTED_EDGE('',*,*,#5791,.T.);
#6244 = ORIENTED_EDGE('',*,*,#6245,.F.);
#6245 = EDGE_CURVE('',#5381,#5792,#6246,.T.);
#6246 = LINE('',#6247,#6248);
#6247 = CARTESIAN_POINT('',(-1.27,-1.524,0.));
#6248 = VECTOR('',#6249,1.);
#6249 = DIRECTION('',(0.,0.,1.));
#6250 = ORIENTED_EDGE('',*,*,#5380,.F.);
#6251 = PLANE('',#6252);
#6252 = AXIS2_PLACEMENT_3D('',#6253,#6254,#6255);
#6253 = CARTESIAN_POINT('',(-1.016,-1.27,0.));
#6254 = DIRECTION('',(0.707106781187,-0.707106781187,0.));
#6255 = DIRECTION('',(-0.707106781187,-0.707106781187,0.));
#6256 = ADVANCED_FACE('',(#6257),#6268,.F.);
#6257 = FACE_BOUND('',#6258,.F.);
#6258 = EDGE_LOOP('',(#6259,#6265,#6266,#6267));
#6259 = ORIENTED_EDGE('',*,*,#6260,.T.);
#6260 = EDGE_CURVE('',#5573,#5984,#6261,.T.);
#6261 = LINE('',#6262,#6263);
#6262 = CARTESIAN_POINT('',(1.016,-1.27,0.));
#6263 = VECTOR('',#6264,1.);
#6264 = DIRECTION('',(0.,0.,1.));
#6265 = ORIENTED_EDGE('',*,*,#5991,.T.);
#6266 = ORIENTED_EDGE('',*,*,#6226,.F.);
#6267 = ORIENTED_EDGE('',*,*,#5580,.F.);
#6268 = PLANE('',#6269);
#6269 = AXIS2_PLACEMENT_3D('',#6270,#6271,#6272);
#6270 = CARTESIAN_POINT('',(1.016,-1.27,0.));
#6271 = DIRECTION('',(-0.707106781187,0.707106781187,0.));
#6272 = DIRECTION('',(0.707106781187,0.707106781187,0.));
#6273 = ADVANCED_FACE('',(#6274),#6285,.F.);
#6274 = FACE_BOUND('',#6275,.F.);
#6275 = EDGE_LOOP('',(#6276,#6277,#6278,#6284));
#6276 = ORIENTED_EDGE('',*,*,#6245,.T.);
#6277 = ORIENTED_EDGE('',*,*,#5799,.T.);
#6278 = ORIENTED_EDGE('',*,*,#6279,.F.);
#6279 = EDGE_CURVE('',#5389,#5800,#6280,.T.);
#6280 = LINE('',#6281,#6282);
#6281 = CARTESIAN_POINT('',(-1.27,-3.556,0.));
#6282 = VECTOR('',#6283,1.);
#6283 = DIRECTION('',(0.,0.,1.));
#6284 = ORIENTED_EDGE('',*,*,#5388,.F.);
#6285 = PLANE('',#6286);
#6286 = AXIS2_PLACEMENT_3D('',#6287,#6288,#6289);
#6287 = CARTESIAN_POINT('',(-1.27,-1.524,0.));
#6288 = DIRECTION('',(1.,0.,0.));
#6289 = DIRECTION('',(0.,-1.,0.));
#6290 = ADVANCED_FACE('',(#6291),#6302,.F.);
#6291 = FACE_BOUND('',#6292,.F.);
#6292 = EDGE_LOOP('',(#6293,#6299,#6300,#6301));
#6293 = ORIENTED_EDGE('',*,*,#6294,.T.);
#6294 = EDGE_CURVE('',#5565,#5976,#6295,.T.);
#6295 = LINE('',#6296,#6297);
#6296 = CARTESIAN_POINT('',(1.27,-1.524,0.));
#6297 = VECTOR('',#6298,1.);
#6298 = DIRECTION('',(0.,0.,1.));
#6299 = ORIENTED_EDGE('',*,*,#5983,.T.);
#6300 = ORIENTED_EDGE('',*,*,#6260,.F.);
#6301 = ORIENTED_EDGE('',*,*,#5572,.F.);
#6302 = PLANE('',#6303);
#6303 = AXIS2_PLACEMENT_3D('',#6304,#6305,#6306);
#6304 = CARTESIAN_POINT('',(1.27,-1.524,0.));
#6305 = DIRECTION('',(-0.707106781187,-0.707106781187,0.));
#6306 = DIRECTION('',(-0.707106781187,0.707106781187,0.));
#6307 = ADVANCED_FACE('',(#6308),#6319,.F.);
#6308 = FACE_BOUND('',#6309,.F.);
#6309 = EDGE_LOOP('',(#6310,#6311,#6312,#6318));
#6310 = ORIENTED_EDGE('',*,*,#6279,.T.);
#6311 = ORIENTED_EDGE('',*,*,#5807,.T.);
#6312 = ORIENTED_EDGE('',*,*,#6313,.F.);
#6313 = EDGE_CURVE('',#5397,#5808,#6314,.T.);
#6314 = LINE('',#6315,#6316);
#6315 = CARTESIAN_POINT('',(-1.016,-3.81,0.));
#6316 = VECTOR('',#6317,1.);
#6317 = DIRECTION('',(0.,0.,1.));
#6318 = ORIENTED_EDGE('',*,*,#5396,.F.);
#6319 = PLANE('',#6320);
#6320 = AXIS2_PLACEMENT_3D('',#6321,#6322,#6323);
#6321 = CARTESIAN_POINT('',(-1.27,-3.556,0.));
#6322 = DIRECTION('',(0.707106781187,0.707106781187,0.));
#6323 = DIRECTION('',(0.707106781187,-0.707106781187,0.));
#6324 = ADVANCED_FACE('',(#6325),#6336,.F.);
#6325 = FACE_BOUND('',#6326,.F.);
#6326 = EDGE_LOOP('',(#6327,#6333,#6334,#6335));
#6327 = ORIENTED_EDGE('',*,*,#6328,.T.);
#6328 = EDGE_CURVE('',#5557,#5968,#6329,.T.);
#6329 = LINE('',#6330,#6331);
#6330 = CARTESIAN_POINT('',(1.27,-3.556,0.));
#6331 = VECTOR('',#6332,1.);
#6332 = DIRECTION('',(0.,0.,1.));
#6333 = ORIENTED_EDGE('',*,*,#5975,.T.);
#6334 = ORIENTED_EDGE('',*,*,#6294,.F.);
#6335 = ORIENTED_EDGE('',*,*,#5564,.F.);
#6336 = PLANE('',#6337);
#6337 = AXIS2_PLACEMENT_3D('',#6338,#6339,#6340);
#6338 = CARTESIAN_POINT('',(1.27,-3.556,0.));
#6339 = DIRECTION('',(-1.,0.,0.));
#6340 = DIRECTION('',(0.,1.,0.));
#6341 = ADVANCED_FACE('',(#6342),#6353,.F.);
#6342 = FACE_BOUND('',#6343,.F.);
#6343 = EDGE_LOOP('',(#6344,#6345,#6346,#6352));
#6344 = ORIENTED_EDGE('',*,*,#6313,.T.);
#6345 = ORIENTED_EDGE('',*,*,#5815,.T.);
#6346 = ORIENTED_EDGE('',*,*,#6347,.F.);
#6347 = EDGE_CURVE('',#5405,#5816,#6348,.T.);
#6348 = LINE('',#6349,#6350);
#6349 = CARTESIAN_POINT('',(-1.27,-4.064,0.));
#6350 = VECTOR('',#6351,1.);
#6351 = DIRECTION('',(0.,0.,1.));
#6352 = ORIENTED_EDGE('',*,*,#5404,.F.);
#6353 = PLANE('',#6354);
#6354 = AXIS2_PLACEMENT_3D('',#6355,#6356,#6357);
#6355 = CARTESIAN_POINT('',(-1.016,-3.81,0.));
#6356 = DIRECTION('',(0.707106781187,-0.707106781187,0.));
#6357 = DIRECTION('',(-0.707106781187,-0.707106781187,0.));
#6358 = ADVANCED_FACE('',(#6359),#6370,.F.);
#6359 = FACE_BOUND('',#6360,.F.);
#6360 = EDGE_LOOP('',(#6361,#6367,#6368,#6369));
#6361 = ORIENTED_EDGE('',*,*,#6362,.T.);
#6362 = EDGE_CURVE('',#5549,#5960,#6363,.T.);
#6363 = LINE('',#6364,#6365);
#6364 = CARTESIAN_POINT('',(1.016,-3.81,0.));
#6365 = VECTOR('',#6366,1.);
#6366 = DIRECTION('',(0.,0.,1.));
#6367 = ORIENTED_EDGE('',*,*,#5967,.T.);
#6368 = ORIENTED_EDGE('',*,*,#6328,.F.);
#6369 = ORIENTED_EDGE('',*,*,#5556,.F.);
#6370 = PLANE('',#6371);
#6371 = AXIS2_PLACEMENT_3D('',#6372,#6373,#6374);
#6372 = CARTESIAN_POINT('',(1.016,-3.81,0.));
#6373 = DIRECTION('',(-0.707106781187,0.707106781187,0.));
#6374 = DIRECTION('',(0.707106781187,0.707106781187,0.));
#6375 = ADVANCED_FACE('',(#6376),#6387,.F.);
#6376 = FACE_BOUND('',#6377,.F.);
#6377 = EDGE_LOOP('',(#6378,#6379,#6380,#6386));
#6378 = ORIENTED_EDGE('',*,*,#6347,.T.);
#6379 = ORIENTED_EDGE('',*,*,#5823,.T.);
#6380 = ORIENTED_EDGE('',*,*,#6381,.F.);
#6381 = EDGE_CURVE('',#5413,#5824,#6382,.T.);
#6382 = LINE('',#6383,#6384);
#6383 = CARTESIAN_POINT('',(-1.27,-6.096,0.));
#6384 = VECTOR('',#6385,1.);
#6385 = DIRECTION('',(0.,0.,1.));
#6386 = ORIENTED_EDGE('',*,*,#5412,.F.);
#6387 = PLANE('',#6388);
#6388 = AXIS2_PLACEMENT_3D('',#6389,#6390,#6391);
#6389 = CARTESIAN_POINT('',(-1.27,-4.064,0.));
#6390 = DIRECTION('',(1.,0.,0.));
#6391 = DIRECTION('',(0.,-1.,0.));
#6392 = ADVANCED_FACE('',(#6393),#6404,.F.);
#6393 = FACE_BOUND('',#6394,.F.);
#6394 = EDGE_LOOP('',(#6395,#6401,#6402,#6403));
#6395 = ORIENTED_EDGE('',*,*,#6396,.T.);
#6396 = EDGE_CURVE('',#5541,#5952,#6397,.T.);
#6397 = LINE('',#6398,#6399);
#6398 = CARTESIAN_POINT('',(1.27,-4.064,0.));
#6399 = VECTOR('',#6400,1.);
#6400 = DIRECTION('',(0.,0.,1.));
#6401 = ORIENTED_EDGE('',*,*,#5959,.T.);
#6402 = ORIENTED_EDGE('',*,*,#6362,.F.);
#6403 = ORIENTED_EDGE('',*,*,#5548,.F.);
#6404 = PLANE('',#6405);
#6405 = AXIS2_PLACEMENT_3D('',#6406,#6407,#6408);
#6406 = CARTESIAN_POINT('',(1.27,-4.064,0.));
#6407 = DIRECTION('',(-0.707106781187,-0.707106781187,0.));
#6408 = DIRECTION('',(-0.707106781187,0.707106781187,0.));
#6409 = ADVANCED_FACE('',(#6410),#6421,.F.);
#6410 = FACE_BOUND('',#6411,.F.);
#6411 = EDGE_LOOP('',(#6412,#6413,#6414,#6420));
#6412 = ORIENTED_EDGE('',*,*,#6381,.T.);
#6413 = ORIENTED_EDGE('',*,*,#5831,.T.);
#6414 = ORIENTED_EDGE('',*,*,#6415,.F.);
#6415 = EDGE_CURVE('',#5421,#5832,#6416,.T.);
#6416 = LINE('',#6417,#6418);
#6417 = CARTESIAN_POINT('',(-1.016,-6.35,0.));
#6418 = VECTOR('',#6419,1.);
#6419 = DIRECTION('',(0.,0.,1.));
#6420 = ORIENTED_EDGE('',*,*,#5420,.F.);
#6421 = PLANE('',#6422);
#6422 = AXIS2_PLACEMENT_3D('',#6423,#6424,#6425);
#6423 = CARTESIAN_POINT('',(-1.27,-6.096,0.));
#6424 = DIRECTION('',(0.707106781187,0.707106781187,0.));
#6425 = DIRECTION('',(0.707106781187,-0.707106781187,0.));
#6426 = ADVANCED_FACE('',(#6427),#6438,.F.);
#6427 = FACE_BOUND('',#6428,.F.);
#6428 = EDGE_LOOP('',(#6429,#6435,#6436,#6437));
#6429 = ORIENTED_EDGE('',*,*,#6430,.T.);
#6430 = EDGE_CURVE('',#5533,#5944,#6431,.T.);
#6431 = LINE('',#6432,#6433);
#6432 = CARTESIAN_POINT('',(1.27,-6.096,0.));
#6433 = VECTOR('',#6434,1.);
#6434 = DIRECTION('',(0.,0.,1.));
#6435 = ORIENTED_EDGE('',*,*,#5951,.T.);
#6436 = ORIENTED_EDGE('',*,*,#6396,.F.);
#6437 = ORIENTED_EDGE('',*,*,#5540,.F.);
#6438 = PLANE('',#6439);
#6439 = AXIS2_PLACEMENT_3D('',#6440,#6441,#6442);
#6440 = CARTESIAN_POINT('',(1.27,-6.096,0.));
#6441 = DIRECTION('',(-1.,0.,0.));
#6442 = DIRECTION('',(0.,1.,0.));
#6443 = ADVANCED_FACE('',(#6444),#6455,.F.);
#6444 = FACE_BOUND('',#6445,.F.);
#6445 = EDGE_LOOP('',(#6446,#6447,#6448,#6454));
#6446 = ORIENTED_EDGE('',*,*,#6415,.T.);
#6447 = ORIENTED_EDGE('',*,*,#5839,.T.);
#6448 = ORIENTED_EDGE('',*,*,#6449,.F.);
#6449 = EDGE_CURVE('',#5429,#5840,#6450,.T.);
#6450 = LINE('',#6451,#6452);
#6451 = CARTESIAN_POINT('',(-1.27,-6.604,0.));
#6452 = VECTOR('',#6453,1.);
#6453 = DIRECTION('',(0.,0.,1.));
#6454 = ORIENTED_EDGE('',*,*,#5428,.F.);
#6455 = PLANE('',#6456);
#6456 = AXIS2_PLACEMENT_3D('',#6457,#6458,#6459);
#6457 = CARTESIAN_POINT('',(-1.016,-6.35,0.));
#6458 = DIRECTION('',(0.707106781187,-0.707106781187,0.));
#6459 = DIRECTION('',(-0.707106781187,-0.707106781187,0.));
#6460 = ADVANCED_FACE('',(#6461),#6472,.F.);
#6461 = FACE_BOUND('',#6462,.F.);
#6462 = EDGE_LOOP('',(#6463,#6469,#6470,#6471));
#6463 = ORIENTED_EDGE('',*,*,#6464,.T.);
#6464 = EDGE_CURVE('',#5525,#5936,#6465,.T.);
#6465 = LINE('',#6466,#6467);
#6466 = CARTESIAN_POINT('',(1.016,-6.35,0.));
#6467 = VECTOR('',#6468,1.);
#6468 = DIRECTION('',(0.,0.,1.));
#6469 = ORIENTED_EDGE('',*,*,#5943,.T.);
#6470 = ORIENTED_EDGE('',*,*,#6430,.F.);
#6471 = ORIENTED_EDGE('',*,*,#5532,.F.);
#6472 = PLANE('',#6473);
#6473 = AXIS2_PLACEMENT_3D('',#6474,#6475,#6476);
#6474 = CARTESIAN_POINT('',(1.016,-6.35,0.));
#6475 = DIRECTION('',(-0.707106781187,0.707106781187,0.));
#6476 = DIRECTION('',(0.707106781187,0.707106781187,0.));
#6477 = ADVANCED_FACE('',(#6478),#6489,.F.);
#6478 = FACE_BOUND('',#6479,.F.);
#6479 = EDGE_LOOP('',(#6480,#6481,#6482,#6488));
#6480 = ORIENTED_EDGE('',*,*,#6449,.T.);
#6481 = ORIENTED_EDGE('',*,*,#5847,.T.);
#6482 = ORIENTED_EDGE('',*,*,#6483,.F.);
#6483 = EDGE_CURVE('',#5437,#5848,#6484,.T.);
#6484 = LINE('',#6485,#6486);
#6485 = CARTESIAN_POINT('',(-1.27,-8.636,0.));
#6486 = VECTOR('',#6487,1.);
#6487 = DIRECTION('',(0.,0.,1.));
#6488 = ORIENTED_EDGE('',*,*,#5436,.F.);
#6489 = PLANE('',#6490);
#6490 = AXIS2_PLACEMENT_3D('',#6491,#6492,#6493);
#6491 = CARTESIAN_POINT('',(-1.27,-6.604,0.));
#6492 = DIRECTION('',(1.,0.,0.));
#6493 = DIRECTION('',(0.,-1.,0.));
#6494 = ADVANCED_FACE('',(#6495),#6506,.F.);
#6495 = FACE_BOUND('',#6496,.F.);
#6496 = EDGE_LOOP('',(#6497,#6503,#6504,#6505));
#6497 = ORIENTED_EDGE('',*,*,#6498,.T.);
#6498 = EDGE_CURVE('',#5517,#5928,#6499,.T.);
#6499 = LINE('',#6500,#6501);
#6500 = CARTESIAN_POINT('',(1.27,-6.604,0.));
#6501 = VECTOR('',#6502,1.);
#6502 = DIRECTION('',(0.,0.,1.));
#6503 = ORIENTED_EDGE('',*,*,#5935,.T.);
#6504 = ORIENTED_EDGE('',*,*,#6464,.F.);
#6505 = ORIENTED_EDGE('',*,*,#5524,.F.);
#6506 = PLANE('',#6507);
#6507 = AXIS2_PLACEMENT_3D('',#6508,#6509,#6510);
#6508 = CARTESIAN_POINT('',(1.27,-6.604,0.));
#6509 = DIRECTION('',(-0.707106781187,-0.707106781187,0.));
#6510 = DIRECTION('',(-0.707106781187,0.707106781187,0.));
#6511 = ADVANCED_FACE('',(#6512),#6523,.F.);
#6512 = FACE_BOUND('',#6513,.F.);
#6513 = EDGE_LOOP('',(#6514,#6515,#6516,#6522));
#6514 = ORIENTED_EDGE('',*,*,#6483,.T.);
#6515 = ORIENTED_EDGE('',*,*,#5855,.T.);
#6516 = ORIENTED_EDGE('',*,*,#6517,.F.);
#6517 = EDGE_CURVE('',#5445,#5856,#6518,.T.);
#6518 = LINE('',#6519,#6520);
#6519 = CARTESIAN_POINT('',(-1.016,-8.89,0.));
#6520 = VECTOR('',#6521,1.);
#6521 = DIRECTION('',(0.,0.,1.));
#6522 = ORIENTED_EDGE('',*,*,#5444,.F.);
#6523 = PLANE('',#6524);
#6524 = AXIS2_PLACEMENT_3D('',#6525,#6526,#6527);
#6525 = CARTESIAN_POINT('',(-1.27,-8.636,0.));
#6526 = DIRECTION('',(0.707106781187,0.707106781187,0.));
#6527 = DIRECTION('',(0.707106781187,-0.707106781187,0.));
#6528 = ADVANCED_FACE('',(#6529),#6540,.F.);
#6529 = FACE_BOUND('',#6530,.F.);
#6530 = EDGE_LOOP('',(#6531,#6537,#6538,#6539));
#6531 = ORIENTED_EDGE('',*,*,#6532,.T.);
#6532 = EDGE_CURVE('',#5509,#5920,#6533,.T.);
#6533 = LINE('',#6534,#6535);
#6534 = CARTESIAN_POINT('',(1.27,-8.636,0.));
#6535 = VECTOR('',#6536,1.);
#6536 = DIRECTION('',(0.,0.,1.));
#6537 = ORIENTED_EDGE('',*,*,#5927,.T.);
#6538 = ORIENTED_EDGE('',*,*,#6498,.F.);
#6539 = ORIENTED_EDGE('',*,*,#5516,.F.);
#6540 = PLANE('',#6541);
#6541 = AXIS2_PLACEMENT_3D('',#6542,#6543,#6544);
#6542 = CARTESIAN_POINT('',(1.27,-8.636,0.));
#6543 = DIRECTION('',(-1.,0.,0.));
#6544 = DIRECTION('',(0.,1.,0.));
#6545 = ADVANCED_FACE('',(#6546),#6557,.F.);
#6546 = FACE_BOUND('',#6547,.F.);
#6547 = EDGE_LOOP('',(#6548,#6549,#6550,#6556));
#6548 = ORIENTED_EDGE('',*,*,#6517,.T.);
#6549 = ORIENTED_EDGE('',*,*,#5863,.T.);
#6550 = ORIENTED_EDGE('',*,*,#6551,.F.);
#6551 = EDGE_CURVE('',#5453,#5864,#6552,.T.);
#6552 = LINE('',#6553,#6554);
#6553 = CARTESIAN_POINT('',(-1.27,-9.144,0.));
#6554 = VECTOR('',#6555,1.);
#6555 = DIRECTION('',(0.,0.,1.));
#6556 = ORIENTED_EDGE('',*,*,#5452,.F.);
#6557 = PLANE('',#6558);
#6558 = AXIS2_PLACEMENT_3D('',#6559,#6560,#6561);
#6559 = CARTESIAN_POINT('',(-1.016,-8.89,0.));
#6560 = DIRECTION('',(0.707106781187,-0.707106781187,0.));
#6561 = DIRECTION('',(-0.707106781187,-0.707106781187,0.));
#6562 = ADVANCED_FACE('',(#6563),#6574,.F.);
#6563 = FACE_BOUND('',#6564,.F.);
#6564 = EDGE_LOOP('',(#6565,#6571,#6572,#6573));
#6565 = ORIENTED_EDGE('',*,*,#6566,.T.);
#6566 = EDGE_CURVE('',#5501,#5912,#6567,.T.);
#6567 = LINE('',#6568,#6569);
#6568 = CARTESIAN_POINT('',(1.016,-8.89,0.));
#6569 = VECTOR('',#6570,1.);
#6570 = DIRECTION('',(0.,0.,1.));
#6571 = ORIENTED_EDGE('',*,*,#5919,.T.);
#6572 = ORIENTED_EDGE('',*,*,#6532,.F.);
#6573 = ORIENTED_EDGE('',*,*,#5508,.F.);
#6574 = PLANE('',#6575);
#6575 = AXIS2_PLACEMENT_3D('',#6576,#6577,#6578);
#6576 = CARTESIAN_POINT('',(1.016,-8.89,0.));
#6577 = DIRECTION('',(-0.707106781187,0.707106781187,0.));
#6578 = DIRECTION('',(0.707106781187,0.707106781187,0.));
#6579 = ADVANCED_FACE('',(#6580),#6591,.F.);
#6580 = FACE_BOUND('',#6581,.F.);
#6581 = EDGE_LOOP('',(#6582,#6583,#6584,#6590));
#6582 = ORIENTED_EDGE('',*,*,#6551,.T.);
#6583 = ORIENTED_EDGE('',*,*,#5871,.T.);
#6584 = ORIENTED_EDGE('',*,*,#6585,.F.);
#6585 = EDGE_CURVE('',#5461,#5872,#6586,.T.);
#6586 = LINE('',#6587,#6588);
#6587 = CARTESIAN_POINT('',(-1.27,-11.176,0.));
#6588 = VECTOR('',#6589,1.);
#6589 = DIRECTION('',(0.,0.,1.));
#6590 = ORIENTED_EDGE('',*,*,#5460,.F.);
#6591 = PLANE('',#6592);
#6592 = AXIS2_PLACEMENT_3D('',#6593,#6594,#6595);
#6593 = CARTESIAN_POINT('',(-1.27,-9.144,0.));
#6594 = DIRECTION('',(1.,0.,0.));
#6595 = DIRECTION('',(0.,-1.,0.));
#6596 = ADVANCED_FACE('',(#6597),#6608,.F.);
#6597 = FACE_BOUND('',#6598,.F.);
#6598 = EDGE_LOOP('',(#6599,#6605,#6606,#6607));
#6599 = ORIENTED_EDGE('',*,*,#6600,.T.);
#6600 = EDGE_CURVE('',#5493,#5904,#6601,.T.);
#6601 = LINE('',#6602,#6603);
#6602 = CARTESIAN_POINT('',(1.27,-9.144,0.));
#6603 = VECTOR('',#6604,1.);
#6604 = DIRECTION('',(0.,0.,1.));
#6605 = ORIENTED_EDGE('',*,*,#5911,.T.);
#6606 = ORIENTED_EDGE('',*,*,#6566,.F.);
#6607 = ORIENTED_EDGE('',*,*,#5500,.F.);
#6608 = PLANE('',#6609);
#6609 = AXIS2_PLACEMENT_3D('',#6610,#6611,#6612);
#6610 = CARTESIAN_POINT('',(1.27,-9.144,0.));
#6611 = DIRECTION('',(-0.707106781187,-0.707106781187,0.));
#6612 = DIRECTION('',(-0.707106781187,0.707106781187,0.));
#6613 = ADVANCED_FACE('',(#6614),#6625,.F.);
#6614 = FACE_BOUND('',#6615,.F.);
#6615 = EDGE_LOOP('',(#6616,#6617,#6618,#6624));
#6616 = ORIENTED_EDGE('',*,*,#6585,.T.);
#6617 = ORIENTED_EDGE('',*,*,#5879,.T.);
#6618 = ORIENTED_EDGE('',*,*,#6619,.F.);
#6619 = EDGE_CURVE('',#5469,#5880,#6620,.T.);
#6620 = LINE('',#6621,#6622);
#6621 = CARTESIAN_POINT('',(-1.016,-11.43,0.));
#6622 = VECTOR('',#6623,1.);
#6623 = DIRECTION('',(0.,0.,1.));
#6624 = ORIENTED_EDGE('',*,*,#5468,.F.);
#6625 = PLANE('',#6626);
#6626 = AXIS2_PLACEMENT_3D('',#6627,#6628,#6629);
#6627 = CARTESIAN_POINT('',(-1.27,-11.176,0.));
#6628 = DIRECTION('',(0.707106781187,0.707106781187,0.));
#6629 = DIRECTION('',(0.707106781187,-0.707106781187,0.));
#6630 = ADVANCED_FACE('',(#6631),#6642,.F.);
#6631 = FACE_BOUND('',#6632,.F.);
#6632 = EDGE_LOOP('',(#6633,#6639,#6640,#6641));
#6633 = ORIENTED_EDGE('',*,*,#6634,.T.);
#6634 = EDGE_CURVE('',#5485,#5896,#6635,.T.);
#6635 = LINE('',#6636,#6637);
#6636 = CARTESIAN_POINT('',(1.27,-11.176,0.));
#6637 = VECTOR('',#6638,1.);
#6638 = DIRECTION('',(0.,0.,1.));
#6639 = ORIENTED_EDGE('',*,*,#5903,.T.);
#6640 = ORIENTED_EDGE('',*,*,#6600,.F.);
#6641 = ORIENTED_EDGE('',*,*,#5492,.F.);
#6642 = PLANE('',#6643);
#6643 = AXIS2_PLACEMENT_3D('',#6644,#6645,#6646);
#6644 = CARTESIAN_POINT('',(1.27,-11.176,0.));
#6645 = DIRECTION('',(-1.,0.,0.));
#6646 = DIRECTION('',(0.,1.,0.));
#6647 = ADVANCED_FACE('',(#6648),#6659,.F.);
#6648 = FACE_BOUND('',#6649,.F.);
#6649 = EDGE_LOOP('',(#6650,#6651,#6652,#6658));
#6650 = ORIENTED_EDGE('',*,*,#6619,.T.);
#6651 = ORIENTED_EDGE('',*,*,#5887,.T.);
#6652 = ORIENTED_EDGE('',*,*,#6653,.F.);
#6653 = EDGE_CURVE('',#5477,#5888,#6654,.T.);
#6654 = LINE('',#6655,#6656);
#6655 = CARTESIAN_POINT('',(1.016,-11.43,0.));
#6656 = VECTOR('',#6657,1.);
#6657 = DIRECTION('',(0.,0.,1.));
#6658 = ORIENTED_EDGE('',*,*,#5476,.F.);
#6659 = PLANE('',#6660);
#6660 = AXIS2_PLACEMENT_3D('',#6661,#6662,#6663);
#6661 = CARTESIAN_POINT('',(-1.016,-11.43,0.));
#6662 = DIRECTION('',(0.,1.,0.));
#6663 = DIRECTION('',(1.,0.,0.));
#6664 = ADVANCED_FACE('',(#6665),#6671,.F.);
#6665 = FACE_BOUND('',#6666,.F.);
#6666 = EDGE_LOOP('',(#6667,#6668,#6669,#6670));
#6667 = ORIENTED_EDGE('',*,*,#6653,.T.);
#6668 = ORIENTED_EDGE('',*,*,#5895,.T.);
#6669 = ORIENTED_EDGE('',*,*,#6634,.F.);
#6670 = ORIENTED_EDGE('',*,*,#5484,.F.);
#6671 = PLANE('',#6672);
#6672 = AXIS2_PLACEMENT_3D('',#6673,#6674,#6675);
#6673 = CARTESIAN_POINT('',(1.016,-11.43,0.));
#6674 = DIRECTION('',(-0.707106781187,0.707106781187,0.));
#6675 = DIRECTION('',(0.707106781187,0.707106781187,0.));
#6676 = ADVANCED_FACE('',(#6677),#6702,.T.);
#6677 = FACE_BOUND('',#6678,.T.);
#6678 = EDGE_LOOP('',(#6679,#6687,#6695,#6701));
#6679 = ORIENTED_EDGE('',*,*,#6680,.F.);
#6680 = EDGE_CURVE('',#6681,#5606,#6683,.T.);
#6681 = VERTEX_POINT('',#6682);
#6682 = CARTESIAN_POINT('',(0.32,-0.32,-2.84));
#6683 = LINE('',#6684,#6685);
#6684 = CARTESIAN_POINT('',(0.32,-0.32,-3.));
#6685 = VECTOR('',#6686,1.);
#6686 = DIRECTION('',(0.,0.,1.));
#6687 = ORIENTED_EDGE('',*,*,#6688,.T.);
#6688 = EDGE_CURVE('',#6681,#6689,#6691,.T.);
#6689 = VERTEX_POINT('',#6690);
#6690 = CARTESIAN_POINT('',(0.32,0.32,-2.84));
#6691 = LINE('',#6692,#6693);
#6692 = CARTESIAN_POINT('',(0.32,-0.32,-2.84));
#6693 = VECTOR('',#6694,1.);
#6694 = DIRECTION('',(0.,1.,0.));
#6695 = ORIENTED_EDGE('',*,*,#6696,.T.);
#6696 = EDGE_CURVE('',#6689,#5608,#6697,.T.);
#6697 = LINE('',#6698,#6699);
#6698 = CARTESIAN_POINT('',(0.32,0.32,-3.));
#6699 = VECTOR('',#6700,1.);
#6700 = DIRECTION('',(0.,0.,1.));
#6701 = ORIENTED_EDGE('',*,*,#5605,.F.);
#6702 = PLANE('',#6703);
#6703 = AXIS2_PLACEMENT_3D('',#6704,#6705,#6706);
#6704 = CARTESIAN_POINT('',(0.32,-0.32,-3.));
#6705 = DIRECTION('',(1.,0.,0.));
#6706 = DIRECTION('',(0.,0.,1.));
#6707 = ADVANCED_FACE('',(#6708),#6726,.T.);
#6708 = FACE_BOUND('',#6709,.T.);
#6709 = EDGE_LOOP('',(#6710,#6711,#6719,#6725));
#6710 = ORIENTED_EDGE('',*,*,#6696,.F.);
#6711 = ORIENTED_EDGE('',*,*,#6712,.F.);
#6712 = EDGE_CURVE('',#6713,#6689,#6715,.T.);
#6713 = VERTEX_POINT('',#6714);
#6714 = CARTESIAN_POINT('',(-0.32,0.32,-2.84));
#6715 = LINE('',#6716,#6717);
#6716 = CARTESIAN_POINT('',(-0.32,0.32,-2.84));
#6717 = VECTOR('',#6718,1.);
#6718 = DIRECTION('',(1.,0.,0.));
#6719 = ORIENTED_EDGE('',*,*,#6720,.T.);
#6720 = EDGE_CURVE('',#6713,#5624,#6721,.T.);
#6721 = LINE('',#6722,#6723);
#6722 = CARTESIAN_POINT('',(-0.32,0.32,-3.));
#6723 = VECTOR('',#6724,1.);
#6724 = DIRECTION('',(0.,0.,1.));
#6725 = ORIENTED_EDGE('',*,*,#5631,.F.);
#6726 = PLANE('',#6727);
#6727 = AXIS2_PLACEMENT_3D('',#6728,#6729,#6730);
#6728 = CARTESIAN_POINT('',(-0.32,0.32,-3.));
#6729 = DIRECTION('',(0.,1.,0.));
#6730 = DIRECTION('',(0.,-0.,1.));
#6731 = ADVANCED_FACE('',(#6732),#6750,.F.);
#6732 = FACE_BOUND('',#6733,.F.);
#6733 = EDGE_LOOP('',(#6734,#6742,#6748,#6749));
#6734 = ORIENTED_EDGE('',*,*,#6735,.F.);
#6735 = EDGE_CURVE('',#6736,#5616,#6738,.T.);
#6736 = VERTEX_POINT('',#6737);
#6737 = CARTESIAN_POINT('',(-0.32,-0.32,-2.84));
#6738 = LINE('',#6739,#6740);
#6739 = CARTESIAN_POINT('',(-0.32,-0.32,-3.));
#6740 = VECTOR('',#6741,1.);
#6741 = DIRECTION('',(0.,0.,1.));
#6742 = ORIENTED_EDGE('',*,*,#6743,.T.);
#6743 = EDGE_CURVE('',#6736,#6713,#6744,.T.);
#6744 = LINE('',#6745,#6746);
#6745 = CARTESIAN_POINT('',(-0.32,-0.32,-2.84));
#6746 = VECTOR('',#6747,1.);
#6747 = DIRECTION('',(0.,1.,0.));
#6748 = ORIENTED_EDGE('',*,*,#6720,.T.);
#6749 = ORIENTED_EDGE('',*,*,#5623,.F.);
#6750 = PLANE('',#6751);
#6751 = AXIS2_PLACEMENT_3D('',#6752,#6753,#6754);
#6752 = CARTESIAN_POINT('',(-0.32,-0.32,-3.));
#6753 = DIRECTION('',(1.,0.,0.));
#6754 = DIRECTION('',(0.,0.,1.));
#6755 = ADVANCED_FACE('',(#6756),#6767,.F.);
#6756 = FACE_BOUND('',#6757,.F.);
#6757 = EDGE_LOOP('',(#6758,#6759,#6765,#6766));
#6758 = ORIENTED_EDGE('',*,*,#6680,.F.);
#6759 = ORIENTED_EDGE('',*,*,#6760,.F.);
#6760 = EDGE_CURVE('',#6736,#6681,#6761,.T.);
#6761 = LINE('',#6762,#6763);
#6762 = CARTESIAN_POINT('',(-0.32,-0.32,-2.84));
#6763 = VECTOR('',#6764,1.);
#6764 = DIRECTION('',(1.,0.,0.));
#6765 = ORIENTED_EDGE('',*,*,#6735,.T.);
#6766 = ORIENTED_EDGE('',*,*,#5615,.F.);
#6767 = PLANE('',#6768);
#6768 = AXIS2_PLACEMENT_3D('',#6769,#6770,#6771);
#6769 = CARTESIAN_POINT('',(-0.32,-0.32,-3.));
#6770 = DIRECTION('',(0.,1.,0.));
#6771 = DIRECTION('',(0.,-0.,1.));
#6772 = ADVANCED_FACE('',(#6773),#6798,.T.);
#6773 = FACE_BOUND('',#6774,.T.);
#6774 = EDGE_LOOP('',(#6775,#6783,#6791,#6797));
#6775 = ORIENTED_EDGE('',*,*,#6776,.F.);
#6776 = EDGE_CURVE('',#6777,#5640,#6779,.T.);
#6777 = VERTEX_POINT('',#6778);
#6778 = CARTESIAN_POINT('',(0.32,-2.22,-2.84));
#6779 = LINE('',#6780,#6781);
#6780 = CARTESIAN_POINT('',(0.32,-2.22,-3.));
#6781 = VECTOR('',#6782,1.);
#6782 = DIRECTION('',(0.,0.,1.));
#6783 = ORIENTED_EDGE('',*,*,#6784,.F.);
#6784 = EDGE_CURVE('',#6785,#6777,#6787,.T.);
#6785 = VERTEX_POINT('',#6786);
#6786 = CARTESIAN_POINT('',(-0.32,-2.22,-2.84));
#6787 = LINE('',#6788,#6789);
#6788 = CARTESIAN_POINT('',(-0.32,-2.22,-2.84));
#6789 = VECTOR('',#6790,1.);
#6790 = DIRECTION('',(1.,0.,0.));
#6791 = ORIENTED_EDGE('',*,*,#6792,.T.);
#6792 = EDGE_CURVE('',#6785,#5642,#6793,.T.);
#6793 = LINE('',#6794,#6795);
#6794 = CARTESIAN_POINT('',(-0.32,-2.22,-3.));
#6795 = VECTOR('',#6796,1.);
#6796 = DIRECTION('',(0.,0.,1.));
#6797 = ORIENTED_EDGE('',*,*,#5639,.F.);
#6798 = PLANE('',#6799);
#6799 = AXIS2_PLACEMENT_3D('',#6800,#6801,#6802);
#6800 = CARTESIAN_POINT('',(-0.32,-2.22,-3.));
#6801 = DIRECTION('',(0.,1.,0.));
#6802 = DIRECTION('',(0.,-0.,1.));
#6803 = ADVANCED_FACE('',(#6804),#6822,.F.);
#6804 = FACE_BOUND('',#6805,.F.);
#6805 = EDGE_LOOP('',(#6806,#6814,#6820,#6821));
#6806 = ORIENTED_EDGE('',*,*,#6807,.F.);
#6807 = EDGE_CURVE('',#6808,#5658,#6810,.T.);
#6808 = VERTEX_POINT('',#6809);
#6809 = CARTESIAN_POINT('',(-0.32,-2.86,-2.84));
#6810 = LINE('',#6811,#6812);
#6811 = CARTESIAN_POINT('',(-0.32,-2.86,-3.));
#6812 = VECTOR('',#6813,1.);
#6813 = DIRECTION('',(0.,0.,1.));
#6814 = ORIENTED_EDGE('',*,*,#6815,.T.);
#6815 = EDGE_CURVE('',#6808,#6785,#6816,.T.);
#6816 = LINE('',#6817,#6818);
#6817 = CARTESIAN_POINT('',(-0.32,-2.86,-2.84));
#6818 = VECTOR('',#6819,1.);
#6819 = DIRECTION('',(0.,1.,0.));
#6820 = ORIENTED_EDGE('',*,*,#6792,.T.);
#6821 = ORIENTED_EDGE('',*,*,#5665,.F.);
#6822 = PLANE('',#6823);
#6823 = AXIS2_PLACEMENT_3D('',#6824,#6825,#6826);
#6824 = CARTESIAN_POINT('',(-0.32,-2.86,-3.));
#6825 = DIRECTION('',(1.,0.,0.));
#6826 = DIRECTION('',(0.,0.,1.));
#6827 = ADVANCED_FACE('',(#6828),#6846,.F.);
#6828 = FACE_BOUND('',#6829,.F.);
#6829 = EDGE_LOOP('',(#6830,#6838,#6844,#6845));
#6830 = ORIENTED_EDGE('',*,*,#6831,.F.);
#6831 = EDGE_CURVE('',#6832,#5650,#6834,.T.);
#6832 = VERTEX_POINT('',#6833);
#6833 = CARTESIAN_POINT('',(0.32,-2.86,-2.84));
#6834 = LINE('',#6835,#6836);
#6835 = CARTESIAN_POINT('',(0.32,-2.86,-3.));
#6836 = VECTOR('',#6837,1.);
#6837 = DIRECTION('',(0.,0.,1.));
#6838 = ORIENTED_EDGE('',*,*,#6839,.F.);
#6839 = EDGE_CURVE('',#6808,#6832,#6840,.T.);
#6840 = LINE('',#6841,#6842);
#6841 = CARTESIAN_POINT('',(-0.32,-2.86,-2.84));
#6842 = VECTOR('',#6843,1.);
#6843 = DIRECTION('',(1.,0.,0.));
#6844 = ORIENTED_EDGE('',*,*,#6807,.T.);
#6845 = ORIENTED_EDGE('',*,*,#5657,.F.);
#6846 = PLANE('',#6847);
#6847 = AXIS2_PLACEMENT_3D('',#6848,#6849,#6850);
#6848 = CARTESIAN_POINT('',(-0.32,-2.86,-3.));
#6849 = DIRECTION('',(0.,1.,0.));
#6850 = DIRECTION('',(0.,-0.,1.));
#6851 = ADVANCED_FACE('',(#6852),#6863,.T.);
#6852 = FACE_BOUND('',#6853,.T.);
#6853 = EDGE_LOOP('',(#6854,#6855,#6861,#6862));
#6854 = ORIENTED_EDGE('',*,*,#6831,.F.);
#6855 = ORIENTED_EDGE('',*,*,#6856,.T.);
#6856 = EDGE_CURVE('',#6832,#6777,#6857,.T.);
#6857 = LINE('',#6858,#6859);
#6858 = CARTESIAN_POINT('',(0.32,-2.86,-2.84));
#6859 = VECTOR('',#6860,1.);
#6860 = DIRECTION('',(0.,1.,0.));
#6861 = ORIENTED_EDGE('',*,*,#6776,.T.);
#6862 = ORIENTED_EDGE('',*,*,#5649,.F.);
#6863 = PLANE('',#6864);
#6864 = AXIS2_PLACEMENT_3D('',#6865,#6866,#6867);
#6865 = CARTESIAN_POINT('',(0.32,-2.86,-3.));
#6866 = DIRECTION('',(1.,0.,0.));
#6867 = DIRECTION('',(0.,0.,1.));
#6868 = ADVANCED_FACE('',(#6869),#6894,.T.);
#6869 = FACE_BOUND('',#6870,.T.);
#6870 = EDGE_LOOP('',(#6871,#6879,#6887,#6893));
#6871 = ORIENTED_EDGE('',*,*,#6872,.F.);
#6872 = EDGE_CURVE('',#6873,#5674,#6875,.T.);
#6873 = VERTEX_POINT('',#6874);
#6874 = CARTESIAN_POINT('',(0.32,-4.76,-2.84));
#6875 = LINE('',#6876,#6877);
#6876 = CARTESIAN_POINT('',(0.32,-4.76,-3.));
#6877 = VECTOR('',#6878,1.);
#6878 = DIRECTION('',(0.,0.,1.));
#6879 = ORIENTED_EDGE('',*,*,#6880,.F.);
#6880 = EDGE_CURVE('',#6881,#6873,#6883,.T.);
#6881 = VERTEX_POINT('',#6882);
#6882 = CARTESIAN_POINT('',(-0.32,-4.76,-2.84));
#6883 = LINE('',#6884,#6885);
#6884 = CARTESIAN_POINT('',(-0.32,-4.76,-2.84));
#6885 = VECTOR('',#6886,1.);
#6886 = DIRECTION('',(1.,0.,0.));
#6887 = ORIENTED_EDGE('',*,*,#6888,.T.);
#6888 = EDGE_CURVE('',#6881,#5676,#6889,.T.);
#6889 = LINE('',#6890,#6891);
#6890 = CARTESIAN_POINT('',(-0.32,-4.76,-3.));
#6891 = VECTOR('',#6892,1.);
#6892 = DIRECTION('',(0.,0.,1.));
#6893 = ORIENTED_EDGE('',*,*,#5673,.F.);
#6894 = PLANE('',#6895);
#6895 = AXIS2_PLACEMENT_3D('',#6896,#6897,#6898);
#6896 = CARTESIAN_POINT('',(-0.32,-4.76,-3.));
#6897 = DIRECTION('',(0.,1.,0.));
#6898 = DIRECTION('',(0.,-0.,1.));
#6899 = ADVANCED_FACE('',(#6900),#6918,.F.);
#6900 = FACE_BOUND('',#6901,.F.);
#6901 = EDGE_LOOP('',(#6902,#6910,#6916,#6917));
#6902 = ORIENTED_EDGE('',*,*,#6903,.F.);
#6903 = EDGE_CURVE('',#6904,#5692,#6906,.T.);
#6904 = VERTEX_POINT('',#6905);
#6905 = CARTESIAN_POINT('',(-0.32,-5.4,-2.84));
#6906 = LINE('',#6907,#6908);
#6907 = CARTESIAN_POINT('',(-0.32,-5.4,-3.));
#6908 = VECTOR('',#6909,1.);
#6909 = DIRECTION('',(0.,0.,1.));
#6910 = ORIENTED_EDGE('',*,*,#6911,.T.);
#6911 = EDGE_CURVE('',#6904,#6881,#6912,.T.);
#6912 = LINE('',#6913,#6914);
#6913 = CARTESIAN_POINT('',(-0.32,-5.4,-2.84));
#6914 = VECTOR('',#6915,1.);
#6915 = DIRECTION('',(0.,1.,0.));
#6916 = ORIENTED_EDGE('',*,*,#6888,.T.);
#6917 = ORIENTED_EDGE('',*,*,#5699,.F.);
#6918 = PLANE('',#6919);
#6919 = AXIS2_PLACEMENT_3D('',#6920,#6921,#6922);
#6920 = CARTESIAN_POINT('',(-0.32,-5.4,-3.));
#6921 = DIRECTION('',(1.,0.,0.));
#6922 = DIRECTION('',(0.,0.,1.));
#6923 = ADVANCED_FACE('',(#6924),#6942,.F.);
#6924 = FACE_BOUND('',#6925,.F.);
#6925 = EDGE_LOOP('',(#6926,#6934,#6940,#6941));
#6926 = ORIENTED_EDGE('',*,*,#6927,.F.);
#6927 = EDGE_CURVE('',#6928,#5684,#6930,.T.);
#6928 = VERTEX_POINT('',#6929);
#6929 = CARTESIAN_POINT('',(0.32,-5.4,-2.84));
#6930 = LINE('',#6931,#6932);
#6931 = CARTESIAN_POINT('',(0.32,-5.4,-3.));
#6932 = VECTOR('',#6933,1.);
#6933 = DIRECTION('',(0.,0.,1.));
#6934 = ORIENTED_EDGE('',*,*,#6935,.F.);
#6935 = EDGE_CURVE('',#6904,#6928,#6936,.T.);
#6936 = LINE('',#6937,#6938);
#6937 = CARTESIAN_POINT('',(-0.32,-5.4,-2.84));
#6938 = VECTOR('',#6939,1.);
#6939 = DIRECTION('',(1.,0.,0.));
#6940 = ORIENTED_EDGE('',*,*,#6903,.T.);
#6941 = ORIENTED_EDGE('',*,*,#5691,.F.);
#6942 = PLANE('',#6943);
#6943 = AXIS2_PLACEMENT_3D('',#6944,#6945,#6946);
#6944 = CARTESIAN_POINT('',(-0.32,-5.4,-3.));
#6945 = DIRECTION('',(0.,1.,0.));
#6946 = DIRECTION('',(0.,-0.,1.));
#6947 = ADVANCED_FACE('',(#6948),#6959,.T.);
#6948 = FACE_BOUND('',#6949,.T.);
#6949 = EDGE_LOOP('',(#6950,#6951,#6957,#6958));
#6950 = ORIENTED_EDGE('',*,*,#6927,.F.);
#6951 = ORIENTED_EDGE('',*,*,#6952,.T.);
#6952 = EDGE_CURVE('',#6928,#6873,#6953,.T.);
#6953 = LINE('',#6954,#6955);
#6954 = CARTESIAN_POINT('',(0.32,-5.4,-2.84));
#6955 = VECTOR('',#6956,1.);
#6956 = DIRECTION('',(0.,1.,0.));
#6957 = ORIENTED_EDGE('',*,*,#6872,.T.);
#6958 = ORIENTED_EDGE('',*,*,#5683,.F.);
#6959 = PLANE('',#6960);
#6960 = AXIS2_PLACEMENT_3D('',#6961,#6962,#6963);
#6961 = CARTESIAN_POINT('',(0.32,-5.4,-3.));
#6962 = DIRECTION('',(1.,0.,0.));
#6963 = DIRECTION('',(0.,0.,1.));
#6964 = ADVANCED_FACE('',(#6965),#6990,.T.);
#6965 = FACE_BOUND('',#6966,.T.);
#6966 = EDGE_LOOP('',(#6967,#6975,#6983,#6989));
#6967 = ORIENTED_EDGE('',*,*,#6968,.F.);
#6968 = EDGE_CURVE('',#6969,#5708,#6971,.T.);
#6969 = VERTEX_POINT('',#6970);
#6970 = CARTESIAN_POINT('',(0.32,-9.84,-2.84));
#6971 = LINE('',#6972,#6973);
#6972 = CARTESIAN_POINT('',(0.32,-9.84,-3.));
#6973 = VECTOR('',#6974,1.);
#6974 = DIRECTION('',(0.,0.,1.));
#6975 = ORIENTED_EDGE('',*,*,#6976,.F.);
#6976 = EDGE_CURVE('',#6977,#6969,#6979,.T.);
#6977 = VERTEX_POINT('',#6978);
#6978 = CARTESIAN_POINT('',(-0.32,-9.84,-2.84));
#6979 = LINE('',#6980,#6981);
#6980 = CARTESIAN_POINT('',(-0.32,-9.84,-2.84));
#6981 = VECTOR('',#6982,1.);
#6982 = DIRECTION('',(1.,0.,0.));
#6983 = ORIENTED_EDGE('',*,*,#6984,.T.);
#6984 = EDGE_CURVE('',#6977,#5710,#6985,.T.);
#6985 = LINE('',#6986,#6987);
#6986 = CARTESIAN_POINT('',(-0.32,-9.84,-3.));
#6987 = VECTOR('',#6988,1.);
#6988 = DIRECTION('',(0.,0.,1.));
#6989 = ORIENTED_EDGE('',*,*,#5707,.F.);
#6990 = PLANE('',#6991);
#6991 = AXIS2_PLACEMENT_3D('',#6992,#6993,#6994);
#6992 = CARTESIAN_POINT('',(-0.32,-9.84,-3.));
#6993 = DIRECTION('',(0.,1.,0.));
#6994 = DIRECTION('',(0.,-0.,1.));
#6995 = ADVANCED_FACE('',(#6996),#7014,.F.);
#6996 = FACE_BOUND('',#6997,.F.);
#6997 = EDGE_LOOP('',(#6998,#7006,#7012,#7013));
#6998 = ORIENTED_EDGE('',*,*,#6999,.F.);
#6999 = EDGE_CURVE('',#7000,#5726,#7002,.T.);
#7000 = VERTEX_POINT('',#7001);
#7001 = CARTESIAN_POINT('',(-0.32,-10.48,-2.84));
#7002 = LINE('',#7003,#7004);
#7003 = CARTESIAN_POINT('',(-0.32,-10.48,-3.));
#7004 = VECTOR('',#7005,1.);
#7005 = DIRECTION('',(0.,0.,1.));
#7006 = ORIENTED_EDGE('',*,*,#7007,.T.);
#7007 = EDGE_CURVE('',#7000,#6977,#7008,.T.);
#7008 = LINE('',#7009,#7010);
#7009 = CARTESIAN_POINT('',(-0.32,-10.48,-2.84));
#7010 = VECTOR('',#7011,1.);
#7011 = DIRECTION('',(0.,1.,0.));
#7012 = ORIENTED_EDGE('',*,*,#6984,.T.);
#7013 = ORIENTED_EDGE('',*,*,#5733,.F.);
#7014 = PLANE('',#7015);
#7015 = AXIS2_PLACEMENT_3D('',#7016,#7017,#7018);
#7016 = CARTESIAN_POINT('',(-0.32,-10.48,-3.));
#7017 = DIRECTION('',(1.,0.,0.));
#7018 = DIRECTION('',(0.,0.,1.));
#7019 = ADVANCED_FACE('',(#7020),#7038,.F.);
#7020 = FACE_BOUND('',#7021,.F.);
#7021 = EDGE_LOOP('',(#7022,#7030,#7036,#7037));
#7022 = ORIENTED_EDGE('',*,*,#7023,.F.);
#7023 = EDGE_CURVE('',#7024,#5718,#7026,.T.);
#7024 = VERTEX_POINT('',#7025);
#7025 = CARTESIAN_POINT('',(0.32,-10.48,-2.84));
#7026 = LINE('',#7027,#7028);
#7027 = CARTESIAN_POINT('',(0.32,-10.48,-3.));
#7028 = VECTOR('',#7029,1.);
#7029 = DIRECTION('',(0.,0.,1.));
#7030 = ORIENTED_EDGE('',*,*,#7031,.F.);
#7031 = EDGE_CURVE('',#7000,#7024,#7032,.T.);
#7032 = LINE('',#7033,#7034);
#7033 = CARTESIAN_POINT('',(-0.32,-10.48,-2.84));
#7034 = VECTOR('',#7035,1.);
#7035 = DIRECTION('',(1.,0.,0.));
#7036 = ORIENTED_EDGE('',*,*,#6999,.T.);
#7037 = ORIENTED_EDGE('',*,*,#5725,.F.);
#7038 = PLANE('',#7039);
#7039 = AXIS2_PLACEMENT_3D('',#7040,#7041,#7042);
#7040 = CARTESIAN_POINT('',(-0.32,-10.48,-3.));
#7041 = DIRECTION('',(0.,1.,0.));
#7042 = DIRECTION('',(0.,-0.,1.));
#7043 = ADVANCED_FACE('',(#7044),#7055,.T.);
#7044 = FACE_BOUND('',#7045,.T.);
#7045 = EDGE_LOOP('',(#7046,#7047,#7053,#7054));
#7046 = ORIENTED_EDGE('',*,*,#7023,.F.);
#7047 = ORIENTED_EDGE('',*,*,#7048,.T.);
#7048 = EDGE_CURVE('',#7024,#6969,#7049,.T.);
#7049 = LINE('',#7050,#7051);
#7050 = CARTESIAN_POINT('',(0.32,-10.48,-2.84));
#7051 = VECTOR('',#7052,1.);
#7052 = DIRECTION('',(0.,1.,0.));
#7053 = ORIENTED_EDGE('',*,*,#6968,.T.);
#7054 = ORIENTED_EDGE('',*,*,#5717,.F.);
#7055 = PLANE('',#7056);
#7056 = AXIS2_PLACEMENT_3D('',#7057,#7058,#7059);
#7057 = CARTESIAN_POINT('',(0.32,-10.48,-3.));
#7058 = DIRECTION('',(1.,0.,0.));
#7059 = DIRECTION('',(0.,0.,1.));
#7060 = ADVANCED_FACE('',(#7061),#7086,.F.);
#7061 = FACE_BOUND('',#7062,.F.);
#7062 = EDGE_LOOP('',(#7063,#7071,#7079,#7085));
#7063 = ORIENTED_EDGE('',*,*,#7064,.F.);
#7064 = EDGE_CURVE('',#7065,#5742,#7067,.T.);
#7065 = VERTEX_POINT('',#7066);
#7066 = CARTESIAN_POINT('',(0.32,-7.94,-2.84));
#7067 = LINE('',#7068,#7069);
#7068 = CARTESIAN_POINT('',(0.32,-7.94,-3.));
#7069 = VECTOR('',#7070,1.);
#7070 = DIRECTION('',(0.,0.,1.));
#7071 = ORIENTED_EDGE('',*,*,#7072,.F.);
#7072 = EDGE_CURVE('',#7073,#7065,#7075,.T.);
#7073 = VERTEX_POINT('',#7074);
#7074 = CARTESIAN_POINT('',(-0.32,-7.94,-2.84));
#7075 = LINE('',#7076,#7077);
#7076 = CARTESIAN_POINT('',(-0.32,-7.94,-2.84));
#7077 = VECTOR('',#7078,1.);
#7078 = DIRECTION('',(1.,0.,0.));
#7079 = ORIENTED_EDGE('',*,*,#7080,.T.);
#7080 = EDGE_CURVE('',#7073,#5744,#7081,.T.);
#7081 = LINE('',#7082,#7083);
#7082 = CARTESIAN_POINT('',(-0.32,-7.94,-3.));
#7083 = VECTOR('',#7084,1.);
#7084 = DIRECTION('',(0.,0.,1.));
#7085 = ORIENTED_EDGE('',*,*,#5741,.F.);
#7086 = PLANE('',#7087);
#7087 = AXIS2_PLACEMENT_3D('',#7088,#7089,#7090);
#7088 = CARTESIAN_POINT('',(-0.32,-7.94,-3.));
#7089 = DIRECTION('',(0.,1.,0.));
#7090 = DIRECTION('',(0.,-0.,1.));
#7091 = ADVANCED_FACE('',(#7092),#7110,.T.);
#7092 = FACE_BOUND('',#7093,.T.);
#7093 = EDGE_LOOP('',(#7094,#7095,#7103,#7109));
#7094 = ORIENTED_EDGE('',*,*,#7064,.F.);
#7095 = ORIENTED_EDGE('',*,*,#7096,.T.);
#7096 = EDGE_CURVE('',#7065,#7097,#7099,.T.);
#7097 = VERTEX_POINT('',#7098);
#7098 = CARTESIAN_POINT('',(0.32,-7.3,-2.84));
#7099 = LINE('',#7100,#7101);
#7100 = CARTESIAN_POINT('',(0.32,-7.94,-2.84));
#7101 = VECTOR('',#7102,1.);
#7102 = DIRECTION('',(0.,1.,0.));
#7103 = ORIENTED_EDGE('',*,*,#7104,.T.);
#7104 = EDGE_CURVE('',#7097,#5760,#7105,.T.);
#7105 = LINE('',#7106,#7107);
#7106 = CARTESIAN_POINT('',(0.32,-7.3,-3.));
#7107 = VECTOR('',#7108,1.);
#7108 = DIRECTION('',(0.,0.,1.));
#7109 = ORIENTED_EDGE('',*,*,#5767,.F.);
#7110 = PLANE('',#7111);
#7111 = AXIS2_PLACEMENT_3D('',#7112,#7113,#7114);
#7112 = CARTESIAN_POINT('',(0.32,-7.94,-3.));
#7113 = DIRECTION('',(1.,0.,0.));
#7114 = DIRECTION('',(0.,0.,1.));
#7115 = ADVANCED_FACE('',(#7116),#7134,.T.);
#7116 = FACE_BOUND('',#7117,.T.);
#7117 = EDGE_LOOP('',(#7118,#7119,#7127,#7133));
#7118 = ORIENTED_EDGE('',*,*,#7104,.F.);
#7119 = ORIENTED_EDGE('',*,*,#7120,.F.);
#7120 = EDGE_CURVE('',#7121,#7097,#7123,.T.);
#7121 = VERTEX_POINT('',#7122);
#7122 = CARTESIAN_POINT('',(-0.32,-7.3,-2.84));
#7123 = LINE('',#7124,#7125);
#7124 = CARTESIAN_POINT('',(-0.32,-7.3,-2.84));
#7125 = VECTOR('',#7126,1.);
#7126 = DIRECTION('',(1.,0.,0.));
#7127 = ORIENTED_EDGE('',*,*,#7128,.T.);
#7128 = EDGE_CURVE('',#7121,#5752,#7129,.T.);
#7129 = LINE('',#7130,#7131);
#7130 = CARTESIAN_POINT('',(-0.32,-7.3,-3.));
#7131 = VECTOR('',#7132,1.);
#7132 = DIRECTION('',(0.,0.,1.));
#7133 = ORIENTED_EDGE('',*,*,#5759,.F.);
#7134 = PLANE('',#7135);
#7135 = AXIS2_PLACEMENT_3D('',#7136,#7137,#7138);
#7136 = CARTESIAN_POINT('',(-0.32,-7.3,-3.));
#7137 = DIRECTION('',(0.,1.,0.));
#7138 = DIRECTION('',(0.,-0.,1.));
#7139 = ADVANCED_FACE('',(#7140),#7151,.F.);
#7140 = FACE_BOUND('',#7141,.F.);
#7141 = EDGE_LOOP('',(#7142,#7143,#7149,#7150));
#7142 = ORIENTED_EDGE('',*,*,#7080,.F.);
#7143 = ORIENTED_EDGE('',*,*,#7144,.T.);
#7144 = EDGE_CURVE('',#7073,#7121,#7145,.T.);
#7145 = LINE('',#7146,#7147);
#7146 = CARTESIAN_POINT('',(-0.32,-7.94,-2.84));
#7147 = VECTOR('',#7148,1.);
#7148 = DIRECTION('',(0.,1.,0.));
#7149 = ORIENTED_EDGE('',*,*,#7128,.T.);
#7150 = ORIENTED_EDGE('',*,*,#5751,.F.);
#7151 = PLANE('',#7152);
#7152 = AXIS2_PLACEMENT_3D('',#7153,#7154,#7155);
#7153 = CARTESIAN_POINT('',(-0.32,-7.94,-3.));
#7154 = DIRECTION('',(1.,0.,0.));
#7155 = DIRECTION('',(0.,0.,1.));
#7156 = ADVANCED_FACE('',(#7157),#7182,.T.);
#7157 = FACE_BOUND('',#7158,.T.);
#7158 = EDGE_LOOP('',(#7159,#7167,#7168,#7176));
#7159 = ORIENTED_EDGE('',*,*,#7160,.F.);
#7160 = EDGE_CURVE('',#6017,#7161,#7163,.T.);
#7161 = VERTEX_POINT('',#7162);
#7162 = CARTESIAN_POINT('',(0.32,-0.32,8.38));
#7163 = LINE('',#7164,#7165);
#7164 = CARTESIAN_POINT('',(0.32,-0.32,-3.));
#7165 = VECTOR('',#7166,1.);
#7166 = DIRECTION('',(0.,0.,1.));
#7167 = ORIENTED_EDGE('',*,*,#6016,.T.);
#7168 = ORIENTED_EDGE('',*,*,#7169,.T.);
#7169 = EDGE_CURVE('',#6019,#7170,#7172,.T.);
#7170 = VERTEX_POINT('',#7171);
#7171 = CARTESIAN_POINT('',(0.32,0.32,8.38));
#7172 = LINE('',#7173,#7174);
#7173 = CARTESIAN_POINT('',(0.32,0.32,-3.));
#7174 = VECTOR('',#7175,1.);
#7175 = DIRECTION('',(0.,0.,1.));
#7176 = ORIENTED_EDGE('',*,*,#7177,.F.);
#7177 = EDGE_CURVE('',#7161,#7170,#7178,.T.);
#7178 = LINE('',#7179,#7180);
#7179 = CARTESIAN_POINT('',(0.32,-0.32,8.38));
#7180 = VECTOR('',#7181,1.);
#7181 = DIRECTION('',(0.,1.,0.));
#7182 = PLANE('',#7183);
#7183 = AXIS2_PLACEMENT_3D('',#7184,#7185,#7186);
#7184 = CARTESIAN_POINT('',(0.32,-0.32,-3.));
#7185 = DIRECTION('',(1.,0.,0.));
#7186 = DIRECTION('',(0.,0.,1.));
#7187 = ADVANCED_FACE('',(#7188),#7206,.T.);
#7188 = FACE_BOUND('',#7189,.T.);
#7189 = EDGE_LOOP('',(#7190,#7191,#7192,#7200));
#7190 = ORIENTED_EDGE('',*,*,#7169,.F.);
#7191 = ORIENTED_EDGE('',*,*,#6042,.T.);
#7192 = ORIENTED_EDGE('',*,*,#7193,.T.);
#7193 = EDGE_CURVE('',#6035,#7194,#7196,.T.);
#7194 = VERTEX_POINT('',#7195);
#7195 = CARTESIAN_POINT('',(-0.32,0.32,8.38));
#7196 = LINE('',#7197,#7198);
#7197 = CARTESIAN_POINT('',(-0.32,0.32,-3.));
#7198 = VECTOR('',#7199,1.);
#7199 = DIRECTION('',(0.,0.,1.));
#7200 = ORIENTED_EDGE('',*,*,#7201,.T.);
#7201 = EDGE_CURVE('',#7194,#7170,#7202,.T.);
#7202 = LINE('',#7203,#7204);
#7203 = CARTESIAN_POINT('',(-0.32,0.32,8.38));
#7204 = VECTOR('',#7205,1.);
#7205 = DIRECTION('',(1.,0.,0.));
#7206 = PLANE('',#7207);
#7207 = AXIS2_PLACEMENT_3D('',#7208,#7209,#7210);
#7208 = CARTESIAN_POINT('',(-0.32,0.32,-3.));
#7209 = DIRECTION('',(0.,1.,0.));
#7210 = DIRECTION('',(0.,-0.,1.));
#7211 = ADVANCED_FACE('',(#7212),#7230,.F.);
#7212 = FACE_BOUND('',#7213,.F.);
#7213 = EDGE_LOOP('',(#7214,#7222,#7223,#7224));
#7214 = ORIENTED_EDGE('',*,*,#7215,.F.);
#7215 = EDGE_CURVE('',#6027,#7216,#7218,.T.);
#7216 = VERTEX_POINT('',#7217);
#7217 = CARTESIAN_POINT('',(-0.32,-0.32,8.38));
#7218 = LINE('',#7219,#7220);
#7219 = CARTESIAN_POINT('',(-0.32,-0.32,-3.));
#7220 = VECTOR('',#7221,1.);
#7221 = DIRECTION('',(0.,0.,1.));
#7222 = ORIENTED_EDGE('',*,*,#6034,.T.);
#7223 = ORIENTED_EDGE('',*,*,#7193,.T.);
#7224 = ORIENTED_EDGE('',*,*,#7225,.F.);
#7225 = EDGE_CURVE('',#7216,#7194,#7226,.T.);
#7226 = LINE('',#7227,#7228);
#7227 = CARTESIAN_POINT('',(-0.32,-0.32,8.38));
#7228 = VECTOR('',#7229,1.);
#7229 = DIRECTION('',(0.,1.,0.));
#7230 = PLANE('',#7231);
#7231 = AXIS2_PLACEMENT_3D('',#7232,#7233,#7234);
#7232 = CARTESIAN_POINT('',(-0.32,-0.32,-3.));
#7233 = DIRECTION('',(1.,0.,0.));
#7234 = DIRECTION('',(0.,0.,1.));
#7235 = ADVANCED_FACE('',(#7236),#7247,.F.);
#7236 = FACE_BOUND('',#7237,.F.);
#7237 = EDGE_LOOP('',(#7238,#7239,#7240,#7241));
#7238 = ORIENTED_EDGE('',*,*,#7160,.F.);
#7239 = ORIENTED_EDGE('',*,*,#6026,.T.);
#7240 = ORIENTED_EDGE('',*,*,#7215,.T.);
#7241 = ORIENTED_EDGE('',*,*,#7242,.T.);
#7242 = EDGE_CURVE('',#7216,#7161,#7243,.T.);
#7243 = LINE('',#7244,#7245);
#7244 = CARTESIAN_POINT('',(-0.32,-0.32,8.38));
#7245 = VECTOR('',#7246,1.);
#7246 = DIRECTION('',(1.,0.,0.));
#7247 = PLANE('',#7248);
#7248 = AXIS2_PLACEMENT_3D('',#7249,#7250,#7251);
#7249 = CARTESIAN_POINT('',(-0.32,-0.32,-3.));
#7250 = DIRECTION('',(0.,1.,0.));
#7251 = DIRECTION('',(0.,-0.,1.));
#7252 = ADVANCED_FACE('',(#7253),#7278,.T.);
#7253 = FACE_BOUND('',#7254,.T.);
#7254 = EDGE_LOOP('',(#7255,#7263,#7264,#7272));
#7255 = ORIENTED_EDGE('',*,*,#7256,.F.);
#7256 = EDGE_CURVE('',#6051,#7257,#7259,.T.);
#7257 = VERTEX_POINT('',#7258);
#7258 = CARTESIAN_POINT('',(0.32,-2.22,8.38));
#7259 = LINE('',#7260,#7261);
#7260 = CARTESIAN_POINT('',(0.32,-2.22,-3.));
#7261 = VECTOR('',#7262,1.);
#7262 = DIRECTION('',(0.,0.,1.));
#7263 = ORIENTED_EDGE('',*,*,#6050,.T.);
#7264 = ORIENTED_EDGE('',*,*,#7265,.T.);
#7265 = EDGE_CURVE('',#6053,#7266,#7268,.T.);
#7266 = VERTEX_POINT('',#7267);
#7267 = CARTESIAN_POINT('',(-0.32,-2.22,8.38));
#7268 = LINE('',#7269,#7270);
#7269 = CARTESIAN_POINT('',(-0.32,-2.22,-3.));
#7270 = VECTOR('',#7271,1.);
#7271 = DIRECTION('',(0.,0.,1.));
#7272 = ORIENTED_EDGE('',*,*,#7273,.T.);
#7273 = EDGE_CURVE('',#7266,#7257,#7274,.T.);
#7274 = LINE('',#7275,#7276);
#7275 = CARTESIAN_POINT('',(-0.32,-2.22,8.38));
#7276 = VECTOR('',#7277,1.);
#7277 = DIRECTION('',(1.,0.,0.));
#7278 = PLANE('',#7279);
#7279 = AXIS2_PLACEMENT_3D('',#7280,#7281,#7282);
#7280 = CARTESIAN_POINT('',(-0.32,-2.22,-3.));
#7281 = DIRECTION('',(0.,1.,0.));
#7282 = DIRECTION('',(0.,-0.,1.));
#7283 = ADVANCED_FACE('',(#7284),#7302,.F.);
#7284 = FACE_BOUND('',#7285,.F.);
#7285 = EDGE_LOOP('',(#7286,#7294,#7295,#7296));
#7286 = ORIENTED_EDGE('',*,*,#7287,.F.);
#7287 = EDGE_CURVE('',#6069,#7288,#7290,.T.);
#7288 = VERTEX_POINT('',#7289);
#7289 = CARTESIAN_POINT('',(-0.32,-2.86,8.38));
#7290 = LINE('',#7291,#7292);
#7291 = CARTESIAN_POINT('',(-0.32,-2.86,-3.));
#7292 = VECTOR('',#7293,1.);
#7293 = DIRECTION('',(0.,0.,1.));
#7294 = ORIENTED_EDGE('',*,*,#6076,.T.);
#7295 = ORIENTED_EDGE('',*,*,#7265,.T.);
#7296 = ORIENTED_EDGE('',*,*,#7297,.F.);
#7297 = EDGE_CURVE('',#7288,#7266,#7298,.T.);
#7298 = LINE('',#7299,#7300);
#7299 = CARTESIAN_POINT('',(-0.32,-2.86,8.38));
#7300 = VECTOR('',#7301,1.);
#7301 = DIRECTION('',(0.,1.,0.));
#7302 = PLANE('',#7303);
#7303 = AXIS2_PLACEMENT_3D('',#7304,#7305,#7306);
#7304 = CARTESIAN_POINT('',(-0.32,-2.86,-3.));
#7305 = DIRECTION('',(1.,0.,0.));
#7306 = DIRECTION('',(0.,0.,1.));
#7307 = ADVANCED_FACE('',(#7308),#7326,.F.);
#7308 = FACE_BOUND('',#7309,.F.);
#7309 = EDGE_LOOP('',(#7310,#7318,#7319,#7320));
#7310 = ORIENTED_EDGE('',*,*,#7311,.F.);
#7311 = EDGE_CURVE('',#6061,#7312,#7314,.T.);
#7312 = VERTEX_POINT('',#7313);
#7313 = CARTESIAN_POINT('',(0.32,-2.86,8.38));
#7314 = LINE('',#7315,#7316);
#7315 = CARTESIAN_POINT('',(0.32,-2.86,-3.));
#7316 = VECTOR('',#7317,1.);
#7317 = DIRECTION('',(0.,0.,1.));
#7318 = ORIENTED_EDGE('',*,*,#6068,.T.);
#7319 = ORIENTED_EDGE('',*,*,#7287,.T.);
#7320 = ORIENTED_EDGE('',*,*,#7321,.T.);
#7321 = EDGE_CURVE('',#7288,#7312,#7322,.T.);
#7322 = LINE('',#7323,#7324);
#7323 = CARTESIAN_POINT('',(-0.32,-2.86,8.38));
#7324 = VECTOR('',#7325,1.);
#7325 = DIRECTION('',(1.,0.,0.));
#7326 = PLANE('',#7327);
#7327 = AXIS2_PLACEMENT_3D('',#7328,#7329,#7330);
#7328 = CARTESIAN_POINT('',(-0.32,-2.86,-3.));
#7329 = DIRECTION('',(0.,1.,0.));
#7330 = DIRECTION('',(0.,-0.,1.));
#7331 = ADVANCED_FACE('',(#7332),#7343,.T.);
#7332 = FACE_BOUND('',#7333,.T.);
#7333 = EDGE_LOOP('',(#7334,#7335,#7336,#7337));
#7334 = ORIENTED_EDGE('',*,*,#7311,.F.);
#7335 = ORIENTED_EDGE('',*,*,#6060,.T.);
#7336 = ORIENTED_EDGE('',*,*,#7256,.T.);
#7337 = ORIENTED_EDGE('',*,*,#7338,.F.);
#7338 = EDGE_CURVE('',#7312,#7257,#7339,.T.);
#7339 = LINE('',#7340,#7341);
#7340 = CARTESIAN_POINT('',(0.32,-2.86,8.38));
#7341 = VECTOR('',#7342,1.);
#7342 = DIRECTION('',(0.,1.,0.));
#7343 = PLANE('',#7344);
#7344 = AXIS2_PLACEMENT_3D('',#7345,#7346,#7347);
#7345 = CARTESIAN_POINT('',(0.32,-2.86,-3.));
#7346 = DIRECTION('',(1.,0.,0.));
#7347 = DIRECTION('',(0.,0.,1.));
#7348 = ADVANCED_FACE('',(#7349),#7374,.T.);
#7349 = FACE_BOUND('',#7350,.T.);
#7350 = EDGE_LOOP('',(#7351,#7359,#7360,#7368));
#7351 = ORIENTED_EDGE('',*,*,#7352,.F.);
#7352 = EDGE_CURVE('',#6085,#7353,#7355,.T.);
#7353 = VERTEX_POINT('',#7354);
#7354 = CARTESIAN_POINT('',(0.32,-4.76,8.38));
#7355 = LINE('',#7356,#7357);
#7356 = CARTESIAN_POINT('',(0.32,-4.76,-3.));
#7357 = VECTOR('',#7358,1.);
#7358 = DIRECTION('',(0.,0.,1.));
#7359 = ORIENTED_EDGE('',*,*,#6084,.T.);
#7360 = ORIENTED_EDGE('',*,*,#7361,.T.);
#7361 = EDGE_CURVE('',#6087,#7362,#7364,.T.);
#7362 = VERTEX_POINT('',#7363);
#7363 = CARTESIAN_POINT('',(-0.32,-4.76,8.38));
#7364 = LINE('',#7365,#7366);
#7365 = CARTESIAN_POINT('',(-0.32,-4.76,-3.));
#7366 = VECTOR('',#7367,1.);
#7367 = DIRECTION('',(0.,0.,1.));
#7368 = ORIENTED_EDGE('',*,*,#7369,.T.);
#7369 = EDGE_CURVE('',#7362,#7353,#7370,.T.);
#7370 = LINE('',#7371,#7372);
#7371 = CARTESIAN_POINT('',(-0.32,-4.76,8.38));
#7372 = VECTOR('',#7373,1.);
#7373 = DIRECTION('',(1.,0.,0.));
#7374 = PLANE('',#7375);
#7375 = AXIS2_PLACEMENT_3D('',#7376,#7377,#7378);
#7376 = CARTESIAN_POINT('',(-0.32,-4.76,-3.));
#7377 = DIRECTION('',(0.,1.,0.));
#7378 = DIRECTION('',(0.,-0.,1.));
#7379 = ADVANCED_FACE('',(#7380),#7398,.F.);
#7380 = FACE_BOUND('',#7381,.F.);
#7381 = EDGE_LOOP('',(#7382,#7390,#7391,#7392));
#7382 = ORIENTED_EDGE('',*,*,#7383,.F.);
#7383 = EDGE_CURVE('',#6103,#7384,#7386,.T.);
#7384 = VERTEX_POINT('',#7385);
#7385 = CARTESIAN_POINT('',(-0.32,-5.4,8.38));
#7386 = LINE('',#7387,#7388);
#7387 = CARTESIAN_POINT('',(-0.32,-5.4,-3.));
#7388 = VECTOR('',#7389,1.);
#7389 = DIRECTION('',(0.,0.,1.));
#7390 = ORIENTED_EDGE('',*,*,#6110,.T.);
#7391 = ORIENTED_EDGE('',*,*,#7361,.T.);
#7392 = ORIENTED_EDGE('',*,*,#7393,.F.);
#7393 = EDGE_CURVE('',#7384,#7362,#7394,.T.);
#7394 = LINE('',#7395,#7396);
#7395 = CARTESIAN_POINT('',(-0.32,-5.4,8.38));
#7396 = VECTOR('',#7397,1.);
#7397 = DIRECTION('',(0.,1.,0.));
#7398 = PLANE('',#7399);
#7399 = AXIS2_PLACEMENT_3D('',#7400,#7401,#7402);
#7400 = CARTESIAN_POINT('',(-0.32,-5.4,-3.));
#7401 = DIRECTION('',(1.,0.,0.));
#7402 = DIRECTION('',(0.,0.,1.));
#7403 = ADVANCED_FACE('',(#7404),#7422,.F.);
#7404 = FACE_BOUND('',#7405,.F.);
#7405 = EDGE_LOOP('',(#7406,#7414,#7415,#7416));
#7406 = ORIENTED_EDGE('',*,*,#7407,.F.);
#7407 = EDGE_CURVE('',#6095,#7408,#7410,.T.);
#7408 = VERTEX_POINT('',#7409);
#7409 = CARTESIAN_POINT('',(0.32,-5.4,8.38));
#7410 = LINE('',#7411,#7412);
#7411 = CARTESIAN_POINT('',(0.32,-5.4,-3.));
#7412 = VECTOR('',#7413,1.);
#7413 = DIRECTION('',(0.,0.,1.));
#7414 = ORIENTED_EDGE('',*,*,#6102,.T.);
#7415 = ORIENTED_EDGE('',*,*,#7383,.T.);
#7416 = ORIENTED_EDGE('',*,*,#7417,.T.);
#7417 = EDGE_CURVE('',#7384,#7408,#7418,.T.);
#7418 = LINE('',#7419,#7420);
#7419 = CARTESIAN_POINT('',(-0.32,-5.4,8.38));
#7420 = VECTOR('',#7421,1.);
#7421 = DIRECTION('',(1.,0.,0.));
#7422 = PLANE('',#7423);
#7423 = AXIS2_PLACEMENT_3D('',#7424,#7425,#7426);
#7424 = CARTESIAN_POINT('',(-0.32,-5.4,-3.));
#7425 = DIRECTION('',(0.,1.,0.));
#7426 = DIRECTION('',(0.,-0.,1.));
#7427 = ADVANCED_FACE('',(#7428),#7439,.T.);
#7428 = FACE_BOUND('',#7429,.T.);
#7429 = EDGE_LOOP('',(#7430,#7431,#7432,#7433));
#7430 = ORIENTED_EDGE('',*,*,#7407,.F.);
#7431 = ORIENTED_EDGE('',*,*,#6094,.T.);
#7432 = ORIENTED_EDGE('',*,*,#7352,.T.);
#7433 = ORIENTED_EDGE('',*,*,#7434,.F.);
#7434 = EDGE_CURVE('',#7408,#7353,#7435,.T.);
#7435 = LINE('',#7436,#7437);
#7436 = CARTESIAN_POINT('',(0.32,-5.4,8.38));
#7437 = VECTOR('',#7438,1.);
#7438 = DIRECTION('',(0.,1.,0.));
#7439 = PLANE('',#7440);
#7440 = AXIS2_PLACEMENT_3D('',#7441,#7442,#7443);
#7441 = CARTESIAN_POINT('',(0.32,-5.4,-3.));
#7442 = DIRECTION('',(1.,0.,0.));
#7443 = DIRECTION('',(0.,0.,1.));
#7444 = ADVANCED_FACE('',(#7445),#7470,.T.);
#7445 = FACE_BOUND('',#7446,.T.);
#7446 = EDGE_LOOP('',(#7447,#7455,#7456,#7464));
#7447 = ORIENTED_EDGE('',*,*,#7448,.F.);
#7448 = EDGE_CURVE('',#6119,#7449,#7451,.T.);
#7449 = VERTEX_POINT('',#7450);
#7450 = CARTESIAN_POINT('',(0.32,-9.84,8.38));
#7451 = LINE('',#7452,#7453);
#7452 = CARTESIAN_POINT('',(0.32,-9.84,-3.));
#7453 = VECTOR('',#7454,1.);
#7454 = DIRECTION('',(0.,0.,1.));
#7455 = ORIENTED_EDGE('',*,*,#6118,.T.);
#7456 = ORIENTED_EDGE('',*,*,#7457,.T.);
#7457 = EDGE_CURVE('',#6121,#7458,#7460,.T.);
#7458 = VERTEX_POINT('',#7459);
#7459 = CARTESIAN_POINT('',(-0.32,-9.84,8.38));
#7460 = LINE('',#7461,#7462);
#7461 = CARTESIAN_POINT('',(-0.32,-9.84,-3.));
#7462 = VECTOR('',#7463,1.);
#7463 = DIRECTION('',(0.,0.,1.));
#7464 = ORIENTED_EDGE('',*,*,#7465,.T.);
#7465 = EDGE_CURVE('',#7458,#7449,#7466,.T.);
#7466 = LINE('',#7467,#7468);
#7467 = CARTESIAN_POINT('',(-0.32,-9.84,8.38));
#7468 = VECTOR('',#7469,1.);
#7469 = DIRECTION('',(1.,0.,0.));
#7470 = PLANE('',#7471);
#7471 = AXIS2_PLACEMENT_3D('',#7472,#7473,#7474);
#7472 = CARTESIAN_POINT('',(-0.32,-9.84,-3.));
#7473 = DIRECTION('',(0.,1.,0.));
#7474 = DIRECTION('',(0.,-0.,1.));
#7475 = ADVANCED_FACE('',(#7476),#7494,.F.);
#7476 = FACE_BOUND('',#7477,.F.);
#7477 = EDGE_LOOP('',(#7478,#7486,#7487,#7488));
#7478 = ORIENTED_EDGE('',*,*,#7479,.F.);
#7479 = EDGE_CURVE('',#6137,#7480,#7482,.T.);
#7480 = VERTEX_POINT('',#7481);
#7481 = CARTESIAN_POINT('',(-0.32,-10.48,8.38));
#7482 = LINE('',#7483,#7484);
#7483 = CARTESIAN_POINT('',(-0.32,-10.48,-3.));
#7484 = VECTOR('',#7485,1.);
#7485 = DIRECTION('',(0.,0.,1.));
#7486 = ORIENTED_EDGE('',*,*,#6144,.T.);
#7487 = ORIENTED_EDGE('',*,*,#7457,.T.);
#7488 = ORIENTED_EDGE('',*,*,#7489,.F.);
#7489 = EDGE_CURVE('',#7480,#7458,#7490,.T.);
#7490 = LINE('',#7491,#7492);
#7491 = CARTESIAN_POINT('',(-0.32,-10.48,8.38));
#7492 = VECTOR('',#7493,1.);
#7493 = DIRECTION('',(0.,1.,0.));
#7494 = PLANE('',#7495);
#7495 = AXIS2_PLACEMENT_3D('',#7496,#7497,#7498);
#7496 = CARTESIAN_POINT('',(-0.32,-10.48,-3.));
#7497 = DIRECTION('',(1.,0.,0.));
#7498 = DIRECTION('',(0.,0.,1.));
#7499 = ADVANCED_FACE('',(#7500),#7518,.F.);
#7500 = FACE_BOUND('',#7501,.F.);
#7501 = EDGE_LOOP('',(#7502,#7510,#7511,#7512));
#7502 = ORIENTED_EDGE('',*,*,#7503,.F.);
#7503 = EDGE_CURVE('',#6129,#7504,#7506,.T.);
#7504 = VERTEX_POINT('',#7505);
#7505 = CARTESIAN_POINT('',(0.32,-10.48,8.38));
#7506 = LINE('',#7507,#7508);
#7507 = CARTESIAN_POINT('',(0.32,-10.48,-3.));
#7508 = VECTOR('',#7509,1.);
#7509 = DIRECTION('',(0.,0.,1.));
#7510 = ORIENTED_EDGE('',*,*,#6136,.T.);
#7511 = ORIENTED_EDGE('',*,*,#7479,.T.);
#7512 = ORIENTED_EDGE('',*,*,#7513,.T.);
#7513 = EDGE_CURVE('',#7480,#7504,#7514,.T.);
#7514 = LINE('',#7515,#7516);
#7515 = CARTESIAN_POINT('',(-0.32,-10.48,8.38));
#7516 = VECTOR('',#7517,1.);
#7517 = DIRECTION('',(1.,0.,0.));
#7518 = PLANE('',#7519);
#7519 = AXIS2_PLACEMENT_3D('',#7520,#7521,#7522);
#7520 = CARTESIAN_POINT('',(-0.32,-10.48,-3.));
#7521 = DIRECTION('',(0.,1.,0.));
#7522 = DIRECTION('',(0.,-0.,1.));
#7523 = ADVANCED_FACE('',(#7524),#7535,.T.);
#7524 = FACE_BOUND('',#7525,.T.);
#7525 = EDGE_LOOP('',(#7526,#7527,#7528,#7529));
#7526 = ORIENTED_EDGE('',*,*,#7503,.F.);
#7527 = ORIENTED_EDGE('',*,*,#6128,.T.);
#7528 = ORIENTED_EDGE('',*,*,#7448,.T.);
#7529 = ORIENTED_EDGE('',*,*,#7530,.F.);
#7530 = EDGE_CURVE('',#7504,#7449,#7531,.T.);
#7531 = LINE('',#7532,#7533);
#7532 = CARTESIAN_POINT('',(0.32,-10.48,8.38));
#7533 = VECTOR('',#7534,1.);
#7534 = DIRECTION('',(0.,1.,0.));
#7535 = PLANE('',#7536);
#7536 = AXIS2_PLACEMENT_3D('',#7537,#7538,#7539);
#7537 = CARTESIAN_POINT('',(0.32,-10.48,-3.));
#7538 = DIRECTION('',(1.,0.,0.));
#7539 = DIRECTION('',(0.,0.,1.));
#7540 = ADVANCED_FACE('',(#7541),#7566,.F.);
#7541 = FACE_BOUND('',#7542,.F.);
#7542 = EDGE_LOOP('',(#7543,#7551,#7552,#7560));
#7543 = ORIENTED_EDGE('',*,*,#7544,.F.);
#7544 = EDGE_CURVE('',#6153,#7545,#7547,.T.);
#7545 = VERTEX_POINT('',#7546);
#7546 = CARTESIAN_POINT('',(0.32,-7.94,8.38));
#7547 = LINE('',#7548,#7549);
#7548 = CARTESIAN_POINT('',(0.32,-7.94,-3.));
#7549 = VECTOR('',#7550,1.);
#7550 = DIRECTION('',(0.,0.,1.));
#7551 = ORIENTED_EDGE('',*,*,#6152,.T.);
#7552 = ORIENTED_EDGE('',*,*,#7553,.T.);
#7553 = EDGE_CURVE('',#6155,#7554,#7556,.T.);
#7554 = VERTEX_POINT('',#7555);
#7555 = CARTESIAN_POINT('',(-0.32,-7.94,8.38));
#7556 = LINE('',#7557,#7558);
#7557 = CARTESIAN_POINT('',(-0.32,-7.94,-3.));
#7558 = VECTOR('',#7559,1.);
#7559 = DIRECTION('',(0.,0.,1.));
#7560 = ORIENTED_EDGE('',*,*,#7561,.T.);
#7561 = EDGE_CURVE('',#7554,#7545,#7562,.T.);
#7562 = LINE('',#7563,#7564);
#7563 = CARTESIAN_POINT('',(-0.32,-7.94,8.38));
#7564 = VECTOR('',#7565,1.);
#7565 = DIRECTION('',(1.,0.,0.));
#7566 = PLANE('',#7567);
#7567 = AXIS2_PLACEMENT_3D('',#7568,#7569,#7570);
#7568 = CARTESIAN_POINT('',(-0.32,-7.94,-3.));
#7569 = DIRECTION('',(0.,1.,0.));
#7570 = DIRECTION('',(0.,-0.,1.));
#7571 = ADVANCED_FACE('',(#7572),#7590,.T.);
#7572 = FACE_BOUND('',#7573,.T.);
#7573 = EDGE_LOOP('',(#7574,#7575,#7576,#7584));
#7574 = ORIENTED_EDGE('',*,*,#7544,.F.);
#7575 = ORIENTED_EDGE('',*,*,#6178,.T.);
#7576 = ORIENTED_EDGE('',*,*,#7577,.T.);
#7577 = EDGE_CURVE('',#6171,#7578,#7580,.T.);
#7578 = VERTEX_POINT('',#7579);
#7579 = CARTESIAN_POINT('',(0.32,-7.3,8.38));
#7580 = LINE('',#7581,#7582);
#7581 = CARTESIAN_POINT('',(0.32,-7.3,-3.));
#7582 = VECTOR('',#7583,1.);
#7583 = DIRECTION('',(0.,0.,1.));
#7584 = ORIENTED_EDGE('',*,*,#7585,.F.);
#7585 = EDGE_CURVE('',#7545,#7578,#7586,.T.);
#7586 = LINE('',#7587,#7588);
#7587 = CARTESIAN_POINT('',(0.32,-7.94,8.38));
#7588 = VECTOR('',#7589,1.);
#7589 = DIRECTION('',(0.,1.,0.));
#7590 = PLANE('',#7591);
#7591 = AXIS2_PLACEMENT_3D('',#7592,#7593,#7594);
#7592 = CARTESIAN_POINT('',(0.32,-7.94,-3.));
#7593 = DIRECTION('',(1.,0.,0.));
#7594 = DIRECTION('',(0.,0.,1.));
#7595 = ADVANCED_FACE('',(#7596),#7614,.T.);
#7596 = FACE_BOUND('',#7597,.T.);
#7597 = EDGE_LOOP('',(#7598,#7599,#7600,#7608));
#7598 = ORIENTED_EDGE('',*,*,#7577,.F.);
#7599 = ORIENTED_EDGE('',*,*,#6170,.T.);
#7600 = ORIENTED_EDGE('',*,*,#7601,.T.);
#7601 = EDGE_CURVE('',#6163,#7602,#7604,.T.);
#7602 = VERTEX_POINT('',#7603);
#7603 = CARTESIAN_POINT('',(-0.32,-7.3,8.38));
#7604 = LINE('',#7605,#7606);
#7605 = CARTESIAN_POINT('',(-0.32,-7.3,-3.));
#7606 = VECTOR('',#7607,1.);
#7607 = DIRECTION('',(0.,0.,1.));
#7608 = ORIENTED_EDGE('',*,*,#7609,.T.);
#7609 = EDGE_CURVE('',#7602,#7578,#7610,.T.);
#7610 = LINE('',#7611,#7612);
#7611 = CARTESIAN_POINT('',(-0.32,-7.3,8.38));
#7612 = VECTOR('',#7613,1.);
#7613 = DIRECTION('',(1.,0.,0.));
#7614 = PLANE('',#7615);
#7615 = AXIS2_PLACEMENT_3D('',#7616,#7617,#7618);
#7616 = CARTESIAN_POINT('',(-0.32,-7.3,-3.));
#7617 = DIRECTION('',(0.,1.,0.));
#7618 = DIRECTION('',(0.,-0.,1.));
#7619 = ADVANCED_FACE('',(#7620),#7631,.F.);
#7620 = FACE_BOUND('',#7621,.F.);
#7621 = EDGE_LOOP('',(#7622,#7623,#7624,#7625));
#7622 = ORIENTED_EDGE('',*,*,#7553,.F.);
#7623 = ORIENTED_EDGE('',*,*,#6162,.T.);
#7624 = ORIENTED_EDGE('',*,*,#7601,.T.);
#7625 = ORIENTED_EDGE('',*,*,#7626,.F.);
#7626 = EDGE_CURVE('',#7554,#7602,#7627,.T.);
#7627 = LINE('',#7628,#7629);
#7628 = CARTESIAN_POINT('',(-0.32,-7.94,8.38));
#7629 = VECTOR('',#7630,1.);
#7630 = DIRECTION('',(0.,1.,0.));
#7631 = PLANE('',#7632);
#7632 = AXIS2_PLACEMENT_3D('',#7633,#7634,#7635);
#7633 = CARTESIAN_POINT('',(-0.32,-7.94,-3.));
#7634 = DIRECTION('',(1.,0.,0.));
#7635 = DIRECTION('',(0.,0.,1.));
#7636 = ADVANCED_FACE('',(#7637),#7662,.F.);
#7637 = FACE_BOUND('',#7638,.F.);
#7638 = EDGE_LOOP('',(#7639,#7647,#7648,#7656));
#7639 = ORIENTED_EDGE('',*,*,#7640,.F.);
#7640 = EDGE_CURVE('',#6681,#7641,#7643,.T.);
#7641 = VERTEX_POINT('',#7642);
#7642 = CARTESIAN_POINT('',(0.16,-0.16,-3.));
#7643 = LINE('',#7644,#7645);
#7644 = CARTESIAN_POINT('',(0.16,-0.16,-3.));
#7645 = VECTOR('',#7646,1.);
#7646 = DIRECTION('',(-0.57735026919,0.57735026919,-0.57735026919));
#7647 = ORIENTED_EDGE('',*,*,#6688,.T.);
#7648 = ORIENTED_EDGE('',*,*,#7649,.T.);
#7649 = EDGE_CURVE('',#6689,#7650,#7652,.T.);
#7650 = VERTEX_POINT('',#7651);
#7651 = CARTESIAN_POINT('',(0.16,0.16,-3.));
#7652 = LINE('',#7653,#7654);
#7653 = CARTESIAN_POINT('',(5.333333333333E-02,5.333333333333E-02,
    -3.106666666667));
#7654 = VECTOR('',#7655,1.);
#7655 = DIRECTION('',(-0.57735026919,-0.57735026919,-0.57735026919));
#7656 = ORIENTED_EDGE('',*,*,#7657,.F.);
#7657 = EDGE_CURVE('',#7641,#7650,#7658,.T.);
#7658 = LINE('',#7659,#7660);
#7659 = CARTESIAN_POINT('',(0.16,-0.32,-3.));
#7660 = VECTOR('',#7661,1.);
#7661 = DIRECTION('',(0.,1.,0.));
#7662 = PLANE('',#7663);
#7663 = AXIS2_PLACEMENT_3D('',#7664,#7665,#7666);
#7664 = CARTESIAN_POINT('',(0.24,-0.32,-2.92));
#7665 = DIRECTION('',(-0.707106781187,1.735167508357E-18,0.707106781187)
  );
#7666 = DIRECTION('',(1.226948711654E-18,1.,-1.226948711654E-18));
#7667 = ADVANCED_FACE('',(#7668),#7686,.F.);
#7668 = FACE_BOUND('',#7669,.T.);
#7669 = EDGE_LOOP('',(#7670,#7678,#7679,#7680));
#7670 = ORIENTED_EDGE('',*,*,#7671,.F.);
#7671 = EDGE_CURVE('',#6713,#7672,#7674,.T.);
#7672 = VERTEX_POINT('',#7673);
#7673 = CARTESIAN_POINT('',(-0.16,0.16,-3.));
#7674 = LINE('',#7675,#7676);
#7675 = CARTESIAN_POINT('',(-0.16,0.16,-3.));
#7676 = VECTOR('',#7677,1.);
#7677 = DIRECTION('',(0.57735026919,-0.57735026919,-0.57735026919));
#7678 = ORIENTED_EDGE('',*,*,#6712,.T.);
#7679 = ORIENTED_EDGE('',*,*,#7649,.T.);
#7680 = ORIENTED_EDGE('',*,*,#7681,.F.);
#7681 = EDGE_CURVE('',#7672,#7650,#7682,.T.);
#7682 = LINE('',#7683,#7684);
#7683 = CARTESIAN_POINT('',(-0.32,0.16,-3.));
#7684 = VECTOR('',#7685,1.);
#7685 = DIRECTION('',(1.,0.,0.));
#7686 = PLANE('',#7687);
#7687 = AXIS2_PLACEMENT_3D('',#7688,#7689,#7690);
#7688 = CARTESIAN_POINT('',(-0.32,0.24,-2.92));
#7689 = DIRECTION('',(-1.735167508357E-18,-0.707106781187,0.707106781187
    ));
#7690 = DIRECTION('',(-1.,1.226948711654E-18,-1.226948711654E-18));
#7691 = ADVANCED_FACE('',(#7692),#7710,.T.);
#7692 = FACE_BOUND('',#7693,.T.);
#7693 = EDGE_LOOP('',(#7694,#7702,#7703,#7704));
#7694 = ORIENTED_EDGE('',*,*,#7695,.F.);
#7695 = EDGE_CURVE('',#6736,#7696,#7698,.T.);
#7696 = VERTEX_POINT('',#7697);
#7697 = CARTESIAN_POINT('',(-0.16,-0.16,-3.));
#7698 = LINE('',#7699,#7700);
#7699 = CARTESIAN_POINT('',(-0.266666666667,-0.266666666667,
    -2.893333333333));
#7700 = VECTOR('',#7701,1.);
#7701 = DIRECTION('',(0.57735026919,0.57735026919,-0.57735026919));
#7702 = ORIENTED_EDGE('',*,*,#6743,.T.);
#7703 = ORIENTED_EDGE('',*,*,#7671,.T.);
#7704 = ORIENTED_EDGE('',*,*,#7705,.F.);
#7705 = EDGE_CURVE('',#7696,#7672,#7706,.T.);
#7706 = LINE('',#7707,#7708);
#7707 = CARTESIAN_POINT('',(-0.16,-0.32,-3.));
#7708 = VECTOR('',#7709,1.);
#7709 = DIRECTION('',(0.,1.,0.));
#7710 = PLANE('',#7711);
#7711 = AXIS2_PLACEMENT_3D('',#7712,#7713,#7714);
#7712 = CARTESIAN_POINT('',(-0.24,-0.32,-2.92));
#7713 = DIRECTION('',(-0.707106781187,-1.735167508357E-18,
    -0.707106781187));
#7714 = DIRECTION('',(-1.226948711654E-18,1.,-1.226948711654E-18));
#7715 = ADVANCED_FACE('',(#7716),#7727,.T.);
#7716 = FACE_BOUND('',#7717,.F.);
#7717 = EDGE_LOOP('',(#7718,#7719,#7720,#7721));
#7718 = ORIENTED_EDGE('',*,*,#7695,.F.);
#7719 = ORIENTED_EDGE('',*,*,#6760,.T.);
#7720 = ORIENTED_EDGE('',*,*,#7640,.T.);
#7721 = ORIENTED_EDGE('',*,*,#7722,.F.);
#7722 = EDGE_CURVE('',#7696,#7641,#7723,.T.);
#7723 = LINE('',#7724,#7725);
#7724 = CARTESIAN_POINT('',(-0.32,-0.16,-3.));
#7725 = VECTOR('',#7726,1.);
#7726 = DIRECTION('',(1.,0.,0.));
#7727 = PLANE('',#7728);
#7728 = AXIS2_PLACEMENT_3D('',#7729,#7730,#7731);
#7729 = CARTESIAN_POINT('',(-0.32,-0.24,-2.92));
#7730 = DIRECTION('',(1.735167508357E-18,-0.707106781187,-0.707106781187
    ));
#7731 = DIRECTION('',(-1.,-1.226948711654E-18,-1.226948711654E-18));
#7732 = ADVANCED_FACE('',(#7733),#7758,.F.);
#7733 = FACE_BOUND('',#7734,.T.);
#7734 = EDGE_LOOP('',(#7735,#7743,#7744,#7752));
#7735 = ORIENTED_EDGE('',*,*,#7736,.F.);
#7736 = EDGE_CURVE('',#6785,#7737,#7739,.T.);
#7737 = VERTEX_POINT('',#7738);
#7738 = CARTESIAN_POINT('',(-0.16,-2.38,-3.));
#7739 = LINE('',#7740,#7741);
#7740 = CARTESIAN_POINT('',(-0.16,-2.38,-3.));
#7741 = VECTOR('',#7742,1.);
#7742 = DIRECTION('',(0.57735026919,-0.57735026919,-0.57735026919));
#7743 = ORIENTED_EDGE('',*,*,#6784,.T.);
#7744 = ORIENTED_EDGE('',*,*,#7745,.T.);
#7745 = EDGE_CURVE('',#6777,#7746,#7748,.T.);
#7746 = VERTEX_POINT('',#7747);
#7747 = CARTESIAN_POINT('',(0.16,-2.38,-3.));
#7748 = LINE('',#7749,#7750);
#7749 = CARTESIAN_POINT('',(5.333333333333E-02,-2.486666666667,
    -3.106666666667));
#7750 = VECTOR('',#7751,1.);
#7751 = DIRECTION('',(-0.57735026919,-0.57735026919,-0.57735026919));
#7752 = ORIENTED_EDGE('',*,*,#7753,.F.);
#7753 = EDGE_CURVE('',#7737,#7746,#7754,.T.);
#7754 = LINE('',#7755,#7756);
#7755 = CARTESIAN_POINT('',(-0.32,-2.38,-3.));
#7756 = VECTOR('',#7757,1.);
#7757 = DIRECTION('',(1.,0.,0.));
#7758 = PLANE('',#7759);
#7759 = AXIS2_PLACEMENT_3D('',#7760,#7761,#7762);
#7760 = CARTESIAN_POINT('',(-0.32,-2.3,-2.92));
#7761 = DIRECTION('',(-1.735167508357E-18,-0.707106781187,0.707106781187
    ));
#7762 = DIRECTION('',(-1.,1.226948711654E-18,-1.226948711654E-18));
#7763 = ADVANCED_FACE('',(#7764),#7782,.T.);
#7764 = FACE_BOUND('',#7765,.T.);
#7765 = EDGE_LOOP('',(#7766,#7774,#7775,#7776));
#7766 = ORIENTED_EDGE('',*,*,#7767,.F.);
#7767 = EDGE_CURVE('',#6808,#7768,#7770,.T.);
#7768 = VERTEX_POINT('',#7769);
#7769 = CARTESIAN_POINT('',(-0.16,-2.7,-3.));
#7770 = LINE('',#7771,#7772);
#7771 = CARTESIAN_POINT('',(-0.266666666667,-2.806666666667,
    -2.893333333333));
#7772 = VECTOR('',#7773,1.);
#7773 = DIRECTION('',(0.57735026919,0.57735026919,-0.57735026919));
#7774 = ORIENTED_EDGE('',*,*,#6815,.T.);
#7775 = ORIENTED_EDGE('',*,*,#7736,.T.);
#7776 = ORIENTED_EDGE('',*,*,#7777,.F.);
#7777 = EDGE_CURVE('',#7768,#7737,#7778,.T.);
#7778 = LINE('',#7779,#7780);
#7779 = CARTESIAN_POINT('',(-0.16,-2.86,-3.));
#7780 = VECTOR('',#7781,1.);
#7781 = DIRECTION('',(0.,1.,0.));
#7782 = PLANE('',#7783);
#7783 = AXIS2_PLACEMENT_3D('',#7784,#7785,#7786);
#7784 = CARTESIAN_POINT('',(-0.24,-2.86,-2.92));
#7785 = DIRECTION('',(-0.707106781187,-1.735167508357E-18,
    -0.707106781187));
#7786 = DIRECTION('',(-1.226948711654E-18,1.,-1.226948711654E-18));
#7787 = ADVANCED_FACE('',(#7788),#7806,.T.);
#7788 = FACE_BOUND('',#7789,.F.);
#7789 = EDGE_LOOP('',(#7790,#7791,#7792,#7800));
#7790 = ORIENTED_EDGE('',*,*,#7767,.F.);
#7791 = ORIENTED_EDGE('',*,*,#6839,.T.);
#7792 = ORIENTED_EDGE('',*,*,#7793,.T.);
#7793 = EDGE_CURVE('',#6832,#7794,#7796,.T.);
#7794 = VERTEX_POINT('',#7795);
#7795 = CARTESIAN_POINT('',(0.16,-2.7,-3.));
#7796 = LINE('',#7797,#7798);
#7797 = CARTESIAN_POINT('',(0.16,-2.7,-3.));
#7798 = VECTOR('',#7799,1.);
#7799 = DIRECTION('',(-0.57735026919,0.57735026919,-0.57735026919));
#7800 = ORIENTED_EDGE('',*,*,#7801,.F.);
#7801 = EDGE_CURVE('',#7768,#7794,#7802,.T.);
#7802 = LINE('',#7803,#7804);
#7803 = CARTESIAN_POINT('',(-0.32,-2.7,-3.));
#7804 = VECTOR('',#7805,1.);
#7805 = DIRECTION('',(1.,0.,0.));
#7806 = PLANE('',#7807);
#7807 = AXIS2_PLACEMENT_3D('',#7808,#7809,#7810);
#7808 = CARTESIAN_POINT('',(-0.32,-2.78,-2.92));
#7809 = DIRECTION('',(1.735167508357E-18,-0.707106781187,-0.707106781187
    ));
#7810 = DIRECTION('',(-1.,-1.226948711654E-18,-1.226948711654E-18));
#7811 = ADVANCED_FACE('',(#7812),#7823,.F.);
#7812 = FACE_BOUND('',#7813,.F.);
#7813 = EDGE_LOOP('',(#7814,#7815,#7816,#7817));
#7814 = ORIENTED_EDGE('',*,*,#7793,.F.);
#7815 = ORIENTED_EDGE('',*,*,#6856,.T.);
#7816 = ORIENTED_EDGE('',*,*,#7745,.T.);
#7817 = ORIENTED_EDGE('',*,*,#7818,.F.);
#7818 = EDGE_CURVE('',#7794,#7746,#7819,.T.);
#7819 = LINE('',#7820,#7821);
#7820 = CARTESIAN_POINT('',(0.16,-2.86,-3.));
#7821 = VECTOR('',#7822,1.);
#7822 = DIRECTION('',(0.,1.,0.));
#7823 = PLANE('',#7824);
#7824 = AXIS2_PLACEMENT_3D('',#7825,#7826,#7827);
#7825 = CARTESIAN_POINT('',(0.24,-2.86,-2.92));
#7826 = DIRECTION('',(-0.707106781187,1.735167508357E-18,0.707106781187)
  );
#7827 = DIRECTION('',(1.226948711654E-18,1.,-1.226948711654E-18));
#7828 = ADVANCED_FACE('',(#7829),#7854,.F.);
#7829 = FACE_BOUND('',#7830,.T.);
#7830 = EDGE_LOOP('',(#7831,#7839,#7840,#7848));
#7831 = ORIENTED_EDGE('',*,*,#7832,.F.);
#7832 = EDGE_CURVE('',#6881,#7833,#7835,.T.);
#7833 = VERTEX_POINT('',#7834);
#7834 = CARTESIAN_POINT('',(-0.16,-4.92,-3.));
#7835 = LINE('',#7836,#7837);
#7836 = CARTESIAN_POINT('',(-0.16,-4.92,-3.));
#7837 = VECTOR('',#7838,1.);
#7838 = DIRECTION('',(0.57735026919,-0.57735026919,-0.57735026919));
#7839 = ORIENTED_EDGE('',*,*,#6880,.T.);
#7840 = ORIENTED_EDGE('',*,*,#7841,.T.);
#7841 = EDGE_CURVE('',#6873,#7842,#7844,.T.);
#7842 = VERTEX_POINT('',#7843);
#7843 = CARTESIAN_POINT('',(0.16,-4.92,-3.));
#7844 = LINE('',#7845,#7846);
#7845 = CARTESIAN_POINT('',(5.333333333333E-02,-5.026666666667,
    -3.106666666667));
#7846 = VECTOR('',#7847,1.);
#7847 = DIRECTION('',(-0.57735026919,-0.57735026919,-0.57735026919));
#7848 = ORIENTED_EDGE('',*,*,#7849,.F.);
#7849 = EDGE_CURVE('',#7833,#7842,#7850,.T.);
#7850 = LINE('',#7851,#7852);
#7851 = CARTESIAN_POINT('',(-0.32,-4.92,-3.));
#7852 = VECTOR('',#7853,1.);
#7853 = DIRECTION('',(1.,0.,0.));
#7854 = PLANE('',#7855);
#7855 = AXIS2_PLACEMENT_3D('',#7856,#7857,#7858);
#7856 = CARTESIAN_POINT('',(-0.32,-4.84,-2.92));
#7857 = DIRECTION('',(-1.735167508357E-18,-0.707106781187,0.707106781187
    ));
#7858 = DIRECTION('',(-1.,1.226948711654E-18,-1.226948711654E-18));
#7859 = ADVANCED_FACE('',(#7860),#7878,.T.);
#7860 = FACE_BOUND('',#7861,.T.);
#7861 = EDGE_LOOP('',(#7862,#7870,#7871,#7872));
#7862 = ORIENTED_EDGE('',*,*,#7863,.F.);
#7863 = EDGE_CURVE('',#6904,#7864,#7866,.T.);
#7864 = VERTEX_POINT('',#7865);
#7865 = CARTESIAN_POINT('',(-0.16,-5.24,-3.));
#7866 = LINE('',#7867,#7868);
#7867 = CARTESIAN_POINT('',(-0.266666666667,-5.346666666667,
    -2.893333333333));
#7868 = VECTOR('',#7869,1.);
#7869 = DIRECTION('',(0.57735026919,0.57735026919,-0.57735026919));
#7870 = ORIENTED_EDGE('',*,*,#6911,.T.);
#7871 = ORIENTED_EDGE('',*,*,#7832,.T.);
#7872 = ORIENTED_EDGE('',*,*,#7873,.F.);
#7873 = EDGE_CURVE('',#7864,#7833,#7874,.T.);
#7874 = LINE('',#7875,#7876);
#7875 = CARTESIAN_POINT('',(-0.16,-5.4,-3.));
#7876 = VECTOR('',#7877,1.);
#7877 = DIRECTION('',(0.,1.,0.));
#7878 = PLANE('',#7879);
#7879 = AXIS2_PLACEMENT_3D('',#7880,#7881,#7882);
#7880 = CARTESIAN_POINT('',(-0.24,-5.4,-2.92));
#7881 = DIRECTION('',(-0.707106781187,-1.735167508357E-18,
    -0.707106781187));
#7882 = DIRECTION('',(-1.226948711654E-18,1.,-1.226948711654E-18));
#7883 = ADVANCED_FACE('',(#7884),#7902,.T.);
#7884 = FACE_BOUND('',#7885,.F.);
#7885 = EDGE_LOOP('',(#7886,#7887,#7888,#7896));
#7886 = ORIENTED_EDGE('',*,*,#7863,.F.);
#7887 = ORIENTED_EDGE('',*,*,#6935,.T.);
#7888 = ORIENTED_EDGE('',*,*,#7889,.T.);
#7889 = EDGE_CURVE('',#6928,#7890,#7892,.T.);
#7890 = VERTEX_POINT('',#7891);
#7891 = CARTESIAN_POINT('',(0.16,-5.24,-3.));
#7892 = LINE('',#7893,#7894);
#7893 = CARTESIAN_POINT('',(0.16,-5.24,-3.));
#7894 = VECTOR('',#7895,1.);
#7895 = DIRECTION('',(-0.57735026919,0.57735026919,-0.57735026919));
#7896 = ORIENTED_EDGE('',*,*,#7897,.F.);
#7897 = EDGE_CURVE('',#7864,#7890,#7898,.T.);
#7898 = LINE('',#7899,#7900);
#7899 = CARTESIAN_POINT('',(-0.32,-5.24,-3.));
#7900 = VECTOR('',#7901,1.);
#7901 = DIRECTION('',(1.,0.,0.));
#7902 = PLANE('',#7903);
#7903 = AXIS2_PLACEMENT_3D('',#7904,#7905,#7906);
#7904 = CARTESIAN_POINT('',(-0.32,-5.32,-2.92));
#7905 = DIRECTION('',(1.735167508357E-18,-0.707106781187,-0.707106781187
    ));
#7906 = DIRECTION('',(-1.,-1.226948711654E-18,-1.226948711654E-18));
#7907 = ADVANCED_FACE('',(#7908),#7919,.F.);
#7908 = FACE_BOUND('',#7909,.F.);
#7909 = EDGE_LOOP('',(#7910,#7911,#7912,#7913));
#7910 = ORIENTED_EDGE('',*,*,#7889,.F.);
#7911 = ORIENTED_EDGE('',*,*,#6952,.T.);
#7912 = ORIENTED_EDGE('',*,*,#7841,.T.);
#7913 = ORIENTED_EDGE('',*,*,#7914,.F.);
#7914 = EDGE_CURVE('',#7890,#7842,#7915,.T.);
#7915 = LINE('',#7916,#7917);
#7916 = CARTESIAN_POINT('',(0.16,-5.4,-3.));
#7917 = VECTOR('',#7918,1.);
#7918 = DIRECTION('',(0.,1.,0.));
#7919 = PLANE('',#7920);
#7920 = AXIS2_PLACEMENT_3D('',#7921,#7922,#7923);
#7921 = CARTESIAN_POINT('',(0.24,-5.4,-2.92));
#7922 = DIRECTION('',(-0.707106781187,1.735167508357E-18,0.707106781187)
  );
#7923 = DIRECTION('',(1.226948711654E-18,1.,-1.226948711654E-18));
#7924 = ADVANCED_FACE('',(#7925),#7950,.F.);
#7925 = FACE_BOUND('',#7926,.T.);
#7926 = EDGE_LOOP('',(#7927,#7935,#7936,#7944));
#7927 = ORIENTED_EDGE('',*,*,#7928,.F.);
#7928 = EDGE_CURVE('',#6977,#7929,#7931,.T.);
#7929 = VERTEX_POINT('',#7930);
#7930 = CARTESIAN_POINT('',(-0.16,-10.,-3.));
#7931 = LINE('',#7932,#7933);
#7932 = CARTESIAN_POINT('',(-0.16,-10.,-3.));
#7933 = VECTOR('',#7934,1.);
#7934 = DIRECTION('',(0.57735026919,-0.57735026919,-0.57735026919));
#7935 = ORIENTED_EDGE('',*,*,#6976,.T.);
#7936 = ORIENTED_EDGE('',*,*,#7937,.T.);
#7937 = EDGE_CURVE('',#6969,#7938,#7940,.T.);
#7938 = VERTEX_POINT('',#7939);
#7939 = CARTESIAN_POINT('',(0.16,-10.,-3.));
#7940 = LINE('',#7941,#7942);
#7941 = CARTESIAN_POINT('',(5.333333333333E-02,-10.10666666666,
    -3.106666666667));
#7942 = VECTOR('',#7943,1.);
#7943 = DIRECTION('',(-0.57735026919,-0.57735026919,-0.57735026919));
#7944 = ORIENTED_EDGE('',*,*,#7945,.F.);
#7945 = EDGE_CURVE('',#7929,#7938,#7946,.T.);
#7946 = LINE('',#7947,#7948);
#7947 = CARTESIAN_POINT('',(-0.32,-10.,-3.));
#7948 = VECTOR('',#7949,1.);
#7949 = DIRECTION('',(1.,0.,0.));
#7950 = PLANE('',#7951);
#7951 = AXIS2_PLACEMENT_3D('',#7952,#7953,#7954);
#7952 = CARTESIAN_POINT('',(-0.32,-9.92,-2.92));
#7953 = DIRECTION('',(-1.735167508357E-18,-0.707106781187,0.707106781187
    ));
#7954 = DIRECTION('',(-1.,1.226948711654E-18,-1.226948711654E-18));
#7955 = ADVANCED_FACE('',(#7956),#7974,.T.);
#7956 = FACE_BOUND('',#7957,.T.);
#7957 = EDGE_LOOP('',(#7958,#7966,#7967,#7968));
#7958 = ORIENTED_EDGE('',*,*,#7959,.F.);
#7959 = EDGE_CURVE('',#7000,#7960,#7962,.T.);
#7960 = VERTEX_POINT('',#7961);
#7961 = CARTESIAN_POINT('',(-0.16,-10.32,-3.));
#7962 = LINE('',#7963,#7964);
#7963 = CARTESIAN_POINT('',(-0.266666666667,-10.42666666666,
    -2.893333333333));
#7964 = VECTOR('',#7965,1.);
#7965 = DIRECTION('',(0.57735026919,0.57735026919,-0.57735026919));
#7966 = ORIENTED_EDGE('',*,*,#7007,.T.);
#7967 = ORIENTED_EDGE('',*,*,#7928,.T.);
#7968 = ORIENTED_EDGE('',*,*,#7969,.F.);
#7969 = EDGE_CURVE('',#7960,#7929,#7970,.T.);
#7970 = LINE('',#7971,#7972);
#7971 = CARTESIAN_POINT('',(-0.16,-10.48,-3.));
#7972 = VECTOR('',#7973,1.);
#7973 = DIRECTION('',(0.,1.,0.));
#7974 = PLANE('',#7975);
#7975 = AXIS2_PLACEMENT_3D('',#7976,#7977,#7978);
#7976 = CARTESIAN_POINT('',(-0.24,-10.48,-2.92));
#7977 = DIRECTION('',(-0.707106781187,-1.735167508357E-18,
    -0.707106781187));
#7978 = DIRECTION('',(-1.226948711654E-18,1.,-1.226948711654E-18));
#7979 = ADVANCED_FACE('',(#7980),#7998,.T.);
#7980 = FACE_BOUND('',#7981,.F.);
#7981 = EDGE_LOOP('',(#7982,#7983,#7984,#7992));
#7982 = ORIENTED_EDGE('',*,*,#7959,.F.);
#7983 = ORIENTED_EDGE('',*,*,#7031,.T.);
#7984 = ORIENTED_EDGE('',*,*,#7985,.T.);
#7985 = EDGE_CURVE('',#7024,#7986,#7988,.T.);
#7986 = VERTEX_POINT('',#7987);
#7987 = CARTESIAN_POINT('',(0.16,-10.32,-3.));
#7988 = LINE('',#7989,#7990);
#7989 = CARTESIAN_POINT('',(0.16,-10.32,-3.));
#7990 = VECTOR('',#7991,1.);
#7991 = DIRECTION('',(-0.57735026919,0.57735026919,-0.57735026919));
#7992 = ORIENTED_EDGE('',*,*,#7993,.F.);
#7993 = EDGE_CURVE('',#7960,#7986,#7994,.T.);
#7994 = LINE('',#7995,#7996);
#7995 = CARTESIAN_POINT('',(-0.32,-10.32,-3.));
#7996 = VECTOR('',#7997,1.);
#7997 = DIRECTION('',(1.,0.,0.));
#7998 = PLANE('',#7999);
#7999 = AXIS2_PLACEMENT_3D('',#8000,#8001,#8002);
#8000 = CARTESIAN_POINT('',(-0.32,-10.4,-2.92));
#8001 = DIRECTION('',(1.735167508357E-18,-0.707106781187,-0.707106781187
    ));
#8002 = DIRECTION('',(-1.,-1.226948711654E-18,-1.226948711654E-18));
#8003 = ADVANCED_FACE('',(#8004),#8015,.F.);
#8004 = FACE_BOUND('',#8005,.F.);
#8005 = EDGE_LOOP('',(#8006,#8007,#8008,#8009));
#8006 = ORIENTED_EDGE('',*,*,#7985,.F.);
#8007 = ORIENTED_EDGE('',*,*,#7048,.T.);
#8008 = ORIENTED_EDGE('',*,*,#7937,.T.);
#8009 = ORIENTED_EDGE('',*,*,#8010,.F.);
#8010 = EDGE_CURVE('',#7986,#7938,#8011,.T.);
#8011 = LINE('',#8012,#8013);
#8012 = CARTESIAN_POINT('',(0.16,-10.48,-3.));
#8013 = VECTOR('',#8014,1.);
#8014 = DIRECTION('',(0.,1.,0.));
#8015 = PLANE('',#8016);
#8016 = AXIS2_PLACEMENT_3D('',#8017,#8018,#8019);
#8017 = CARTESIAN_POINT('',(0.24,-10.48,-2.92));
#8018 = DIRECTION('',(-0.707106781187,1.735167508357E-18,0.707106781187)
  );
#8019 = DIRECTION('',(1.226948711654E-18,1.,-1.226948711654E-18));
#8020 = ADVANCED_FACE('',(#8021),#8046,.T.);
#8021 = FACE_BOUND('',#8022,.F.);
#8022 = EDGE_LOOP('',(#8023,#8031,#8032,#8040));
#8023 = ORIENTED_EDGE('',*,*,#8024,.F.);
#8024 = EDGE_CURVE('',#7073,#8025,#8027,.T.);
#8025 = VERTEX_POINT('',#8026);
#8026 = CARTESIAN_POINT('',(-0.16,-7.78,-3.));
#8027 = LINE('',#8028,#8029);
#8028 = CARTESIAN_POINT('',(-0.266666666667,-7.886666666667,
    -2.893333333333));
#8029 = VECTOR('',#8030,1.);
#8030 = DIRECTION('',(0.57735026919,0.57735026919,-0.57735026919));
#8031 = ORIENTED_EDGE('',*,*,#7072,.T.);
#8032 = ORIENTED_EDGE('',*,*,#8033,.T.);
#8033 = EDGE_CURVE('',#7065,#8034,#8036,.T.);
#8034 = VERTEX_POINT('',#8035);
#8035 = CARTESIAN_POINT('',(0.16,-7.78,-3.));
#8036 = LINE('',#8037,#8038);
#8037 = CARTESIAN_POINT('',(0.16,-7.78,-3.));
#8038 = VECTOR('',#8039,1.);
#8039 = DIRECTION('',(-0.57735026919,0.57735026919,-0.57735026919));
#8040 = ORIENTED_EDGE('',*,*,#8041,.F.);
#8041 = EDGE_CURVE('',#8025,#8034,#8042,.T.);
#8042 = LINE('',#8043,#8044);
#8043 = CARTESIAN_POINT('',(-0.32,-7.78,-3.));
#8044 = VECTOR('',#8045,1.);
#8045 = DIRECTION('',(1.,0.,0.));
#8046 = PLANE('',#8047);
#8047 = AXIS2_PLACEMENT_3D('',#8048,#8049,#8050);
#8048 = CARTESIAN_POINT('',(-0.32,-7.86,-2.92));
#8049 = DIRECTION('',(1.735167508357E-18,-0.707106781187,-0.707106781187
    ));
#8050 = DIRECTION('',(-1.,-1.226948711654E-18,-1.226948711654E-18));
#8051 = ADVANCED_FACE('',(#8052),#8070,.F.);
#8052 = FACE_BOUND('',#8053,.F.);
#8053 = EDGE_LOOP('',(#8054,#8055,#8056,#8064));
#8054 = ORIENTED_EDGE('',*,*,#8033,.F.);
#8055 = ORIENTED_EDGE('',*,*,#7096,.T.);
#8056 = ORIENTED_EDGE('',*,*,#8057,.T.);
#8057 = EDGE_CURVE('',#7097,#8058,#8060,.T.);
#8058 = VERTEX_POINT('',#8059);
#8059 = CARTESIAN_POINT('',(0.16,-7.46,-3.));
#8060 = LINE('',#8061,#8062);
#8061 = CARTESIAN_POINT('',(5.333333333333E-02,-7.566666666667,
    -3.106666666667));
#8062 = VECTOR('',#8063,1.);
#8063 = DIRECTION('',(-0.57735026919,-0.57735026919,-0.57735026919));
#8064 = ORIENTED_EDGE('',*,*,#8065,.F.);
#8065 = EDGE_CURVE('',#8034,#8058,#8066,.T.);
#8066 = LINE('',#8067,#8068);
#8067 = CARTESIAN_POINT('',(0.16,-7.94,-3.));
#8068 = VECTOR('',#8069,1.);
#8069 = DIRECTION('',(0.,1.,0.));
#8070 = PLANE('',#8071);
#8071 = AXIS2_PLACEMENT_3D('',#8072,#8073,#8074);
#8072 = CARTESIAN_POINT('',(0.24,-7.94,-2.92));
#8073 = DIRECTION('',(-0.707106781187,1.735167508357E-18,0.707106781187)
  );
#8074 = DIRECTION('',(1.226948711654E-18,1.,-1.226948711654E-18));
#8075 = ADVANCED_FACE('',(#8076),#8094,.F.);
#8076 = FACE_BOUND('',#8077,.T.);
#8077 = EDGE_LOOP('',(#8078,#8086,#8087,#8088));
#8078 = ORIENTED_EDGE('',*,*,#8079,.F.);
#8079 = EDGE_CURVE('',#7121,#8080,#8082,.T.);
#8080 = VERTEX_POINT('',#8081);
#8081 = CARTESIAN_POINT('',(-0.16,-7.46,-3.));
#8082 = LINE('',#8083,#8084);
#8083 = CARTESIAN_POINT('',(-0.16,-7.46,-3.));
#8084 = VECTOR('',#8085,1.);
#8085 = DIRECTION('',(0.57735026919,-0.57735026919,-0.57735026919));
#8086 = ORIENTED_EDGE('',*,*,#7120,.T.);
#8087 = ORIENTED_EDGE('',*,*,#8057,.T.);
#8088 = ORIENTED_EDGE('',*,*,#8089,.F.);
#8089 = EDGE_CURVE('',#8080,#8058,#8090,.T.);
#8090 = LINE('',#8091,#8092);
#8091 = CARTESIAN_POINT('',(-0.32,-7.46,-3.));
#8092 = VECTOR('',#8093,1.);
#8093 = DIRECTION('',(1.,0.,0.));
#8094 = PLANE('',#8095);
#8095 = AXIS2_PLACEMENT_3D('',#8096,#8097,#8098);
#8096 = CARTESIAN_POINT('',(-0.32,-7.38,-2.92));
#8097 = DIRECTION('',(-1.735167508357E-18,-0.707106781187,0.707106781187
    ));
#8098 = DIRECTION('',(-1.,1.226948711654E-18,-1.226948711654E-18));
#8099 = ADVANCED_FACE('',(#8100),#8111,.T.);
#8100 = FACE_BOUND('',#8101,.T.);
#8101 = EDGE_LOOP('',(#8102,#8103,#8104,#8105));
#8102 = ORIENTED_EDGE('',*,*,#8024,.F.);
#8103 = ORIENTED_EDGE('',*,*,#7144,.T.);
#8104 = ORIENTED_EDGE('',*,*,#8079,.T.);
#8105 = ORIENTED_EDGE('',*,*,#8106,.F.);
#8106 = EDGE_CURVE('',#8025,#8080,#8107,.T.);
#8107 = LINE('',#8108,#8109);
#8108 = CARTESIAN_POINT('',(-0.16,-7.94,-3.));
#8109 = VECTOR('',#8110,1.);
#8110 = DIRECTION('',(0.,1.,0.));
#8111 = PLANE('',#8112);
#8112 = AXIS2_PLACEMENT_3D('',#8113,#8114,#8115);
#8113 = CARTESIAN_POINT('',(-0.24,-7.94,-2.92));
#8114 = DIRECTION('',(-0.707106781187,-1.735167508357E-18,
    -0.707106781187));
#8115 = DIRECTION('',(-1.226948711654E-18,1.,-1.226948711654E-18));
#8116 = ADVANCED_FACE('',(#8117),#8142,.T.);
#8117 = FACE_BOUND('',#8118,.T.);
#8118 = EDGE_LOOP('',(#8119,#8127,#8128,#8136));
#8119 = ORIENTED_EDGE('',*,*,#8120,.F.);
#8120 = EDGE_CURVE('',#7161,#8121,#8123,.T.);
#8121 = VERTEX_POINT('',#8122);
#8122 = CARTESIAN_POINT('',(0.16,-0.16,8.54));
#8123 = LINE('',#8124,#8125);
#8124 = CARTESIAN_POINT('',(0.16,-0.16,8.54));
#8125 = VECTOR('',#8126,1.);
#8126 = DIRECTION('',(-0.57735026919,0.57735026919,0.57735026919));
#8127 = ORIENTED_EDGE('',*,*,#7177,.T.);
#8128 = ORIENTED_EDGE('',*,*,#8129,.T.);
#8129 = EDGE_CURVE('',#7170,#8130,#8132,.T.);
#8130 = VERTEX_POINT('',#8131);
#8131 = CARTESIAN_POINT('',(0.16,0.16,8.54));
#8132 = LINE('',#8133,#8134);
#8133 = CARTESIAN_POINT('',(5.333333333333E-02,5.333333333333E-02,
    8.646666666667));
#8134 = VECTOR('',#8135,1.);
#8135 = DIRECTION('',(-0.57735026919,-0.57735026919,0.57735026919));
#8136 = ORIENTED_EDGE('',*,*,#8137,.F.);
#8137 = EDGE_CURVE('',#8121,#8130,#8138,.T.);
#8138 = LINE('',#8139,#8140);
#8139 = CARTESIAN_POINT('',(0.16,-0.32,8.54));
#8140 = VECTOR('',#8141,1.);
#8141 = DIRECTION('',(0.,1.,0.));
#8142 = PLANE('',#8143);
#8143 = AXIS2_PLACEMENT_3D('',#8144,#8145,#8146);
#8144 = CARTESIAN_POINT('',(0.24,-0.32,8.46));
#8145 = DIRECTION('',(0.707106781187,-1.735167508357E-18,0.707106781187)
  );
#8146 = DIRECTION('',(1.226948711654E-18,1.,1.226948711654E-18));
#8147 = ADVANCED_FACE('',(#8148),#8166,.T.);
#8148 = FACE_BOUND('',#8149,.F.);
#8149 = EDGE_LOOP('',(#8150,#8158,#8159,#8160));
#8150 = ORIENTED_EDGE('',*,*,#8151,.F.);
#8151 = EDGE_CURVE('',#7194,#8152,#8154,.T.);
#8152 = VERTEX_POINT('',#8153);
#8153 = CARTESIAN_POINT('',(-0.16,0.16,8.54));
#8154 = LINE('',#8155,#8156);
#8155 = CARTESIAN_POINT('',(-0.16,0.16,8.54));
#8156 = VECTOR('',#8157,1.);
#8157 = DIRECTION('',(0.57735026919,-0.57735026919,0.57735026919));
#8158 = ORIENTED_EDGE('',*,*,#7201,.T.);
#8159 = ORIENTED_EDGE('',*,*,#8129,.T.);
#8160 = ORIENTED_EDGE('',*,*,#8161,.F.);
#8161 = EDGE_CURVE('',#8152,#8130,#8162,.T.);
#8162 = LINE('',#8163,#8164);
#8163 = CARTESIAN_POINT('',(-0.32,0.16,8.54));
#8164 = VECTOR('',#8165,1.);
#8165 = DIRECTION('',(1.,0.,0.));
#8166 = PLANE('',#8167);
#8167 = AXIS2_PLACEMENT_3D('',#8168,#8169,#8170);
#8168 = CARTESIAN_POINT('',(-0.32,0.24,8.46));
#8169 = DIRECTION('',(1.735167508357E-18,0.707106781187,0.707106781187)
  );
#8170 = DIRECTION('',(-1.,1.226948711654E-18,1.226948711654E-18));
#8171 = ADVANCED_FACE('',(#8172),#8190,.F.);
#8172 = FACE_BOUND('',#8173,.F.);
#8173 = EDGE_LOOP('',(#8174,#8182,#8183,#8184));
#8174 = ORIENTED_EDGE('',*,*,#8175,.F.);
#8175 = EDGE_CURVE('',#7216,#8176,#8178,.T.);
#8176 = VERTEX_POINT('',#8177);
#8177 = CARTESIAN_POINT('',(-0.16,-0.16,8.54));
#8178 = LINE('',#8179,#8180);
#8179 = CARTESIAN_POINT('',(-0.266666666667,-0.266666666667,
    8.433333333333));
#8180 = VECTOR('',#8181,1.);
#8181 = DIRECTION('',(0.57735026919,0.57735026919,0.57735026919));
#8182 = ORIENTED_EDGE('',*,*,#7225,.T.);
#8183 = ORIENTED_EDGE('',*,*,#8151,.T.);
#8184 = ORIENTED_EDGE('',*,*,#8185,.F.);
#8185 = EDGE_CURVE('',#8176,#8152,#8186,.T.);
#8186 = LINE('',#8187,#8188);
#8187 = CARTESIAN_POINT('',(-0.16,-0.32,8.54));
#8188 = VECTOR('',#8189,1.);
#8189 = DIRECTION('',(0.,1.,0.));
#8190 = PLANE('',#8191);
#8191 = AXIS2_PLACEMENT_3D('',#8192,#8193,#8194);
#8192 = CARTESIAN_POINT('',(-0.24,-0.32,8.46));
#8193 = DIRECTION('',(0.707106781187,1.735167508357E-18,-0.707106781187)
  );
#8194 = DIRECTION('',(-1.226948711654E-18,1.,1.226948711654E-18));
#8195 = ADVANCED_FACE('',(#8196),#8207,.F.);
#8196 = FACE_BOUND('',#8197,.T.);
#8197 = EDGE_LOOP('',(#8198,#8199,#8200,#8201));
#8198 = ORIENTED_EDGE('',*,*,#8175,.F.);
#8199 = ORIENTED_EDGE('',*,*,#7242,.T.);
#8200 = ORIENTED_EDGE('',*,*,#8120,.T.);
#8201 = ORIENTED_EDGE('',*,*,#8202,.F.);
#8202 = EDGE_CURVE('',#8176,#8121,#8203,.T.);
#8203 = LINE('',#8204,#8205);
#8204 = CARTESIAN_POINT('',(-0.32,-0.16,8.54));
#8205 = VECTOR('',#8206,1.);
#8206 = DIRECTION('',(1.,0.,0.));
#8207 = PLANE('',#8208);
#8208 = AXIS2_PLACEMENT_3D('',#8209,#8210,#8211);
#8209 = CARTESIAN_POINT('',(-0.32,-0.24,8.46));
#8210 = DIRECTION('',(-1.735167508357E-18,0.707106781187,-0.707106781187
    ));
#8211 = DIRECTION('',(-1.,-1.226948711654E-18,1.226948711654E-18));
#8212 = ADVANCED_FACE('',(#8213),#8238,.T.);
#8213 = FACE_BOUND('',#8214,.F.);
#8214 = EDGE_LOOP('',(#8215,#8223,#8224,#8232));
#8215 = ORIENTED_EDGE('',*,*,#8216,.F.);
#8216 = EDGE_CURVE('',#7266,#8217,#8219,.T.);
#8217 = VERTEX_POINT('',#8218);
#8218 = CARTESIAN_POINT('',(-0.16,-2.38,8.54));
#8219 = LINE('',#8220,#8221);
#8220 = CARTESIAN_POINT('',(-0.16,-2.38,8.54));
#8221 = VECTOR('',#8222,1.);
#8222 = DIRECTION('',(0.57735026919,-0.57735026919,0.57735026919));
#8223 = ORIENTED_EDGE('',*,*,#7273,.T.);
#8224 = ORIENTED_EDGE('',*,*,#8225,.T.);
#8225 = EDGE_CURVE('',#7257,#8226,#8228,.T.);
#8226 = VERTEX_POINT('',#8227);
#8227 = CARTESIAN_POINT('',(0.16,-2.38,8.54));
#8228 = LINE('',#8229,#8230);
#8229 = CARTESIAN_POINT('',(5.333333333333E-02,-2.486666666667,
    8.646666666667));
#8230 = VECTOR('',#8231,1.);
#8231 = DIRECTION('',(-0.57735026919,-0.57735026919,0.57735026919));
#8232 = ORIENTED_EDGE('',*,*,#8233,.F.);
#8233 = EDGE_CURVE('',#8217,#8226,#8234,.T.);
#8234 = LINE('',#8235,#8236);
#8235 = CARTESIAN_POINT('',(-0.32,-2.38,8.54));
#8236 = VECTOR('',#8237,1.);
#8237 = DIRECTION('',(1.,0.,0.));
#8238 = PLANE('',#8239);
#8239 = AXIS2_PLACEMENT_3D('',#8240,#8241,#8242);
#8240 = CARTESIAN_POINT('',(-0.32,-2.3,8.46));
#8241 = DIRECTION('',(1.735167508357E-18,0.707106781187,0.707106781187)
  );
#8242 = DIRECTION('',(-1.,1.226948711654E-18,1.226948711654E-18));
#8243 = ADVANCED_FACE('',(#8244),#8262,.F.);
#8244 = FACE_BOUND('',#8245,.F.);
#8245 = EDGE_LOOP('',(#8246,#8254,#8255,#8256));
#8246 = ORIENTED_EDGE('',*,*,#8247,.F.);
#8247 = EDGE_CURVE('',#7288,#8248,#8250,.T.);
#8248 = VERTEX_POINT('',#8249);
#8249 = CARTESIAN_POINT('',(-0.16,-2.7,8.54));
#8250 = LINE('',#8251,#8252);
#8251 = CARTESIAN_POINT('',(-0.266666666667,-2.806666666667,
    8.433333333333));
#8252 = VECTOR('',#8253,1.);
#8253 = DIRECTION('',(0.57735026919,0.57735026919,0.57735026919));
#8254 = ORIENTED_EDGE('',*,*,#7297,.T.);
#8255 = ORIENTED_EDGE('',*,*,#8216,.T.);
#8256 = ORIENTED_EDGE('',*,*,#8257,.F.);
#8257 = EDGE_CURVE('',#8248,#8217,#8258,.T.);
#8258 = LINE('',#8259,#8260);
#8259 = CARTESIAN_POINT('',(-0.16,-2.86,8.54));
#8260 = VECTOR('',#8261,1.);
#8261 = DIRECTION('',(0.,1.,0.));
#8262 = PLANE('',#8263);
#8263 = AXIS2_PLACEMENT_3D('',#8264,#8265,#8266);
#8264 = CARTESIAN_POINT('',(-0.24,-2.86,8.46));
#8265 = DIRECTION('',(0.707106781187,1.735167508357E-18,-0.707106781187)
  );
#8266 = DIRECTION('',(-1.226948711654E-18,1.,1.226948711654E-18));
#8267 = ADVANCED_FACE('',(#8268),#8286,.F.);
#8268 = FACE_BOUND('',#8269,.T.);
#8269 = EDGE_LOOP('',(#8270,#8271,#8272,#8280));
#8270 = ORIENTED_EDGE('',*,*,#8247,.F.);
#8271 = ORIENTED_EDGE('',*,*,#7321,.T.);
#8272 = ORIENTED_EDGE('',*,*,#8273,.T.);
#8273 = EDGE_CURVE('',#7312,#8274,#8276,.T.);
#8274 = VERTEX_POINT('',#8275);
#8275 = CARTESIAN_POINT('',(0.16,-2.7,8.54));
#8276 = LINE('',#8277,#8278);
#8277 = CARTESIAN_POINT('',(0.16,-2.7,8.54));
#8278 = VECTOR('',#8279,1.);
#8279 = DIRECTION('',(-0.57735026919,0.57735026919,0.57735026919));
#8280 = ORIENTED_EDGE('',*,*,#8281,.F.);
#8281 = EDGE_CURVE('',#8248,#8274,#8282,.T.);
#8282 = LINE('',#8283,#8284);
#8283 = CARTESIAN_POINT('',(-0.32,-2.7,8.54));
#8284 = VECTOR('',#8285,1.);
#8285 = DIRECTION('',(1.,0.,0.));
#8286 = PLANE('',#8287);
#8287 = AXIS2_PLACEMENT_3D('',#8288,#8289,#8290);
#8288 = CARTESIAN_POINT('',(-0.32,-2.78,8.46));
#8289 = DIRECTION('',(-1.735167508357E-18,0.707106781187,-0.707106781187
    ));
#8290 = DIRECTION('',(-1.,-1.226948711654E-18,1.226948711654E-18));
#8291 = ADVANCED_FACE('',(#8292),#8303,.T.);
#8292 = FACE_BOUND('',#8293,.T.);
#8293 = EDGE_LOOP('',(#8294,#8295,#8296,#8297));
#8294 = ORIENTED_EDGE('',*,*,#8273,.F.);
#8295 = ORIENTED_EDGE('',*,*,#7338,.T.);
#8296 = ORIENTED_EDGE('',*,*,#8225,.T.);
#8297 = ORIENTED_EDGE('',*,*,#8298,.F.);
#8298 = EDGE_CURVE('',#8274,#8226,#8299,.T.);
#8299 = LINE('',#8300,#8301);
#8300 = CARTESIAN_POINT('',(0.16,-2.86,8.54));
#8301 = VECTOR('',#8302,1.);
#8302 = DIRECTION('',(0.,1.,0.));
#8303 = PLANE('',#8304);
#8304 = AXIS2_PLACEMENT_3D('',#8305,#8306,#8307);
#8305 = CARTESIAN_POINT('',(0.24,-2.86,8.46));
#8306 = DIRECTION('',(0.707106781187,-1.735167508357E-18,0.707106781187)
  );
#8307 = DIRECTION('',(1.226948711654E-18,1.,1.226948711654E-18));
#8308 = ADVANCED_FACE('',(#8309),#8334,.T.);
#8309 = FACE_BOUND('',#8310,.F.);
#8310 = EDGE_LOOP('',(#8311,#8319,#8320,#8328));
#8311 = ORIENTED_EDGE('',*,*,#8312,.F.);
#8312 = EDGE_CURVE('',#7362,#8313,#8315,.T.);
#8313 = VERTEX_POINT('',#8314);
#8314 = CARTESIAN_POINT('',(-0.16,-4.92,8.54));
#8315 = LINE('',#8316,#8317);
#8316 = CARTESIAN_POINT('',(-0.16,-4.92,8.54));
#8317 = VECTOR('',#8318,1.);
#8318 = DIRECTION('',(0.57735026919,-0.57735026919,0.57735026919));
#8319 = ORIENTED_EDGE('',*,*,#7369,.T.);
#8320 = ORIENTED_EDGE('',*,*,#8321,.T.);
#8321 = EDGE_CURVE('',#7353,#8322,#8324,.T.);
#8322 = VERTEX_POINT('',#8323);
#8323 = CARTESIAN_POINT('',(0.16,-4.92,8.54));
#8324 = LINE('',#8325,#8326);
#8325 = CARTESIAN_POINT('',(5.333333333333E-02,-5.026666666667,
    8.646666666667));
#8326 = VECTOR('',#8327,1.);
#8327 = DIRECTION('',(-0.57735026919,-0.57735026919,0.57735026919));
#8328 = ORIENTED_EDGE('',*,*,#8329,.F.);
#8329 = EDGE_CURVE('',#8313,#8322,#8330,.T.);
#8330 = LINE('',#8331,#8332);
#8331 = CARTESIAN_POINT('',(-0.32,-4.92,8.54));
#8332 = VECTOR('',#8333,1.);
#8333 = DIRECTION('',(1.,0.,0.));
#8334 = PLANE('',#8335);
#8335 = AXIS2_PLACEMENT_3D('',#8336,#8337,#8338);
#8336 = CARTESIAN_POINT('',(-0.32,-4.84,8.46));
#8337 = DIRECTION('',(1.735167508357E-18,0.707106781187,0.707106781187)
  );
#8338 = DIRECTION('',(-1.,1.226948711654E-18,1.226948711654E-18));
#8339 = ADVANCED_FACE('',(#8340),#8358,.F.);
#8340 = FACE_BOUND('',#8341,.F.);
#8341 = EDGE_LOOP('',(#8342,#8350,#8351,#8352));
#8342 = ORIENTED_EDGE('',*,*,#8343,.F.);
#8343 = EDGE_CURVE('',#7384,#8344,#8346,.T.);
#8344 = VERTEX_POINT('',#8345);
#8345 = CARTESIAN_POINT('',(-0.16,-5.24,8.54));
#8346 = LINE('',#8347,#8348);
#8347 = CARTESIAN_POINT('',(-0.266666666667,-5.346666666667,
    8.433333333333));
#8348 = VECTOR('',#8349,1.);
#8349 = DIRECTION('',(0.57735026919,0.57735026919,0.57735026919));
#8350 = ORIENTED_EDGE('',*,*,#7393,.T.);
#8351 = ORIENTED_EDGE('',*,*,#8312,.T.);
#8352 = ORIENTED_EDGE('',*,*,#8353,.F.);
#8353 = EDGE_CURVE('',#8344,#8313,#8354,.T.);
#8354 = LINE('',#8355,#8356);
#8355 = CARTESIAN_POINT('',(-0.16,-5.4,8.54));
#8356 = VECTOR('',#8357,1.);
#8357 = DIRECTION('',(0.,1.,0.));
#8358 = PLANE('',#8359);
#8359 = AXIS2_PLACEMENT_3D('',#8360,#8361,#8362);
#8360 = CARTESIAN_POINT('',(-0.24,-5.4,8.46));
#8361 = DIRECTION('',(0.707106781187,1.735167508357E-18,-0.707106781187)
  );
#8362 = DIRECTION('',(-1.226948711654E-18,1.,1.226948711654E-18));
#8363 = ADVANCED_FACE('',(#8364),#8382,.F.);
#8364 = FACE_BOUND('',#8365,.T.);
#8365 = EDGE_LOOP('',(#8366,#8367,#8368,#8376));
#8366 = ORIENTED_EDGE('',*,*,#8343,.F.);
#8367 = ORIENTED_EDGE('',*,*,#7417,.T.);
#8368 = ORIENTED_EDGE('',*,*,#8369,.T.);
#8369 = EDGE_CURVE('',#7408,#8370,#8372,.T.);
#8370 = VERTEX_POINT('',#8371);
#8371 = CARTESIAN_POINT('',(0.16,-5.24,8.54));
#8372 = LINE('',#8373,#8374);
#8373 = CARTESIAN_POINT('',(0.16,-5.24,8.54));
#8374 = VECTOR('',#8375,1.);
#8375 = DIRECTION('',(-0.57735026919,0.57735026919,0.57735026919));
#8376 = ORIENTED_EDGE('',*,*,#8377,.F.);
#8377 = EDGE_CURVE('',#8344,#8370,#8378,.T.);
#8378 = LINE('',#8379,#8380);
#8379 = CARTESIAN_POINT('',(-0.32,-5.24,8.54));
#8380 = VECTOR('',#8381,1.);
#8381 = DIRECTION('',(1.,0.,0.));
#8382 = PLANE('',#8383);
#8383 = AXIS2_PLACEMENT_3D('',#8384,#8385,#8386);
#8384 = CARTESIAN_POINT('',(-0.32,-5.32,8.46));
#8385 = DIRECTION('',(-1.735167508357E-18,0.707106781187,-0.707106781187
    ));
#8386 = DIRECTION('',(-1.,-1.226948711654E-18,1.226948711654E-18));
#8387 = ADVANCED_FACE('',(#8388),#8399,.T.);
#8388 = FACE_BOUND('',#8389,.T.);
#8389 = EDGE_LOOP('',(#8390,#8391,#8392,#8393));
#8390 = ORIENTED_EDGE('',*,*,#8369,.F.);
#8391 = ORIENTED_EDGE('',*,*,#7434,.T.);
#8392 = ORIENTED_EDGE('',*,*,#8321,.T.);
#8393 = ORIENTED_EDGE('',*,*,#8394,.F.);
#8394 = EDGE_CURVE('',#8370,#8322,#8395,.T.);
#8395 = LINE('',#8396,#8397);
#8396 = CARTESIAN_POINT('',(0.16,-5.4,8.54));
#8397 = VECTOR('',#8398,1.);
#8398 = DIRECTION('',(0.,1.,0.));
#8399 = PLANE('',#8400);
#8400 = AXIS2_PLACEMENT_3D('',#8401,#8402,#8403);
#8401 = CARTESIAN_POINT('',(0.24,-5.4,8.46));
#8402 = DIRECTION('',(0.707106781187,-1.735167508357E-18,0.707106781187)
  );
#8403 = DIRECTION('',(1.226948711654E-18,1.,1.226948711654E-18));
#8404 = ADVANCED_FACE('',(#8405),#8430,.T.);
#8405 = FACE_BOUND('',#8406,.F.);
#8406 = EDGE_LOOP('',(#8407,#8415,#8416,#8424));
#8407 = ORIENTED_EDGE('',*,*,#8408,.F.);
#8408 = EDGE_CURVE('',#7458,#8409,#8411,.T.);
#8409 = VERTEX_POINT('',#8410);
#8410 = CARTESIAN_POINT('',(-0.16,-10.,8.54));
#8411 = LINE('',#8412,#8413);
#8412 = CARTESIAN_POINT('',(-0.16,-10.,8.54));
#8413 = VECTOR('',#8414,1.);
#8414 = DIRECTION('',(0.57735026919,-0.57735026919,0.57735026919));
#8415 = ORIENTED_EDGE('',*,*,#7465,.T.);
#8416 = ORIENTED_EDGE('',*,*,#8417,.T.);
#8417 = EDGE_CURVE('',#7449,#8418,#8420,.T.);
#8418 = VERTEX_POINT('',#8419);
#8419 = CARTESIAN_POINT('',(0.16,-10.,8.54));
#8420 = LINE('',#8421,#8422);
#8421 = CARTESIAN_POINT('',(5.333333333333E-02,-10.10666666666,
    8.646666666667));
#8422 = VECTOR('',#8423,1.);
#8423 = DIRECTION('',(-0.57735026919,-0.57735026919,0.57735026919));
#8424 = ORIENTED_EDGE('',*,*,#8425,.F.);
#8425 = EDGE_CURVE('',#8409,#8418,#8426,.T.);
#8426 = LINE('',#8427,#8428);
#8427 = CARTESIAN_POINT('',(-0.32,-10.,8.54));
#8428 = VECTOR('',#8429,1.);
#8429 = DIRECTION('',(1.,0.,0.));
#8430 = PLANE('',#8431);
#8431 = AXIS2_PLACEMENT_3D('',#8432,#8433,#8434);
#8432 = CARTESIAN_POINT('',(-0.32,-9.92,8.46));
#8433 = DIRECTION('',(1.735167508357E-18,0.707106781187,0.707106781187)
  );
#8434 = DIRECTION('',(-1.,1.226948711654E-18,1.226948711654E-18));
#8435 = ADVANCED_FACE('',(#8436),#8454,.F.);
#8436 = FACE_BOUND('',#8437,.F.);
#8437 = EDGE_LOOP('',(#8438,#8446,#8447,#8448));
#8438 = ORIENTED_EDGE('',*,*,#8439,.F.);
#8439 = EDGE_CURVE('',#7480,#8440,#8442,.T.);
#8440 = VERTEX_POINT('',#8441);
#8441 = CARTESIAN_POINT('',(-0.16,-10.32,8.54));
#8442 = LINE('',#8443,#8444);
#8443 = CARTESIAN_POINT('',(-0.266666666667,-10.42666666666,
    8.433333333333));
#8444 = VECTOR('',#8445,1.);
#8445 = DIRECTION('',(0.57735026919,0.57735026919,0.57735026919));
#8446 = ORIENTED_EDGE('',*,*,#7489,.T.);
#8447 = ORIENTED_EDGE('',*,*,#8408,.T.);
#8448 = ORIENTED_EDGE('',*,*,#8449,.F.);
#8449 = EDGE_CURVE('',#8440,#8409,#8450,.T.);
#8450 = LINE('',#8451,#8452);
#8451 = CARTESIAN_POINT('',(-0.16,-10.48,8.54));
#8452 = VECTOR('',#8453,1.);
#8453 = DIRECTION('',(0.,1.,0.));
#8454 = PLANE('',#8455);
#8455 = AXIS2_PLACEMENT_3D('',#8456,#8457,#8458);
#8456 = CARTESIAN_POINT('',(-0.24,-10.48,8.46));
#8457 = DIRECTION('',(0.707106781187,1.735167508357E-18,-0.707106781187)
  );
#8458 = DIRECTION('',(-1.226948711654E-18,1.,1.226948711654E-18));
#8459 = ADVANCED_FACE('',(#8460),#8478,.F.);
#8460 = FACE_BOUND('',#8461,.T.);
#8461 = EDGE_LOOP('',(#8462,#8463,#8464,#8472));
#8462 = ORIENTED_EDGE('',*,*,#8439,.F.);
#8463 = ORIENTED_EDGE('',*,*,#7513,.T.);
#8464 = ORIENTED_EDGE('',*,*,#8465,.T.);
#8465 = EDGE_CURVE('',#7504,#8466,#8468,.T.);
#8466 = VERTEX_POINT('',#8467);
#8467 = CARTESIAN_POINT('',(0.16,-10.32,8.54));
#8468 = LINE('',#8469,#8470);
#8469 = CARTESIAN_POINT('',(0.16,-10.32,8.54));
#8470 = VECTOR('',#8471,1.);
#8471 = DIRECTION('',(-0.57735026919,0.57735026919,0.57735026919));
#8472 = ORIENTED_EDGE('',*,*,#8473,.F.);
#8473 = EDGE_CURVE('',#8440,#8466,#8474,.T.);
#8474 = LINE('',#8475,#8476);
#8475 = CARTESIAN_POINT('',(-0.32,-10.32,8.54));
#8476 = VECTOR('',#8477,1.);
#8477 = DIRECTION('',(1.,0.,0.));
#8478 = PLANE('',#8479);
#8479 = AXIS2_PLACEMENT_3D('',#8480,#8481,#8482);
#8480 = CARTESIAN_POINT('',(-0.32,-10.4,8.46));
#8481 = DIRECTION('',(-1.735167508357E-18,0.707106781187,-0.707106781187
    ));
#8482 = DIRECTION('',(-1.,-1.226948711654E-18,1.226948711654E-18));
#8483 = ADVANCED_FACE('',(#8484),#8495,.T.);
#8484 = FACE_BOUND('',#8485,.T.);
#8485 = EDGE_LOOP('',(#8486,#8487,#8488,#8489));
#8486 = ORIENTED_EDGE('',*,*,#8465,.F.);
#8487 = ORIENTED_EDGE('',*,*,#7530,.T.);
#8488 = ORIENTED_EDGE('',*,*,#8417,.T.);
#8489 = ORIENTED_EDGE('',*,*,#8490,.F.);
#8490 = EDGE_CURVE('',#8466,#8418,#8491,.T.);
#8491 = LINE('',#8492,#8493);
#8492 = CARTESIAN_POINT('',(0.16,-10.48,8.54));
#8493 = VECTOR('',#8494,1.);
#8494 = DIRECTION('',(0.,1.,0.));
#8495 = PLANE('',#8496);
#8496 = AXIS2_PLACEMENT_3D('',#8497,#8498,#8499);
#8497 = CARTESIAN_POINT('',(0.24,-10.48,8.46));
#8498 = DIRECTION('',(0.707106781187,-1.735167508357E-18,0.707106781187)
  );
#8499 = DIRECTION('',(1.226948711654E-18,1.,1.226948711654E-18));
#8500 = ADVANCED_FACE('',(#8501),#8526,.F.);
#8501 = FACE_BOUND('',#8502,.T.);
#8502 = EDGE_LOOP('',(#8503,#8511,#8512,#8520));
#8503 = ORIENTED_EDGE('',*,*,#8504,.F.);
#8504 = EDGE_CURVE('',#7554,#8505,#8507,.T.);
#8505 = VERTEX_POINT('',#8506);
#8506 = CARTESIAN_POINT('',(-0.16,-7.78,8.54));
#8507 = LINE('',#8508,#8509);
#8508 = CARTESIAN_POINT('',(-0.266666666667,-7.886666666667,
    8.433333333333));
#8509 = VECTOR('',#8510,1.);
#8510 = DIRECTION('',(0.57735026919,0.57735026919,0.57735026919));
#8511 = ORIENTED_EDGE('',*,*,#7561,.T.);
#8512 = ORIENTED_EDGE('',*,*,#8513,.T.);
#8513 = EDGE_CURVE('',#7545,#8514,#8516,.T.);
#8514 = VERTEX_POINT('',#8515);
#8515 = CARTESIAN_POINT('',(0.16,-7.78,8.54));
#8516 = LINE('',#8517,#8518);
#8517 = CARTESIAN_POINT('',(0.16,-7.78,8.54));
#8518 = VECTOR('',#8519,1.);
#8519 = DIRECTION('',(-0.57735026919,0.57735026919,0.57735026919));
#8520 = ORIENTED_EDGE('',*,*,#8521,.F.);
#8521 = EDGE_CURVE('',#8505,#8514,#8522,.T.);
#8522 = LINE('',#8523,#8524);
#8523 = CARTESIAN_POINT('',(-0.32,-7.78,8.54));
#8524 = VECTOR('',#8525,1.);
#8525 = DIRECTION('',(1.,0.,0.));
#8526 = PLANE('',#8527);
#8527 = AXIS2_PLACEMENT_3D('',#8528,#8529,#8530);
#8528 = CARTESIAN_POINT('',(-0.32,-7.86,8.46));
#8529 = DIRECTION('',(-1.735167508357E-18,0.707106781187,-0.707106781187
    ));
#8530 = DIRECTION('',(-1.,-1.226948711654E-18,1.226948711654E-18));
#8531 = ADVANCED_FACE('',(#8532),#8550,.T.);
#8532 = FACE_BOUND('',#8533,.T.);
#8533 = EDGE_LOOP('',(#8534,#8535,#8536,#8544));
#8534 = ORIENTED_EDGE('',*,*,#8513,.F.);
#8535 = ORIENTED_EDGE('',*,*,#7585,.T.);
#8536 = ORIENTED_EDGE('',*,*,#8537,.T.);
#8537 = EDGE_CURVE('',#7578,#8538,#8540,.T.);
#8538 = VERTEX_POINT('',#8539);
#8539 = CARTESIAN_POINT('',(0.16,-7.46,8.54));
#8540 = LINE('',#8541,#8542);
#8541 = CARTESIAN_POINT('',(5.333333333333E-02,-7.566666666667,
    8.646666666667));
#8542 = VECTOR('',#8543,1.);
#8543 = DIRECTION('',(-0.57735026919,-0.57735026919,0.57735026919));
#8544 = ORIENTED_EDGE('',*,*,#8545,.F.);
#8545 = EDGE_CURVE('',#8514,#8538,#8546,.T.);
#8546 = LINE('',#8547,#8548);
#8547 = CARTESIAN_POINT('',(0.16,-7.94,8.54));
#8548 = VECTOR('',#8549,1.);
#8549 = DIRECTION('',(0.,1.,0.));
#8550 = PLANE('',#8551);
#8551 = AXIS2_PLACEMENT_3D('',#8552,#8553,#8554);
#8552 = CARTESIAN_POINT('',(0.24,-7.94,8.46));
#8553 = DIRECTION('',(0.707106781187,-1.735167508357E-18,0.707106781187)
  );
#8554 = DIRECTION('',(1.226948711654E-18,1.,1.226948711654E-18));
#8555 = ADVANCED_FACE('',(#8556),#8574,.T.);
#8556 = FACE_BOUND('',#8557,.F.);
#8557 = EDGE_LOOP('',(#8558,#8566,#8567,#8568));
#8558 = ORIENTED_EDGE('',*,*,#8559,.F.);
#8559 = EDGE_CURVE('',#7602,#8560,#8562,.T.);
#8560 = VERTEX_POINT('',#8561);
#8561 = CARTESIAN_POINT('',(-0.16,-7.46,8.54));
#8562 = LINE('',#8563,#8564);
#8563 = CARTESIAN_POINT('',(-0.16,-7.46,8.54));
#8564 = VECTOR('',#8565,1.);
#8565 = DIRECTION('',(0.57735026919,-0.57735026919,0.57735026919));
#8566 = ORIENTED_EDGE('',*,*,#7609,.T.);
#8567 = ORIENTED_EDGE('',*,*,#8537,.T.);
#8568 = ORIENTED_EDGE('',*,*,#8569,.F.);
#8569 = EDGE_CURVE('',#8560,#8538,#8570,.T.);
#8570 = LINE('',#8571,#8572);
#8571 = CARTESIAN_POINT('',(-0.32,-7.46,8.54));
#8572 = VECTOR('',#8573,1.);
#8573 = DIRECTION('',(1.,0.,0.));
#8574 = PLANE('',#8575);
#8575 = AXIS2_PLACEMENT_3D('',#8576,#8577,#8578);
#8576 = CARTESIAN_POINT('',(-0.32,-7.38,8.46));
#8577 = DIRECTION('',(1.735167508357E-18,0.707106781187,0.707106781187)
  );
#8578 = DIRECTION('',(-1.,1.226948711654E-18,1.226948711654E-18));
#8579 = ADVANCED_FACE('',(#8580),#8591,.F.);
#8580 = FACE_BOUND('',#8581,.F.);
#8581 = EDGE_LOOP('',(#8582,#8583,#8584,#8585));
#8582 = ORIENTED_EDGE('',*,*,#8504,.F.);
#8583 = ORIENTED_EDGE('',*,*,#7626,.T.);
#8584 = ORIENTED_EDGE('',*,*,#8559,.T.);
#8585 = ORIENTED_EDGE('',*,*,#8586,.F.);
#8586 = EDGE_CURVE('',#8505,#8560,#8587,.T.);
#8587 = LINE('',#8588,#8589);
#8588 = CARTESIAN_POINT('',(-0.16,-7.94,8.54));
#8589 = VECTOR('',#8590,1.);
#8590 = DIRECTION('',(0.,1.,0.));
#8591 = PLANE('',#8592);
#8592 = AXIS2_PLACEMENT_3D('',#8593,#8594,#8595);
#8593 = CARTESIAN_POINT('',(-0.24,-7.94,8.46));
#8594 = DIRECTION('',(0.707106781187,1.735167508357E-18,-0.707106781187)
  );
#8595 = DIRECTION('',(-1.226948711654E-18,1.,1.226948711654E-18));
#8596 = ADVANCED_FACE('',(#8597),#8603,.F.);
#8597 = FACE_BOUND('',#8598,.F.);
#8598 = EDGE_LOOP('',(#8599,#8600,#8601,#8602));
#8599 = ORIENTED_EDGE('',*,*,#7722,.T.);
#8600 = ORIENTED_EDGE('',*,*,#7657,.T.);
#8601 = ORIENTED_EDGE('',*,*,#7681,.F.);
#8602 = ORIENTED_EDGE('',*,*,#7705,.F.);
#8603 = PLANE('',#8604);
#8604 = AXIS2_PLACEMENT_3D('',#8605,#8606,#8607);
#8605 = CARTESIAN_POINT('',(-0.32,-0.32,-3.));
#8606 = DIRECTION('',(0.,0.,1.));
#8607 = DIRECTION('',(1.,0.,-0.));
#8608 = ADVANCED_FACE('',(#8609),#8615,.F.);
#8609 = FACE_BOUND('',#8610,.F.);
#8610 = EDGE_LOOP('',(#8611,#8612,#8613,#8614));
#8611 = ORIENTED_EDGE('',*,*,#7801,.T.);
#8612 = ORIENTED_EDGE('',*,*,#7818,.T.);
#8613 = ORIENTED_EDGE('',*,*,#7753,.F.);
#8614 = ORIENTED_EDGE('',*,*,#7777,.F.);
#8615 = PLANE('',#8616);
#8616 = AXIS2_PLACEMENT_3D('',#8617,#8618,#8619);
#8617 = CARTESIAN_POINT('',(-0.32,-2.86,-3.));
#8618 = DIRECTION('',(0.,0.,1.));
#8619 = DIRECTION('',(1.,0.,-0.));
#8620 = ADVANCED_FACE('',(#8621),#8627,.F.);
#8621 = FACE_BOUND('',#8622,.F.);
#8622 = EDGE_LOOP('',(#8623,#8624,#8625,#8626));
#8623 = ORIENTED_EDGE('',*,*,#7897,.T.);
#8624 = ORIENTED_EDGE('',*,*,#7914,.T.);
#8625 = ORIENTED_EDGE('',*,*,#7849,.F.);
#8626 = ORIENTED_EDGE('',*,*,#7873,.F.);
#8627 = PLANE('',#8628);
#8628 = AXIS2_PLACEMENT_3D('',#8629,#8630,#8631);
#8629 = CARTESIAN_POINT('',(-0.32,-5.4,-3.));
#8630 = DIRECTION('',(0.,0.,1.));
#8631 = DIRECTION('',(1.,0.,-0.));
#8632 = ADVANCED_FACE('',(#8633),#8639,.F.);
#8633 = FACE_BOUND('',#8634,.F.);
#8634 = EDGE_LOOP('',(#8635,#8636,#8637,#8638));
#8635 = ORIENTED_EDGE('',*,*,#7993,.T.);
#8636 = ORIENTED_EDGE('',*,*,#8010,.T.);
#8637 = ORIENTED_EDGE('',*,*,#7945,.F.);
#8638 = ORIENTED_EDGE('',*,*,#7969,.F.);
#8639 = PLANE('',#8640);
#8640 = AXIS2_PLACEMENT_3D('',#8641,#8642,#8643);
#8641 = CARTESIAN_POINT('',(-0.32,-10.48,-3.));
#8642 = DIRECTION('',(0.,0.,1.));
#8643 = DIRECTION('',(1.,0.,-0.));
#8644 = ADVANCED_FACE('',(#8645),#8651,.F.);
#8645 = FACE_BOUND('',#8646,.F.);
#8646 = EDGE_LOOP('',(#8647,#8648,#8649,#8650));
#8647 = ORIENTED_EDGE('',*,*,#8041,.T.);
#8648 = ORIENTED_EDGE('',*,*,#8065,.T.);
#8649 = ORIENTED_EDGE('',*,*,#8089,.F.);
#8650 = ORIENTED_EDGE('',*,*,#8106,.F.);
#8651 = PLANE('',#8652);
#8652 = AXIS2_PLACEMENT_3D('',#8653,#8654,#8655);
#8653 = CARTESIAN_POINT('',(-0.32,-7.94,-3.));
#8654 = DIRECTION('',(0.,0.,1.));
#8655 = DIRECTION('',(1.,0.,-0.));
#8656 = ADVANCED_FACE('',(#8657),#8663,.T.);
#8657 = FACE_BOUND('',#8658,.T.);
#8658 = EDGE_LOOP('',(#8659,#8660,#8661,#8662));
#8659 = ORIENTED_EDGE('',*,*,#8137,.T.);
#8660 = ORIENTED_EDGE('',*,*,#8161,.F.);
#8661 = ORIENTED_EDGE('',*,*,#8185,.F.);
#8662 = ORIENTED_EDGE('',*,*,#8202,.T.);
#8663 = PLANE('',#8664);
#8664 = AXIS2_PLACEMENT_3D('',#8665,#8666,#8667);
#8665 = CARTESIAN_POINT('',(-0.32,-0.32,8.54));
#8666 = DIRECTION('',(0.,0.,1.));
#8667 = DIRECTION('',(1.,0.,-0.));
#8668 = ADVANCED_FACE('',(#8669),#8675,.T.);
#8669 = FACE_BOUND('',#8670,.T.);
#8670 = EDGE_LOOP('',(#8671,#8672,#8673,#8674));
#8671 = ORIENTED_EDGE('',*,*,#8298,.T.);
#8672 = ORIENTED_EDGE('',*,*,#8233,.F.);
#8673 = ORIENTED_EDGE('',*,*,#8257,.F.);
#8674 = ORIENTED_EDGE('',*,*,#8281,.T.);
#8675 = PLANE('',#8676);
#8676 = AXIS2_PLACEMENT_3D('',#8677,#8678,#8679);
#8677 = CARTESIAN_POINT('',(-0.32,-2.86,8.54));
#8678 = DIRECTION('',(0.,0.,1.));
#8679 = DIRECTION('',(1.,0.,-0.));
#8680 = ADVANCED_FACE('',(#8681),#8687,.T.);
#8681 = FACE_BOUND('',#8682,.T.);
#8682 = EDGE_LOOP('',(#8683,#8684,#8685,#8686));
#8683 = ORIENTED_EDGE('',*,*,#8394,.T.);
#8684 = ORIENTED_EDGE('',*,*,#8329,.F.);
#8685 = ORIENTED_EDGE('',*,*,#8353,.F.);
#8686 = ORIENTED_EDGE('',*,*,#8377,.T.);
#8687 = PLANE('',#8688);
#8688 = AXIS2_PLACEMENT_3D('',#8689,#8690,#8691);
#8689 = CARTESIAN_POINT('',(-0.32,-5.4,8.54));
#8690 = DIRECTION('',(0.,0.,1.));
#8691 = DIRECTION('',(1.,0.,-0.));
#8692 = ADVANCED_FACE('',(#8693),#8699,.T.);
#8693 = FACE_BOUND('',#8694,.T.);
#8694 = EDGE_LOOP('',(#8695,#8696,#8697,#8698));
#8695 = ORIENTED_EDGE('',*,*,#8490,.T.);
#8696 = ORIENTED_EDGE('',*,*,#8425,.F.);
#8697 = ORIENTED_EDGE('',*,*,#8449,.F.);
#8698 = ORIENTED_EDGE('',*,*,#8473,.T.);
#8699 = PLANE('',#8700);
#8700 = AXIS2_PLACEMENT_3D('',#8701,#8702,#8703);
#8701 = CARTESIAN_POINT('',(-0.32,-10.48,8.54));
#8702 = DIRECTION('',(0.,0.,1.));
#8703 = DIRECTION('',(1.,0.,-0.));
#8704 = ADVANCED_FACE('',(#8705),#8711,.T.);
#8705 = FACE_BOUND('',#8706,.T.);
#8706 = EDGE_LOOP('',(#8707,#8708,#8709,#8710));
#8707 = ORIENTED_EDGE('',*,*,#8545,.T.);
#8708 = ORIENTED_EDGE('',*,*,#8569,.F.);
#8709 = ORIENTED_EDGE('',*,*,#8586,.F.);
#8710 = ORIENTED_EDGE('',*,*,#8521,.T.);
#8711 = PLANE('',#8712);
#8712 = AXIS2_PLACEMENT_3D('',#8713,#8714,#8715);
#8713 = CARTESIAN_POINT('',(-0.32,-7.94,8.54));
#8714 = DIRECTION('',(0.,0.,1.));
#8715 = DIRECTION('',(1.,0.,-0.));
#8716 = ( GEOMETRIC_REPRESENTATION_CONTEXT(3) 
GLOBAL_UNCERTAINTY_ASSIGNED_CONTEXT((#8720)) 
GLOBAL_UNIT_ASSIGNED_CONTEXT((#8717,#8718,#8719)) REPRESENTATION_CONTEXT
('Context #1','3D Context with UNIT and UNCERTAINTY') );
#8717 = ( LENGTH_UNIT() NAMED_UNIT(*) SI_UNIT(.MILLI.,.METRE.) );
#8718 = ( NAMED_UNIT(*) PLANE_ANGLE_UNIT() SI_UNIT($,.RADIAN.) );
#8719 = ( NAMED_UNIT(*) SI_UNIT($,.STERADIAN.) SOLID_ANGLE_UNIT() );
#8720 = UNCERTAINTY_MEASURE_WITH_UNIT(LENGTH_MEASURE(1.E-07),#8717,
  'distance_accuracy_value','confusion accuracy');
#8721 = CONTEXT_DEPENDENT_SHAPE_REPRESENTATION(#8722,#8724);
#8722 = ( REPRESENTATION_RELATIONSHIP('','',#5261,#5238) 
REPRESENTATION_RELATIONSHIP_WITH_TRANSFORMATION(#8723) 
SHAPE_REPRESENTATION_RELATIONSHIP() );
#8723 = ITEM_DEFINED_TRANSFORMATION('','',#11,#5239);
#8724 = PRODUCT_DEFINITION_SHAPE('Placement','Placement of an item',
  #8725);
#8725 = NEXT_ASSEMBLY_USAGE_OCCURRENCE('5','=>[0:1:1:7]','',#5233,#5256,
  $);
#8726 = PRODUCT_RELATED_PRODUCT_CATEGORY('part',$,(#5258));
#8727 = SHAPE_DEFINITION_REPRESENTATION(#8728,#8734);
#8728 = PRODUCT_DEFINITION_SHAPE('','',#8729);
#8729 = PRODUCT_DEFINITION('design','',#8730,#8733);
#8730 = PRODUCT_DEFINITION_FORMATION('','',#8731);
#8731 = PRODUCT('R_Axial_DIN0207_L6.3mm_D2.5mm_P7.62mm_Horizontal',
  'R_Axial_DIN0207_L6.3mm_D2.5mm_P7.62mm_Horizontal','',(#8732));
#8732 = PRODUCT_CONTEXT('',#2,'mechanical');
#8733 = PRODUCT_DEFINITION_CONTEXT('part definition',#2,'design');
#8734 = SHAPE_REPRESENTATION('',(#11,#8735),#8739);
#8735 = AXIS2_PLACEMENT_3D('',#8736,#8737,#8738);
#8736 = CARTESIAN_POINT('',(0.,0.,0.));
#8737 = DIRECTION('',(0.,0.,1.));
#8738 = DIRECTION('',(1.,0.,-0.));
#8739 = ( GEOMETRIC_REPRESENTATION_CONTEXT(3) 
GLOBAL_UNCERTAINTY_ASSIGNED_CONTEXT((#8743)) 
GLOBAL_UNIT_ASSIGNED_CONTEXT((#8740,#8741,#8742)) REPRESENTATION_CONTEXT
('Context #1','3D Context with UNIT and UNCERTAINTY') );
#8740 = ( LENGTH_UNIT() NAMED_UNIT(*) SI_UNIT(.MILLI.,.METRE.) );
#8741 = ( NAMED_UNIT(*) PLANE_ANGLE_UNIT() SI_UNIT($,.RADIAN.) );
#8742 = ( NAMED_UNIT(*) SI_UNIT($,.STERADIAN.) SOLID_ANGLE_UNIT() );
#8743 = UNCERTAINTY_MEASURE_WITH_UNIT(LENGTH_MEASURE(1.E-07),#8740,
  'distance_accuracy_value','confusion accuracy');
#8744 = CONTEXT_DEPENDENT_SHAPE_REPRESENTATION(#8745,#8747);
#8745 = ( REPRESENTATION_RELATIONSHIP('','',#8734,#10) 
REPRESENTATION_RELATIONSHIP_WITH_TRANSFORMATION(#8746) 
SHAPE_REPRESENTATION_RELATIONSHIP() );
#8746 = ITEM_DEFINED_TRANSFORMATION('','',#11,#27);
#8747 = PRODUCT_DEFINITION_SHAPE('Placement','Placement of an item',
  #8748);
#8748 = NEXT_ASSEMBLY_USAGE_OCCURRENCE('8','R1','',#5,#8729,$);
#8749 = PRODUCT_RELATED_PRODUCT_CATEGORY('part',$,(#8731));
#8750 = SHAPE_DEFINITION_REPRESENTATION(#8751,#8757);
#8751 = PRODUCT_DEFINITION_SHAPE('','',#8752);
#8752 = PRODUCT_DEFINITION('design','',#8753,#8756);
#8753 = PRODUCT_DEFINITION_FORMATION('','',#8754);
#8754 = PRODUCT('R_Axial_DIN0207_L63mm_D25mm_P762mm_Horizontal',
  'R_Axial_DIN0207_L63mm_D25mm_P762mm_Horizontal','',(#8755));
#8755 = PRODUCT_CONTEXT('',#2,'mechanical');
#8756 = PRODUCT_DEFINITION_CONTEXT('part definition',#2,'design');
#8757 = ADVANCED_BREP_SHAPE_REPRESENTATION('',(#11,#8758),#9421);
#8758 = MANIFOLD_SOLID_BREP('',#8759);
#8759 = CLOSED_SHELL('',(#8760,#8793,#8819,#8839,#9022,#9047,#9073,#9093
    ,#9118,#9143,#9152,#9178,#9361,#9387,#9412));
#8760 = ADVANCED_FACE('',(#8761),#8788,.T.);
#8761 = FACE_BOUND('',#8762,.T.);
#8762 = EDGE_LOOP('',(#8763,#8772,#8780,#8787));
#8763 = ORIENTED_EDGE('',*,*,#8764,.T.);
#8764 = EDGE_CURVE('',#8765,#8765,#8767,.T.);
#8765 = VERTEX_POINT('',#8766);
#8766 = CARTESIAN_POINT('',(1.285,1.25,1.25));
#8767 = CIRCLE('',#8768,1.25);
#8768 = AXIS2_PLACEMENT_3D('',#8769,#8770,#8771);
#8769 = CARTESIAN_POINT('',(1.285,0.,1.25));
#8770 = DIRECTION('',(1.,0.,0.));
#8771 = DIRECTION('',(-0.,1.,0.));
#8772 = ORIENTED_EDGE('',*,*,#8773,.T.);
#8773 = EDGE_CURVE('',#8765,#8774,#8776,.T.);
#8774 = VERTEX_POINT('',#8775);
#8775 = CARTESIAN_POINT('',(2.235,1.25,1.25));
#8776 = LINE('',#8777,#8778);
#8777 = CARTESIAN_POINT('',(0.66,1.25,1.25));
#8778 = VECTOR('',#8779,1.);
#8779 = DIRECTION('',(1.,0.,0.));
#8780 = ORIENTED_EDGE('',*,*,#8781,.F.);
#8781 = EDGE_CURVE('',#8774,#8774,#8782,.T.);
#8782 = CIRCLE('',#8783,1.25);
#8783 = AXIS2_PLACEMENT_3D('',#8784,#8785,#8786);
#8784 = CARTESIAN_POINT('',(2.235,0.,1.25));
#8785 = DIRECTION('',(1.,0.,0.));
#8786 = DIRECTION('',(-0.,1.,0.));
#8787 = ORIENTED_EDGE('',*,*,#8773,.F.);
#8788 = CYLINDRICAL_SURFACE('',#8789,1.25);
#8789 = AXIS2_PLACEMENT_3D('',#8790,#8791,#8792);
#8790 = CARTESIAN_POINT('',(0.66,0.,1.25));
#8791 = DIRECTION('',(-1.,-0.,-0.));
#8792 = DIRECTION('',(0.,1.,0.));
#8793 = ADVANCED_FACE('',(#8794),#8814,.T.);
#8794 = FACE_BOUND('',#8795,.T.);
#8795 = EDGE_LOOP('',(#8796,#8805,#8812,#8813));
#8796 = ORIENTED_EDGE('',*,*,#8797,.T.);
#8797 = EDGE_CURVE('',#8798,#8798,#8800,.T.);
#8798 = VERTEX_POINT('',#8799);
#8799 = CARTESIAN_POINT('',(0.66,0.625,1.25));
#8800 = CIRCLE('',#8801,0.625);
#8801 = AXIS2_PLACEMENT_3D('',#8802,#8803,#8804);
#8802 = CARTESIAN_POINT('',(0.66,0.,1.25));
#8803 = DIRECTION('',(1.,0.,0.));
#8804 = DIRECTION('',(-0.,1.,0.));
#8805 = ORIENTED_EDGE('',*,*,#8806,.F.);
#8806 = EDGE_CURVE('',#8765,#8798,#8807,.T.);
#8807 = CIRCLE('',#8808,0.625);
#8808 = AXIS2_PLACEMENT_3D('',#8809,#8810,#8811);
#8809 = CARTESIAN_POINT('',(1.285,0.625,1.25));
#8810 = DIRECTION('',(0.,-0.,1.));
#8811 = DIRECTION('',(0.,1.,0.));
#8812 = ORIENTED_EDGE('',*,*,#8764,.F.);
#8813 = ORIENTED_EDGE('',*,*,#8806,.T.);
#8814 = TOROIDAL_SURFACE('',#8815,0.625,0.625);
#8815 = AXIS2_PLACEMENT_3D('',#8816,#8817,#8818);
#8816 = CARTESIAN_POINT('',(1.285,0.,1.25));
#8817 = DIRECTION('',(-1.,0.,0.));
#8818 = DIRECTION('',(0.,1.,0.));
#8819 = ADVANCED_FACE('',(#8820,#8823),#8834,.F.);
#8820 = FACE_BOUND('',#8821,.F.);
#8821 = EDGE_LOOP('',(#8822));
#8822 = ORIENTED_EDGE('',*,*,#8781,.F.);
#8823 = FACE_BOUND('',#8824,.F.);
#8824 = EDGE_LOOP('',(#8825));
#8825 = ORIENTED_EDGE('',*,*,#8826,.F.);
#8826 = EDGE_CURVE('',#8827,#8827,#8829,.T.);
#8827 = VERTEX_POINT('',#8828);
#8828 = CARTESIAN_POINT('',(2.235,1.125,1.25));
#8829 = CIRCLE('',#8830,1.125);
#8830 = AXIS2_PLACEMENT_3D('',#8831,#8832,#8833);
#8831 = CARTESIAN_POINT('',(2.235,0.,1.25));
#8832 = DIRECTION('',(-1.,0.,0.));
#8833 = DIRECTION('',(0.,1.,0.));
#8834 = PLANE('',#8835);
#8835 = AXIS2_PLACEMENT_3D('',#8836,#8837,#8838);
#8836 = CARTESIAN_POINT('',(2.235,1.25,1.25));
#8837 = DIRECTION('',(-1.,0.,0.));
#8838 = DIRECTION('',(0.,0.,-1.));
#8839 = ADVANCED_FACE('',(#8840,#8843),#9017,.T.);
#8840 = FACE_BOUND('',#8841,.T.);
#8841 = EDGE_LOOP('',(#8842));
#8842 = ORIENTED_EDGE('',*,*,#8797,.F.);
#8843 = FACE_BOUND('',#8844,.T.);
#8844 = EDGE_LOOP('',(#8845));
#8845 = ORIENTED_EDGE('',*,*,#8846,.F.);
#8846 = EDGE_CURVE('',#8847,#8847,#8849,.T.);
#8847 = VERTEX_POINT('',#8848);
#8848 = CARTESIAN_POINT('',(0.66,1.102182119233E-16,0.899909083395));
#8849 = B_SPLINE_CURVE_WITH_KNOTS('',6,(#8850,#8851,#8852,#8853,#8854,
    #8855,#8856,#8857,#8858,#8859,#8860,#8861,#8862,#8863,#8864,#8865,
    #8866,#8867,#8868,#8869,#8870,#8871,#8872,#8873,#8874,#8875,#8876,
    #8877,#8878,#8879,#8880,#8881,#8882,#8883,#8884,#8885,#8886,#8887,
    #8888,#8889,#8890,#8891,#8892,#8893,#8894,#8895,#8896,#8897,#8898,
    #8899,#8900,#8901,#8902,#8903,#8904,#8905,#8906,#8907,#8908,#8909,
    #8910,#8911,#8912,#8913,#8914,#8915,#8916,#8917,#8918,#8919,#8920,
    #8921,#8922,#8923,#8924,#8925,#8926,#8927,#8928,#8929,#8930,#8931,
    #8932,#8933,#8934,#8935,#8936,#8937,#8938,#8939,#8940,#8941,#8942,
    #8943,#8944,#8945,#8946,#8947,#8948,#8949,#8950,#8951,#8952,#8953,
    #8954,#8955,#8956,#8957,#8958,#8959,#8960,#8961,#8962,#8963,#8964,
    #8965,#8966,#8967,#8968,#8969,#8970,#8971,#8972,#8973,#8974,#8975,
    #8976,#8977,#8978,#8979,#8980,#8981,#8982,#8983,#8984,#8985,#8986,
    #8987,#8988,#8989,#8990,#8991,#8992,#8993,#8994,#8995,#8996,#8997,
    #8998,#8999,#9000,#9001,#9002,#9003,#9004,#9005,#9006,#9007,#9008,
    #9009,#9010,#9011,#9012,#9013,#9014,#9015,#9016),.UNSPECIFIED.,.T.,
  .F.,(1,6,5,5,5,5,5,5,5,5,5,5,5,5,5,5,5,5,5,5,5,5,5,5,5,5,5,5,5,5,5,5,5
    ,5,6,1),(-3.7441643477E-02,0.,2.521870323933E-02,5.431496394384E-02,
    8.648919549843E-02,0.120700162351,0.155854554579,0.191019956077,
    0.22552099352,0.258944151729,0.291091798271,0.321919308947,
    0.351475044446,0.379851974729,0.407153625953,0.43347490921,
    0.458900868731,0.483545347382,0.505902822615,0.530283950565,
    0.555351989471,0.581274789002,0.608140584187,0.636038742308,
    0.665070462617,0.695336577837,0.72690990423,0.759792997252,
    0.79386262098,0.828806470397,0.864066503475,0.898816439436,
    0.932013287381,0.962558356523,1.,1.025218703239),.UNSPECIFIED.);
#8850 = CARTESIAN_POINT('',(0.66,0.,0.899909083395));
#8851 = CARTESIAN_POINT('',(0.66,-9.861963323296E-03,0.899909084471));
#8852 = CARTESIAN_POINT('',(0.66,-1.960383099012E-02,0.900333558971));
#8853 = CARTESIAN_POINT('',(0.66,-2.90667633729E-02,0.901163095205));
#8854 = CARTESIAN_POINT('',(0.66,-3.818473840012E-02,0.902336888075));
#8855 = CARTESIAN_POINT('',(0.66,-4.697555886318E-02,0.903805406252));
#8856 = CARTESIAN_POINT('',(0.66,-6.541217845247E-02,0.907588617289));
#8857 = CARTESIAN_POINT('',(0.66,-7.491989955217E-02,0.909985996381));
#8858 = CARTESIAN_POINT('',(0.66,-8.408858685729E-02,0.912709602459));
#8859 = CARTESIAN_POINT('',(0.66,-9.29431150905E-02,0.915726339128));
#8860 = CARTESIAN_POINT('',(0.66,-0.101504886237,0.919011492948));
#8861 = CARTESIAN_POINT('',(0.66,-0.118958160976,0.926453793498));
#8862 = CARTESIAN_POINT('',(0.66,-0.127787740677,0.930666021227));
#8863 = CARTESIAN_POINT('',(0.66,-0.136306213845,0.935155972835));
#8864 = CARTESIAN_POINT('',(0.66,-0.144532125259,0.939904061777));
#8865 = CARTESIAN_POINT('',(0.66,-0.152479834979,0.944895594586));
#8866 = CARTESIAN_POINT('',(0.66,-0.168328675181,0.955672717204));
#8867 = CARTESIAN_POINT('',(0.66,-0.176194628708,0.961488338811));
#8868 = CARTESIAN_POINT('',(0.66,-0.183772627725,0.967551590964));
#8869 = CARTESIAN_POINT('',(0.66,-0.191071921446,0.973851630909));
#8870 = CARTESIAN_POINT('',(0.66,-0.19809849539,0.980379998969));
#8871 = CARTESIAN_POINT('',(0.66,-0.211800252103,0.99406561399));
#8872 = CARTESIAN_POINT('',(0.66,-0.218460183619,1.001235038361));
#8873 = CARTESIAN_POINT('',(0.66,-0.224839916669,1.008630424477));
#8874 = CARTESIAN_POINT('',(0.66,-0.230940302033,1.016245317007));
#8875 = CARTESIAN_POINT('',(0.66,-0.236759778797,1.024074009311));
#8876 = CARTESIAN_POINT('',(0.66,-0.247832030244,1.040150827903));
#8877 = CARTESIAN_POINT('',(0.66,-0.253084597548,1.048398894868));
#8878 = CARTESIAN_POINT('',(0.66,-0.258049056373,1.056850063306));
#8879 = CARTESIAN_POINT('',(0.66,-0.262719990238,1.065498702059));
#8880 = CARTESIAN_POINT('',(0.66,-0.267090249501,1.07433884651));
#8881 = CARTESIAN_POINT('',(0.66,-0.275134936213,1.092219038761));
#8882 = CARTESIAN_POINT('',(0.66,-0.278821023102,1.101251941956));
#8883 = CARTESIAN_POINT('',(0.66,-0.282200792082,1.110456832947));
#8884 = CARTESIAN_POINT('',(0.66,-0.285264705632,1.119826546568));
#8885 = CARTESIAN_POINT('',(0.66,-0.288002108658,1.129352827713));
#8886 = CARTESIAN_POINT('',(0.66,-0.29272539517,1.148397615962));
#8887 = CARTESIAN_POINT('',(0.66,-0.29473218058,1.157906910826));
#8888 = CARTESIAN_POINT('',(0.66,-0.296410836061,1.167545600214));
#8889 = CARTESIAN_POINT('',(0.66,-0.297750151594,1.177303530334));
#8890 = CARTESIAN_POINT('',(0.66,-0.298738455802,1.187169009313));
#8891 = CARTESIAN_POINT('',(0.66,-0.299964918417,1.206708514181));
#8892 = CARTESIAN_POINT('',(0.66,-0.300230384291,1.216375379318));
#8893 = CARTESIAN_POINT('',(0.66,-0.300149186912,1.226117491764));
#8894 = CARTESIAN_POINT('',(0.66,-0.299710710819,1.235921272022));
#8895 = CARTESIAN_POINT('',(0.66,-0.298904551758,1.245771471938));
#8896 = CARTESIAN_POINT('',(0.66,-0.296585103724,1.265125169703));
#8897 = CARTESIAN_POINT('',(0.66,-0.295102339165,1.274626258325));
#8898 = CARTESIAN_POINT('',(0.66,-0.293263240337,1.284139377081));
#8899 = CARTESIAN_POINT('',(0.66,-0.291059628806,1.293647957516));
#8900 = CARTESIAN_POINT('',(0.66,-0.288484130363,1.303133926208));
#8901 = CARTESIAN_POINT('',(0.66,-0.282698083788,1.321631884472));
#8902 = CARTESIAN_POINT('',(0.66,-0.279518227914,1.330647303479));
#8903 = CARTESIAN_POINT('',(0.66,-0.275984860345,1.33960658093));
#8904 = CARTESIAN_POINT('',(0.66,-0.272093455342,1.348491200819));
#8905 = CARTESIAN_POINT('',(0.66,-0.267840708483,1.357281511993));
#8906 = CARTESIAN_POINT('',(0.66,-0.258792476906,1.374285940745));
#8907 = CARTESIAN_POINT('',(0.66,-0.254025481533,1.382509111114));
#8908 = CARTESIAN_POINT('',(0.66,-0.248921768643,1.390607755283));
#8909 = CARTESIAN_POINT('',(0.66,-0.243480982245,1.398562700734));
#8910 = CARTESIAN_POINT('',(0.66,-0.237704192262,1.406354086406));
#8911 = CARTESIAN_POINT('',(0.66,-0.22571513259,1.421280378602));
#8912 = CARTESIAN_POINT('',(0.66,-0.219527706492,1.428429037341));
#8913 = CARTESIAN_POINT('',(0.66,-0.213033892817,1.435388992124));
#8914 = CARTESIAN_POINT('',(0.66,-0.206237433156,1.442141613477));
#8915 = CARTESIAN_POINT('',(0.66,-0.199143534101,1.448667989237));
#8916 = CARTESIAN_POINT('',(0.66,-0.184639374507,1.46100431938));
#8917 = CARTESIAN_POINT('',(0.66,-0.177249666015,1.466831638372));
#8918 = CARTESIAN_POINT('',(0.66,-0.169595736209,1.472413656662));
#8919 = CARTESIAN_POINT('',(0.66,-0.161685054894,1.477733175901));
#8920 = CARTESIAN_POINT('',(0.66,-0.153526567249,1.482773024258));
#8921 = CARTESIAN_POINT('',(0.66,-0.137020407721,1.492097753386));
#8922 = CARTESIAN_POINT('',(0.66,-0.128688747003,1.496402530856));
#8923 = CARTESIAN_POINT('',(0.66,-0.12014499879,1.500414878928));
#8924 = CARTESIAN_POINT('',(0.66,-0.111400259626,1.504119593216));
#8925 = CARTESIAN_POINT('',(0.66,-0.102467435485,1.507501774849));
#8926 = CARTESIAN_POINT('',(0.66,-8.453493192811E-02,1.513498294635));
#8927 = CARTESIAN_POINT('',(0.66,-7.554639694304E-02,1.516132890753));
#8928 = CARTESIAN_POINT('',(0.66,-6.64085144705E-02,1.518437847791));
#8929 = CARTESIAN_POINT('',(0.66,-5.713783351899E-02,1.520400106432));
#8930 = CARTESIAN_POINT('',(0.66,-4.775488525608E-02,1.522007764907));
#8931 = CARTESIAN_POINT('',(0.66,-2.969295309097E-02,1.524379864025));
#8932 = CARTESIAN_POINT('',(0.66,-2.102888075484E-02,1.525208782901));
#8933 = CARTESIAN_POINT('',(0.66,-1.231401679426E-02,1.525730893697));
#8934 = CARTESIAN_POINT('',(0.66,-3.572675622322E-03,1.525941364018));
#8935 = CARTESIAN_POINT('',(0.66,5.168222805428E-03,1.525838983228));
#8936 = CARTESIAN_POINT('',(0.66,2.337847467049E-02,1.524978205181));
#8937 = CARTESIAN_POINT('',(0.66,3.284375814827E-02,1.524161190409));
#8938 = CARTESIAN_POINT('',(0.66,4.224166817951E-02,1.522980309203));
#8939 = CARTESIAN_POINT('',(0.66,5.154498116248E-02,1.52144453626));
#8940 = CARTESIAN_POINT('',(0.66,6.073223707979E-02,1.519565307122));
#8941 = CARTESIAN_POINT('',(0.66,7.909772773064E-02,1.515080653378));
#8942 = CARTESIAN_POINT('',(0.66,8.826753248322E-02,1.512456350085));
#8943 = CARTESIAN_POINT('',(0.66,9.727917108862E-02,1.509494369221));
#8944 = CARTESIAN_POINT('',(0.66,0.106117308319,1.506208374239));
#8945 = CARTESIAN_POINT('',(0.66,0.114768939441,1.502612541932));
#8946 = CARTESIAN_POINT('',(0.66,0.131966117695,1.494697909774));
#8947 = CARTESIAN_POINT('',(0.66,0.140497702999,1.490358571609));
#8948 = CARTESIAN_POINT('',(0.66,0.148806061897,1.485719660214));
#8949 = CARTESIAN_POINT('',(0.66,0.156880650792,1.480797427009));
#8950 = CARTESIAN_POINT('',(0.66,0.164712466725,1.47560826256));
#8951 = CARTESIAN_POINT('',(0.66,0.180151423764,1.464531255078));
#8952 = CARTESIAN_POINT('',(0.66,0.187739958872,1.458624810593));
#8953 = CARTESIAN_POINT('',(0.66,0.195051326582,1.452467732556));
#8954 = CARTESIAN_POINT('',(0.66,0.202078661493,1.446078253645));
#8955 = CARTESIAN_POINT('',(0.66,0.208816558921,1.439474469779));
#8956 = CARTESIAN_POINT('',(0.66,0.221953232148,1.425612904145));
#8957 = CARTESIAN_POINT('',(0.66,0.228328983313,1.41833967682));
#8958 = CARTESIAN_POINT('',(0.66,0.234383958936,1.410874731309));
#8959 = CARTESIAN_POINT('',(0.66,0.240115246881,1.403237638329));
#8960 = CARTESIAN_POINT('',(0.66,0.245521392347,1.395447466144));
#8961 = CARTESIAN_POINT('',(0.66,0.255889855564,1.379276097975));
#8962 = CARTESIAN_POINT('',(0.66,0.260825146013,1.370883681886));
#8963 = CARTESIAN_POINT('',(0.66,0.265408341569,1.362366377835));
#8964 = CARTESIAN_POINT('',(0.66,0.269640849736,1.353744088225));
#8965 = CARTESIAN_POINT('',(0.66,0.273525413156,1.345035772328));
#8966 = CARTESIAN_POINT('',(0.66,0.280757352367,1.327109961101));
#8967 = CARTESIAN_POINT('',(0.66,0.284074759274,1.317886517643));
#8968 = CARTESIAN_POINT('',(0.66,0.287023012024,1.308609403309));
#8969 = CARTESIAN_POINT('',(0.66,0.289607802772,1.299297542852));
#8970 = CARTESIAN_POINT('',(0.66,0.291835834134,1.289968498384));
#8971 = CARTESIAN_POINT('',(0.66,0.295674958709,1.270905470981));
#8972 = CARTESIAN_POINT('',(0.66,0.297255116553,1.261171411794));
#8973 = CARTESIAN_POINT('',(0.66,0.298464074992,1.251454521799));
#8974 = CARTESIAN_POINT('',(0.66,0.299311100714,1.241771401083));
#8975 = CARTESIAN_POINT('',(0.66,0.299805944827,1.232137019844));
#8976 = CARTESIAN_POINT('',(0.66,0.30011808361,1.212595326012));
#8977 = CARTESIAN_POINT('',(0.66,0.299906283631,1.202693348802));
#8978 = CARTESIAN_POINT('',(0.66,0.299334987113,1.192873693594));
#8979 = CARTESIAN_POINT('',(0.66,0.298415571185,1.183149633751));
#8980 = CARTESIAN_POINT('',(0.66,0.297159245916,1.173532809156));
#8981 = CARTESIAN_POINT('',(0.66,0.293937772017,1.154190866917));
#8982 = CARTESIAN_POINT('',(0.66,0.291948568133,1.144474505513));
#8983 = CARTESIAN_POINT('',(0.66,0.289621677512,1.134895129825));
#8984 = CARTESIAN_POINT('',(0.66,0.286968496105,1.125462405282));
#8985 = CARTESIAN_POINT('',(0.66,0.283999580964,1.116184674916));
#8986 = CARTESIAN_POINT('',(0.66,0.277365684897,1.097719334783));
#8987 = CARTESIAN_POINT('',(0.66,0.273684712853,1.08854034335));
#8988 = CARTESIAN_POINT('',(0.66,0.269692176119,1.079539433524));
#8989 = CARTESIAN_POINT('',(0.66,0.265397048483,1.07072335418));
#8990 = CARTESIAN_POINT('',(0.66,0.260806835513,1.062098154612));
#8991 = CARTESIAN_POINT('',(0.66,0.251004164416,1.045163946312));
#8992 = CARTESIAN_POINT('',(0.66,0.245786379559,1.036858764173));
#8993 = CARTESIAN_POINT('',(0.66,0.240280407048,1.028758964174));
#8994 = CARTESIAN_POINT('',(0.66,0.234490342534,1.020870115558));
#8995 = CARTESIAN_POINT('',(0.66,0.228418190257,1.013198030747));
#8996 = CARTESIAN_POINT('',(0.66,0.215801462132,0.998407266407));
#8997 = CARTESIAN_POINT('',(0.66,0.209265037039,0.991282398269));
#8998 = CARTESIAN_POINT('',(0.66,0.202454011648,0.98438004474));
#8999 = CARTESIAN_POINT('',(0.66,0.195365844133,0.977707070031));
#9000 = CARTESIAN_POINT('',(0.66,0.187995125017,0.971271927442));
#9001 = CARTESIAN_POINT('',(0.66,0.173012685338,0.959175110633));
#9002 = CARTESIAN_POINT('',(0.66,0.165426730288,0.953491920673));
#9003 = CARTESIAN_POINT('',(0.66,0.157566473117,0.948044968651));
#9004 = CARTESIAN_POINT('',(0.66,0.149421191466,0.9428457983));
#9005 = CARTESIAN_POINT('',(0.66,0.140976348171,0.937909629891));
#9006 = CARTESIAN_POINT('',(0.66,0.124148062588,0.928975570166));
#9007 = CARTESIAN_POINT('',(0.66,0.115814079383,0.924934455913));
#9008 = CARTESIAN_POINT('',(0.66,0.107194119667,0.921149233675));
#9009 = CARTESIAN_POINT('',(0.66,9.826941158436E-02,0.91763978502));
#9010 = CARTESIAN_POINT('',(0.66,8.901687105598E-02,0.914432779149));
#9011 = CARTESIAN_POINT('',(0.66,6.762842160337E-02,0.908048369916));
#9012 = CARTESIAN_POINT('',(0.66,5.540310162877E-02,0.905067930004));
#9013 = CARTESIAN_POINT('',(0.66,4.253150709481E-02,0.902628405907));
#9014 = CARTESIAN_POINT('',(0.66,2.893757304003E-02,0.900850137762));
#9015 = CARTESIAN_POINT('',(0.66,1.468319780375E-02,0.899909084997));
#9016 = CARTESIAN_POINT('',(0.66,0.,0.899909083395));
#9017 = PLANE('',#9018);
#9018 = AXIS2_PLACEMENT_3D('',#9019,#9020,#9021);
#9019 = CARTESIAN_POINT('',(0.66,1.25,1.25));
#9020 = DIRECTION('',(-1.,0.,0.));
#9021 = DIRECTION('',(0.,0.,-1.));
#9022 = ADVANCED_FACE('',(#9023),#9042,.T.);
#9023 = FACE_BOUND('',#9024,.T.);
#9024 = EDGE_LOOP('',(#9025,#9034,#9040,#9041));
#9025 = ORIENTED_EDGE('',*,*,#9026,.T.);
#9026 = EDGE_CURVE('',#9027,#9027,#9029,.T.);
#9027 = VERTEX_POINT('',#9028);
#9028 = CARTESIAN_POINT('',(5.385,1.125,1.25));
#9029 = CIRCLE('',#9030,1.125);
#9030 = AXIS2_PLACEMENT_3D('',#9031,#9032,#9033);
#9031 = CARTESIAN_POINT('',(5.385,0.,1.25));
#9032 = DIRECTION('',(-1.,0.,0.));
#9033 = DIRECTION('',(0.,1.,0.));
#9034 = ORIENTED_EDGE('',*,*,#9035,.F.);
#9035 = EDGE_CURVE('',#8827,#9027,#9036,.T.);
#9036 = LINE('',#9037,#9038);
#9037 = CARTESIAN_POINT('',(0.66,1.125,1.25));
#9038 = VECTOR('',#9039,1.);
#9039 = DIRECTION('',(1.,0.,0.));
#9040 = ORIENTED_EDGE('',*,*,#8826,.F.);
#9041 = ORIENTED_EDGE('',*,*,#9035,.T.);
#9042 = CYLINDRICAL_SURFACE('',#9043,1.125);
#9043 = AXIS2_PLACEMENT_3D('',#9044,#9045,#9046);
#9044 = CARTESIAN_POINT('',(0.66,0.,1.25));
#9045 = DIRECTION('',(-1.,-0.,-0.));
#9046 = DIRECTION('',(0.,1.,0.));
#9047 = ADVANCED_FACE('',(#9048),#9068,.T.);
#9048 = FACE_BOUND('',#9049,.T.);
#9049 = EDGE_LOOP('',(#9050,#9059,#9066,#9067));
#9050 = ORIENTED_EDGE('',*,*,#9051,.T.);
#9051 = EDGE_CURVE('',#9052,#9052,#9054,.T.);
#9052 = VERTEX_POINT('',#9053);
#9053 = CARTESIAN_POINT('',(0.3,0.,0.35));
#9054 = CIRCLE('',#9055,0.3);
#9055 = AXIS2_PLACEMENT_3D('',#9056,#9057,#9058);
#9056 = CARTESIAN_POINT('',(0.,0.,0.35));
#9057 = DIRECTION('',(0.,0.,1.));
#9058 = DIRECTION('',(1.,0.,-0.));
#9059 = ORIENTED_EDGE('',*,*,#9060,.T.);
#9060 = EDGE_CURVE('',#9052,#8847,#9061,.T.);
#9061 = CIRCLE('',#9062,0.6);
#9062 = AXIS2_PLACEMENT_3D('',#9063,#9064,#9065);
#9063 = CARTESIAN_POINT('',(0.9,1.102182119233E-16,0.35));
#9064 = DIRECTION('',(0.,1.,-0.));
#9065 = DIRECTION('',(-1.,0.,4.93432455389E-16));
#9066 = ORIENTED_EDGE('',*,*,#8846,.T.);
#9067 = ORIENTED_EDGE('',*,*,#9060,.F.);
#9068 = TOROIDAL_SURFACE('',#9069,0.9,0.3);
#9069 = AXIS2_PLACEMENT_3D('',#9070,#9071,#9072);
#9070 = CARTESIAN_POINT('',(0.9,0.,0.35));
#9071 = DIRECTION('',(0.,1.,0.));
#9072 = DIRECTION('',(-1.,0.,4.93432455389E-16));
#9073 = ADVANCED_FACE('',(#9074,#9085),#9088,.T.);
#9074 = FACE_BOUND('',#9075,.T.);
#9075 = EDGE_LOOP('',(#9076));
#9076 = ORIENTED_EDGE('',*,*,#9077,.F.);
#9077 = EDGE_CURVE('',#9078,#9078,#9080,.T.);
#9078 = VERTEX_POINT('',#9079);
#9079 = CARTESIAN_POINT('',(5.385,1.25,1.25));
#9080 = CIRCLE('',#9081,1.25);
#9081 = AXIS2_PLACEMENT_3D('',#9082,#9083,#9084);
#9082 = CARTESIAN_POINT('',(5.385,0.,1.25));
#9083 = DIRECTION('',(1.,0.,0.));
#9084 = DIRECTION('',(-0.,1.,0.));
#9085 = FACE_BOUND('',#9086,.T.);
#9086 = EDGE_LOOP('',(#9087));
#9087 = ORIENTED_EDGE('',*,*,#9026,.F.);
#9088 = PLANE('',#9089);
#9089 = AXIS2_PLACEMENT_3D('',#9090,#9091,#9092);
#9090 = CARTESIAN_POINT('',(5.385,1.25,1.25));
#9091 = DIRECTION('',(-1.,0.,0.));
#9092 = DIRECTION('',(0.,0.,-1.));
#9093 = ADVANCED_FACE('',(#9094),#9113,.T.);
#9094 = FACE_BOUND('',#9095,.T.);
#9095 = EDGE_LOOP('',(#9096,#9104,#9105,#9106));
#9096 = ORIENTED_EDGE('',*,*,#9097,.T.);
#9097 = EDGE_CURVE('',#9098,#9052,#9100,.T.);
#9098 = VERTEX_POINT('',#9099);
#9099 = CARTESIAN_POINT('',(0.3,-7.347880794884E-17,-3.));
#9100 = LINE('',#9101,#9102);
#9101 = CARTESIAN_POINT('',(0.3,0.,-3.));
#9102 = VECTOR('',#9103,1.);
#9103 = DIRECTION('',(0.,0.,1.));
#9104 = ORIENTED_EDGE('',*,*,#9051,.F.);
#9105 = ORIENTED_EDGE('',*,*,#9097,.F.);
#9106 = ORIENTED_EDGE('',*,*,#9107,.T.);
#9107 = EDGE_CURVE('',#9098,#9098,#9108,.T.);
#9108 = CIRCLE('',#9109,0.3);
#9109 = AXIS2_PLACEMENT_3D('',#9110,#9111,#9112);
#9110 = CARTESIAN_POINT('',(0.,0.,-3.));
#9111 = DIRECTION('',(0.,0.,1.));
#9112 = DIRECTION('',(1.,0.,-0.));
#9113 = CYLINDRICAL_SURFACE('',#9114,0.3);
#9114 = AXIS2_PLACEMENT_3D('',#9115,#9116,#9117);
#9115 = CARTESIAN_POINT('',(0.,0.,-3.));
#9116 = DIRECTION('',(0.,0.,1.));
#9117 = DIRECTION('',(1.,0.,-0.));
#9118 = ADVANCED_FACE('',(#9119),#9138,.T.);
#9119 = FACE_BOUND('',#9120,.T.);
#9120 = EDGE_LOOP('',(#9121,#9122,#9130,#9137));
#9121 = ORIENTED_EDGE('',*,*,#9077,.T.);
#9122 = ORIENTED_EDGE('',*,*,#9123,.T.);
#9123 = EDGE_CURVE('',#9078,#9124,#9126,.T.);
#9124 = VERTEX_POINT('',#9125);
#9125 = CARTESIAN_POINT('',(6.335,1.25,1.25));
#9126 = LINE('',#9127,#9128);
#9127 = CARTESIAN_POINT('',(5.385,1.25,1.25));
#9128 = VECTOR('',#9129,1.);
#9129 = DIRECTION('',(1.,0.,0.));
#9130 = ORIENTED_EDGE('',*,*,#9131,.F.);
#9131 = EDGE_CURVE('',#9124,#9124,#9132,.T.);
#9132 = CIRCLE('',#9133,1.25);
#9133 = AXIS2_PLACEMENT_3D('',#9134,#9135,#9136);
#9134 = CARTESIAN_POINT('',(6.335,0.,1.25));
#9135 = DIRECTION('',(1.,0.,0.));
#9136 = DIRECTION('',(-0.,1.,0.));
#9137 = ORIENTED_EDGE('',*,*,#9123,.F.);
#9138 = CYLINDRICAL_SURFACE('',#9139,1.25);
#9139 = AXIS2_PLACEMENT_3D('',#9140,#9141,#9142);
#9140 = CARTESIAN_POINT('',(5.385,0.,1.25));
#9141 = DIRECTION('',(-1.,-0.,-0.));
#9142 = DIRECTION('',(0.,1.,0.));
#9143 = ADVANCED_FACE('',(#9144),#9147,.T.);
#9144 = FACE_BOUND('',#9145,.F.);
#9145 = EDGE_LOOP('',(#9146));
#9146 = ORIENTED_EDGE('',*,*,#9107,.T.);
#9147 = PLANE('',#9148);
#9148 = AXIS2_PLACEMENT_3D('',#9149,#9150,#9151);
#9149 = CARTESIAN_POINT('',(0.3,0.,-3.));
#9150 = DIRECTION('',(0.,0.,-1.));
#9151 = DIRECTION('',(-1.,0.,0.));
#9152 = ADVANCED_FACE('',(#9153),#9173,.T.);
#9153 = FACE_BOUND('',#9154,.T.);
#9154 = EDGE_LOOP('',(#9155,#9164,#9165,#9166));
#9155 = ORIENTED_EDGE('',*,*,#9156,.F.);
#9156 = EDGE_CURVE('',#9124,#9157,#9159,.T.);
#9157 = VERTEX_POINT('',#9158);
#9158 = CARTESIAN_POINT('',(6.96,0.625,1.25));
#9159 = CIRCLE('',#9160,0.625);
#9160 = AXIS2_PLACEMENT_3D('',#9161,#9162,#9163);
#9161 = CARTESIAN_POINT('',(6.335,0.625,1.25));
#9162 = DIRECTION('',(0.,0.,-1.));
#9163 = DIRECTION('',(0.,1.,0.));
#9164 = ORIENTED_EDGE('',*,*,#9131,.T.);
#9165 = ORIENTED_EDGE('',*,*,#9156,.T.);
#9166 = ORIENTED_EDGE('',*,*,#9167,.F.);
#9167 = EDGE_CURVE('',#9157,#9157,#9168,.T.);
#9168 = CIRCLE('',#9169,0.625);
#9169 = AXIS2_PLACEMENT_3D('',#9170,#9171,#9172);
#9170 = CARTESIAN_POINT('',(6.96,0.,1.25));
#9171 = DIRECTION('',(1.,0.,0.));
#9172 = DIRECTION('',(-0.,1.,0.));
#9173 = TOROIDAL_SURFACE('',#9174,0.625,0.625);
#9174 = AXIS2_PLACEMENT_3D('',#9175,#9176,#9177);
#9175 = CARTESIAN_POINT('',(6.335,0.,1.25));
#9176 = DIRECTION('',(1.,0.,0.));
#9177 = DIRECTION('',(-0.,1.,0.));
#9178 = ADVANCED_FACE('',(#9179,#9182),#9356,.F.);
#9179 = FACE_BOUND('',#9180,.F.);
#9180 = EDGE_LOOP('',(#9181));
#9181 = ORIENTED_EDGE('',*,*,#9167,.F.);
#9182 = FACE_BOUND('',#9183,.F.);
#9183 = EDGE_LOOP('',(#9184));
#9184 = ORIENTED_EDGE('',*,*,#9185,.F.);
#9185 = EDGE_CURVE('',#9186,#9186,#9188,.T.);
#9186 = VERTEX_POINT('',#9187);
#9187 = CARTESIAN_POINT('',(6.96,1.102182119233E-16,0.899909083395));
#9188 = B_SPLINE_CURVE_WITH_KNOTS('',6,(#9189,#9190,#9191,#9192,#9193,
    #9194,#9195,#9196,#9197,#9198,#9199,#9200,#9201,#9202,#9203,#9204,
    #9205,#9206,#9207,#9208,#9209,#9210,#9211,#9212,#9213,#9214,#9215,
    #9216,#9217,#9218,#9219,#9220,#9221,#9222,#9223,#9224,#9225,#9226,
    #9227,#9228,#9229,#9230,#9231,#9232,#9233,#9234,#9235,#9236,#9237,
    #9238,#9239,#9240,#9241,#9242,#9243,#9244,#9245,#9246,#9247,#9248,
    #9249,#9250,#9251,#9252,#9253,#9254,#9255,#9256,#9257,#9258,#9259,
    #9260,#9261,#9262,#9263,#9264,#9265,#9266,#9267,#9268,#9269,#9270,
    #9271,#9272,#9273,#9274,#9275,#9276,#9277,#9278,#9279,#9280,#9281,
    #9282,#9283,#9284,#9285,#9286,#9287,#9288,#9289,#9290,#9291,#9292,
    #9293,#9294,#9295,#9296,#9297,#9298,#9299,#9300,#9301,#9302,#9303,
    #9304,#9305,#9306,#9307,#9308,#9309,#9310,#9311,#9312,#9313,#9314,
    #9315,#9316,#9317,#9318,#9319,#9320,#9321,#9322,#9323,#9324,#9325,
    #9326,#9327,#9328,#9329,#9330,#9331,#9332,#9333,#9334,#9335,#9336,
    #9337,#9338,#9339,#9340,#9341,#9342,#9343,#9344,#9345,#9346,#9347,
    #9348,#9349,#9350,#9351,#9352,#9353,#9354,#9355),.UNSPECIFIED.,.T.,
  .F.,(1,6,5,5,5,5,5,5,5,5,5,5,5,5,5,5,5,5,5,5,5,5,5,5,5,5,5,5,5,5,5,5,5
    ,5,6,1),(-3.7454922963E-02,0.,2.522151735631E-02,5.431626764274E-02,
    8.648932873413E-02,0.120698905604,0.15585219498,0.191016701755,
    0.225517033144,0.258939642143,0.291086884381,0.32191412294,
    0.351469698498,0.379846555914,0.407148198058,0.433469525493,
    0.458895614127,0.483540398702,0.505898369155,0.530279933853,
    0.555348100008,0.581270886766,0.608136607836,0.636034631737,
    0.665066137875,0.695331933304,0.726904811218,0.759787311372,
    0.793856187529,0.828799116201,0.864057997078,0.898806507422,
    0.932001552493,0.962545077037,1.,1.025221517356),.UNSPECIFIED.);
#9189 = CARTESIAN_POINT('',(6.96,0.,0.899909083395));
#9190 = CARTESIAN_POINT('',(6.96,-9.860167462582E-03,0.89990896861));
#9191 = CARTESIAN_POINT('',(6.96,-1.96044152314E-02,0.900333777569));
#9192 = CARTESIAN_POINT('',(6.96,-2.906856746895E-02,0.901162791225));
#9193 = CARTESIAN_POINT('',(6.96,-3.818494668051E-02,0.902337445313));
#9194 = CARTESIAN_POINT('',(6.96,-4.697397432956E-02,0.903804960014));
#9195 = CARTESIAN_POINT('',(6.96,-6.54122858756E-02,0.907588661461));
#9196 = CARTESIAN_POINT('',(6.96,-7.491985816654E-02,0.909985989386));
#9197 = CARTESIAN_POINT('',(6.96,-8.408849098391E-02,0.912709553602));
#9198 = CARTESIAN_POINT('',(6.96,-9.294310465939E-02,0.915726321464));
#9199 = CARTESIAN_POINT('',(6.96,-0.10150496885,0.919011549987));
#9200 = CARTESIAN_POINT('',(6.96,-0.118958221281,0.926453836747));
#9201 = CARTESIAN_POINT('',(6.96,-0.127787715696,0.930666010737));
#9202 = CARTESIAN_POINT('',(6.96,-0.136306161655,0.935155928941));
#9203 = CARTESIAN_POINT('',(6.96,-0.144532121634,0.939904049757));
#9204 = CARTESIAN_POINT('',(6.96,-0.152479877126,0.944895641374));
#9205 = CARTESIAN_POINT('',(6.96,-0.168328600516,0.955672815412));
#9206 = CARTESIAN_POINT('',(6.96,-0.176194773963,0.961488214941));
#9207 = CARTESIAN_POINT('',(6.96,-0.183772608747,0.967551566344));
#9208 = CARTESIAN_POINT('',(6.96,-0.191071765541,0.973851742068));
#9209 = CARTESIAN_POINT('',(6.96,-0.198098606692,0.980379951052));
#9210 = CARTESIAN_POINT('',(6.96,-0.211800202804,0.994065659178));
#9211 = CARTESIAN_POINT('',(6.96,-0.218460270558,1.001234983766));
#9212 = CARTESIAN_POINT('',(6.96,-0.224839910615,1.00863041136));
#9213 = CARTESIAN_POINT('',(6.96,-0.230940211566,1.016245364777));
#9214 = CARTESIAN_POINT('',(6.96,-0.236759839456,1.024073990789));
#9215 = CARTESIAN_POINT('',(6.96,-0.247832003876,1.040150861324));
#9216 = CARTESIAN_POINT('',(6.96,-0.253084568675,1.048398903269));
#9217 = CARTESIAN_POINT('',(6.96,-0.258049049185,1.05685004652));
#9218 = CARTESIAN_POINT('',(6.96,-0.2627200155,1.065498685566));
#9219 = CARTESIAN_POINT('',(6.96,-0.267090290802,1.074338848812));
#9220 = CARTESIAN_POINT('',(6.96,-0.275134913375,1.092219064394));
#9221 = CARTESIAN_POINT('',(6.96,-0.278821000575,1.10125194666));
#9222 = CARTESIAN_POINT('',(6.96,-0.282200788118,1.110456818481));
#9223 = CARTESIAN_POINT('',(6.96,-0.285264726102,1.119826534893));
#9224 = CARTESIAN_POINT('',(6.96,-0.288002139566,1.129352832871));
#9225 = CARTESIAN_POINT('',(6.96,-0.292725370416,1.148397637921));
#9226 = CARTESIAN_POINT('',(6.96,-0.29473215882,1.157906911838));
#9227 = CARTESIAN_POINT('',(6.96,-0.296410834199,1.16754558505));
#9228 = CARTESIAN_POINT('',(6.96,-0.297750172302,1.177303521997));
#9229 = CARTESIAN_POINT('',(6.96,-0.298738484134,1.187169019587));
#9230 = CARTESIAN_POINT('',(6.96,-0.29996489055,1.20670853133));
#9231 = CARTESIAN_POINT('',(6.96,-0.300230362775,1.216375375657));
#9232 = CARTESIAN_POINT('',(6.96,-0.300149187552,1.22611747583));
#9233 = CARTESIAN_POINT('',(6.96,-0.299710732489,1.235921267953));
#9234 = CARTESIAN_POINT('',(6.96,-0.298904577874,1.245771488577));
#9235 = CARTESIAN_POINT('',(6.96,-0.296585075031,1.265125180201));
#9236 = CARTESIAN_POINT('',(6.96,-0.295102319855,1.27462625024));
#9237 = CARTESIAN_POINT('',(6.96,-0.293263243612,1.284139361954));
#9238 = CARTESIAN_POINT('',(6.96,-0.29105964956,1.293647958229));
#9239 = CARTESIAN_POINT('',(6.96,-0.288484151749,1.303133947704));
#9240 = CARTESIAN_POINT('',(6.96,-0.282698057797,1.321631888118));
#9241 = CARTESIAN_POINT('',(6.96,-0.279518212828,1.330647292743));
#9242 = CARTESIAN_POINT('',(6.96,-0.275984865526,1.339606568389));
#9243 = CARTESIAN_POINT('',(6.96,-0.27209347283,1.348491205415));
#9244 = CARTESIAN_POINT('',(6.96,-0.26784072321,1.357281534804));
#9245 = CARTESIAN_POINT('',(6.96,-0.258792456003,1.374285939199));
#9246 = CARTESIAN_POINT('',(6.96,-0.254025471274,1.382509099941));
#9247 = CARTESIAN_POINT('',(6.96,-0.248921774536,1.390607746147));
#9248 = CARTESIAN_POINT('',(6.96,-0.24348099529,1.398562707415));
#9249 = CARTESIAN_POINT('',(6.96,-0.237704200488,1.406354107177));
#9250 = CARTESIAN_POINT('',(6.96,-0.225715116467,1.421280374005));
#9251 = CARTESIAN_POINT('',(6.96,-0.219527700064,1.428429026844));
#9252 = CARTESIAN_POINT('',(6.96,-0.213033898729,1.435388985848));
#9253 = CARTESIAN_POINT('',(6.96,-0.206237442407,1.442141620875));
#9254 = CARTESIAN_POINT('',(6.96,-0.199143537578,1.448668007007));
#9255 = CARTESIAN_POINT('',(6.96,-0.184639358866,1.461004311837));
#9256 = CARTESIAN_POINT('',(6.96,-0.177249661366,1.46683162664));
#9257 = CARTESIAN_POINT('',(6.96,-0.169595743404,1.472413651413));
#9258 = CARTESIAN_POINT('',(6.96,-0.161685063001,1.477733185029));
#9259 = CARTESIAN_POINT('',(6.96,-0.153526567552,1.482773042789));
#9260 = CARTESIAN_POINT('',(6.96,-0.137020377957,1.492097733275));
#9261 = CARTESIAN_POINT('',(6.96,-0.128688741655,1.496402506097));
#9262 = CARTESIAN_POINT('',(6.96,-0.120145015698,1.500414870926));
#9263 = CARTESIAN_POINT('',(6.96,-0.111400273136,1.504119613979));
#9264 = CARTESIAN_POINT('',(6.96,-0.102467429294,1.507501811642));
#9265 = CARTESIAN_POINT('',(6.96,-8.453487359643E-02,1.513498183633));
#9266 = CARTESIAN_POINT('',(6.96,-7.554644720911E-02,1.51613308184));
#9267 = CARTESIAN_POINT('',(6.96,-6.640854708582E-02,1.518437839156));
#9268 = CARTESIAN_POINT('',(6.96,-5.713780068804E-02,1.520399910874));
#9269 = CARTESIAN_POINT('',(6.96,-4.775487845774E-02,1.522007893513));
#9270 = CARTESIAN_POINT('',(6.96,-2.969292548283E-02,1.52437977876));
#9271 = CARTESIAN_POINT('',(6.96,-2.102889094976E-02,1.525208924822));
#9272 = CARTESIAN_POINT('',(6.96,-1.231404153143E-02,1.525730890851));
#9273 = CARTESIAN_POINT('',(6.96,-3.572679276074E-03,1.525941220805));
#9274 = CARTESIAN_POINT('',(6.96,5.168243033088E-03,1.52583907475));
#9275 = CARTESIAN_POINT('',(6.96,2.337844678287E-02,1.524978413229));
#9276 = CARTESIAN_POINT('',(6.96,3.284373024997E-02,1.524160868463));
#9277 = CARTESIAN_POINT('',(6.96,4.224172239025E-02,1.522980299422));
#9278 = CARTESIAN_POINT('',(6.96,5.154503802108E-02,1.521444853212));
#9279 = CARTESIAN_POINT('',(6.96,6.073215666605E-02,1.519565119195));
#9280 = CARTESIAN_POINT('',(6.96,7.909771199475E-02,1.515080715405));
#9281 = CARTESIAN_POINT('',(6.96,8.82675531125E-02,1.512456387335));
#9282 = CARTESIAN_POINT('',(6.96,9.727920151967E-02,1.509494357792));
#9283 = CARTESIAN_POINT('',(6.96,0.106117302403,1.506208331254));
#9284 = CARTESIAN_POINT('',(6.96,0.114768890523,1.502612503667));
#9285 = CARTESIAN_POINT('',(6.96,0.1319661163,1.494697932395));
#9286 = CARTESIAN_POINT('',(6.96,0.140497712216,1.490358583428));
#9287 = CARTESIAN_POINT('',(6.96,0.148806071355,1.485719654426));
#9288 = CARTESIAN_POINT('',(6.96,0.156880646133,1.480797412311));
#9289 = CARTESIAN_POINT('',(6.96,0.164712447986,1.475608252032));
#9290 = CARTESIAN_POINT('',(6.96,0.180151425777,1.46453127229));
#9291 = CARTESIAN_POINT('',(6.96,0.187739967164,1.45862481836));
#9292 = CARTESIAN_POINT('',(6.96,0.195051332691,1.452467727028));
#9293 = CARTESIAN_POINT('',(6.96,0.20207865613,1.446078243141));
#9294 = CARTESIAN_POINT('',(6.96,0.208816543867,1.439474464151));
#9295 = CARTESIAN_POINT('',(6.96,0.221953238059,1.425612923524));
#9296 = CARTESIAN_POINT('',(6.96,0.228328994524,1.418339683896));
#9297 = CARTESIAN_POINT('',(6.96,0.234383964852,1.410874723556));
#9298 = CARTESIAN_POINT('',(6.96,0.240115238483,1.403237627432));
#9299 = CARTESIAN_POINT('',(6.96,0.245521373748,1.395447463058));
#9300 = CARTESIAN_POINT('',(6.96,0.25588986733,1.379276120213));
#9301 = CARTESIAN_POINT('',(6.96,0.260825161615,1.370883687614));
#9302 = CARTESIAN_POINT('',(6.96,0.265408347201,1.362366366749));
#9303 = CARTESIAN_POINT('',(6.96,0.269640836772,1.353744077057));
#9304 = CARTESIAN_POINT('',(6.96,0.273525389215,1.345035773446));
#9305 = CARTESIAN_POINT('',(6.96,0.280757370989,1.327109983642));
#9306 = CARTESIAN_POINT('',(6.96,0.284074778857,1.317886520225));
#9307 = CARTESIAN_POINT('',(6.96,0.28702301626,1.308609389122));
#9308 = CARTESIAN_POINT('',(6.96,0.289607785113,1.29929753334));
#9309 = CARTESIAN_POINT('',(6.96,0.291835806202,1.289968505808));
#9310 = CARTESIAN_POINT('',(6.96,0.295674983107,1.270905490066));
#9311 = CARTESIAN_POINT('',(6.96,0.297255138129,1.261171409814));
#9312 = CARTESIAN_POINT('',(6.96,0.298464076807,1.251454505978));
#9313 = CARTESIAN_POINT('',(6.96,0.299311079865,1.241771395371));
#9314 = CARTESIAN_POINT('',(6.96,0.299805916194,1.232137034265));
#9315 = CARTESIAN_POINT('',(6.96,0.300118111197,1.212595339038));
#9316 = CARTESIAN_POINT('',(6.96,0.299906304864,1.202693342182));
#9317 = CARTESIAN_POINT('',(6.96,0.299334986276,1.192873677979));
#9318 = CARTESIAN_POINT('',(6.96,0.298415549391,1.183149632812));
#9319 = CARTESIAN_POINT('',(6.96,0.29715921972,1.173532829284));
#9320 = CARTESIAN_POINT('',(6.96,0.293937801394,1.154190874));
#9321 = CARTESIAN_POINT('',(6.96,0.291948588365,1.144474495238));
#9322 = CARTESIAN_POINT('',(6.96,0.28962167445,1.134895115228));
#9323 = CARTESIAN_POINT('',(6.96,0.286968474246,1.125462408515));
#9324 = CARTESIAN_POINT('',(6.96,0.283999557728,1.116184698885));
#9325 = CARTESIAN_POINT('',(6.96,0.277365720041,1.097719338125));
#9326 = CARTESIAN_POINT('',(6.96,0.273684735103,1.088540329457));
#9327 = CARTESIAN_POINT('',(6.96,0.269692170683,1.079539418357));
#9328 = CARTESIAN_POINT('',(6.96,0.265397023465,1.070723360764));
#9329 = CARTESIAN_POINT('',(6.96,0.260806811571,1.062098183552));
#9330 = CARTESIAN_POINT('',(6.96,0.251004219697,1.045163947022));
#9331 = CARTESIAN_POINT('',(6.96,0.245786411547,1.036858741787));
#9332 = CARTESIAN_POINT('',(6.96,0.240280395782,1.028758943151));
#9333 = CARTESIAN_POINT('',(6.96,0.234490304979,1.02087012779));
#9334 = CARTESIAN_POINT('',(6.96,0.22841815861,1.013198074729));
#9335 = CARTESIAN_POINT('',(6.96,0.215801547815,0.998407234883));
#9336 = CARTESIAN_POINT('',(6.96,0.209264913083,0.99128247471));
#9337 = CARTESIAN_POINT('',(6.96,0.202454000094,0.984380026053));
#9338 = CARTESIAN_POINT('',(6.96,0.195365961507,0.977706983911));
#9339 = CARTESIAN_POINT('',(6.96,0.187995061392,0.971271997058));
#9340 = CARTESIAN_POINT('',(6.96,0.173012837564,0.959175029375));
#9341 = CARTESIAN_POINT('',(6.96,0.165426529007,0.953492099376));
#9342 = CARTESIAN_POINT('',(6.96,0.157566437944,0.948044934321));
#9343 = CARTESIAN_POINT('',(6.96,0.149421373308,0.942845601948));
#9344 = CARTESIAN_POINT('',(6.96,0.140976264593,0.937909781461));
#9345 = CARTESIAN_POINT('',(6.96,0.124148131162,0.928975627958));
#9346 = CARTESIAN_POINT('',(6.96,0.115814071992,0.924934439518));
#9347 = CARTESIAN_POINT('',(6.96,0.107194037794,0.921149181784));
#9348 = CARTESIAN_POINT('',(6.96,9.826937450524E-02,0.917639774974));
#9349 = CARTESIAN_POINT('',(6.96,8.901696421491E-02,0.914432828225));
#9350 = CARTESIAN_POINT('',(6.96,6.762356037127E-02,0.908046964389));
#9351 = CARTESIAN_POINT('',(6.96,5.540377745077E-02,0.905068595899));
#9352 = CARTESIAN_POINT('',(6.96,4.253681255711E-02,0.902629529668));
#9353 = CARTESIAN_POINT('',(6.96,2.893994360873E-02,0.900849442899));
#9354 = CARTESIAN_POINT('',(6.96,1.46772221458E-02,0.899909046356));
#9355 = CARTESIAN_POINT('',(6.96,0.,0.899909083395));
#9356 = PLANE('',#9357);
#9357 = AXIS2_PLACEMENT_3D('',#9358,#9359,#9360);
#9358 = CARTESIAN_POINT('',(6.96,1.25,1.25));
#9359 = DIRECTION('',(-1.,0.,0.));
#9360 = DIRECTION('',(0.,0.,-1.));
#9361 = ADVANCED_FACE('',(#9362),#9382,.T.);
#9362 = FACE_BOUND('',#9363,.T.);
#9363 = EDGE_LOOP('',(#9364,#9365,#9374,#9381));
#9364 = ORIENTED_EDGE('',*,*,#9185,.F.);
#9365 = ORIENTED_EDGE('',*,*,#9366,.T.);
#9366 = EDGE_CURVE('',#9186,#9367,#9369,.T.);
#9367 = VERTEX_POINT('',#9368);
#9368 = CARTESIAN_POINT('',(7.32,0.,0.35));
#9369 = CIRCLE('',#9370,0.6);
#9370 = AXIS2_PLACEMENT_3D('',#9371,#9372,#9373);
#9371 = CARTESIAN_POINT('',(6.72,1.102182119233E-16,0.35));
#9372 = DIRECTION('',(0.,1.,0.));
#9373 = DIRECTION('',(0.,-0.,1.));
#9374 = ORIENTED_EDGE('',*,*,#9375,.T.);
#9375 = EDGE_CURVE('',#9367,#9367,#9376,.T.);
#9376 = CIRCLE('',#9377,0.3);
#9377 = AXIS2_PLACEMENT_3D('',#9378,#9379,#9380);
#9378 = CARTESIAN_POINT('',(7.62,0.,0.35));
#9379 = DIRECTION('',(3.828568698927E-16,-0.,1.));
#9380 = DIRECTION('',(1.,0.,-3.828568698927E-16));
#9381 = ORIENTED_EDGE('',*,*,#9366,.F.);
#9382 = TOROIDAL_SURFACE('',#9383,0.9,0.3);
#9383 = AXIS2_PLACEMENT_3D('',#9384,#9385,#9386);
#9384 = CARTESIAN_POINT('',(6.72,0.,0.35));
#9385 = DIRECTION('',(0.,1.,0.));
#9386 = DIRECTION('',(0.,-0.,1.));
#9387 = ADVANCED_FACE('',(#9388),#9407,.T.);
#9388 = FACE_BOUND('',#9389,.T.);
#9389 = EDGE_LOOP('',(#9390,#9398,#9405,#9406));
#9390 = ORIENTED_EDGE('',*,*,#9391,.T.);
#9391 = EDGE_CURVE('',#9367,#9392,#9394,.T.);
#9392 = VERTEX_POINT('',#9393);
#9393 = CARTESIAN_POINT('',(7.32,-7.347880794884E-17,-3.));
#9394 = LINE('',#9395,#9396);
#9395 = CARTESIAN_POINT('',(7.32,0.,0.35));
#9396 = VECTOR('',#9397,1.);
#9397 = DIRECTION('',(0.,0.,-1.));
#9398 = ORIENTED_EDGE('',*,*,#9399,.F.);
#9399 = EDGE_CURVE('',#9392,#9392,#9400,.T.);
#9400 = CIRCLE('',#9401,0.3);
#9401 = AXIS2_PLACEMENT_3D('',#9402,#9403,#9404);
#9402 = CARTESIAN_POINT('',(7.62,0.,-3.));
#9403 = DIRECTION('',(0.,0.,-1.));
#9404 = DIRECTION('',(-1.,0.,0.));
#9405 = ORIENTED_EDGE('',*,*,#9391,.F.);
#9406 = ORIENTED_EDGE('',*,*,#9375,.F.);
#9407 = CYLINDRICAL_SURFACE('',#9408,0.3);
#9408 = AXIS2_PLACEMENT_3D('',#9409,#9410,#9411);
#9409 = CARTESIAN_POINT('',(7.62,0.,0.35));
#9410 = DIRECTION('',(0.,0.,-1.));
#9411 = DIRECTION('',(-1.,0.,0.));
#9412 = ADVANCED_FACE('',(#9413),#9416,.F.);
#9413 = FACE_BOUND('',#9414,.T.);
#9414 = EDGE_LOOP('',(#9415));
#9415 = ORIENTED_EDGE('',*,*,#9399,.T.);
#9416 = PLANE('',#9417);
#9417 = AXIS2_PLACEMENT_3D('',#9418,#9419,#9420);
#9418 = CARTESIAN_POINT('',(7.32,0.,-3.));
#9419 = DIRECTION('',(0.,0.,1.));
#9420 = DIRECTION('',(1.,0.,-0.));
#9421 = ( GEOMETRIC_REPRESENTATION_CONTEXT(3) 
GLOBAL_UNCERTAINTY_ASSIGNED_CONTEXT((#9425)) 
GLOBAL_UNIT_ASSIGNED_CONTEXT((#9422,#9423,#9424)) REPRESENTATION_CONTEXT
('Context #1','3D Context with UNIT and UNCERTAINTY') );
#9422 = ( LENGTH_UNIT() NAMED_UNIT(*) SI_UNIT(.MILLI.,.METRE.) );
#9423 = ( NAMED_UNIT(*) PLANE_ANGLE_UNIT() SI_UNIT($,.RADIAN.) );
#9424 = ( NAMED_UNIT(*) SI_UNIT($,.STERADIAN.) SOLID_ANGLE_UNIT() );
#9425 = UNCERTAINTY_MEASURE_WITH_UNIT(LENGTH_MEASURE(1.E-07),#9422,
  'distance_accuracy_value','confusion accuracy');
#9426 = CONTEXT_DEPENDENT_SHAPE_REPRESENTATION(#9427,#9429);
#9427 = ( REPRESENTATION_RELATIONSHIP('','',#8757,#8734) 
REPRESENTATION_RELATIONSHIP_WITH_TRANSFORMATION(#9428) 
SHAPE_REPRESENTATION_RELATIONSHIP() );
#9428 = ITEM_DEFINED_TRANSFORMATION('','',#11,#8735);
#9429 = PRODUCT_DEFINITION_SHAPE('Placement','Placement of an item',
  #9430);
#9430 = NEXT_ASSEMBLY_USAGE_OCCURRENCE('7','=>[0:1:1:9]','',#8729,#8752,
  $);
#9431 = PRODUCT_RELATED_PRODUCT_CATEGORY('part',$,(#8754));
#9432 = CONTEXT_DEPENDENT_SHAPE_REPRESENTATION(#9433,#9435);
#9433 = ( REPRESENTATION_RELATIONSHIP('','',#5238,#10) 
REPRESENTATION_RELATIONSHIP_WITH_TRANSFORMATION(#9434) 
SHAPE_REPRESENTATION_RELATIONSHIP() );
#9434 = ITEM_DEFINED_TRANSFORMATION('','',#11,#31);
#9435 = PRODUCT_DEFINITION_SHAPE('Placement','Placement of an item',
  #9436);
#9436 = NEXT_ASSEMBLY_USAGE_OCCURRENCE('9','SGP41','',#5,#5233,$);
#9437 = SHAPE_DEFINITION_REPRESENTATION(#9438,#9444);
#9438 = PRODUCT_DEFINITION_SHAPE('','',#9439);
#9439 = PRODUCT_DEFINITION('design','',#9440,#9443);
#9440 = PRODUCT_DEFINITION_FORMATION('','',#9441);
#9441 = PRODUCT('PinHeader_1x04_P2.54mm_Vertical',
  'PinHeader_1x04_P2.54mm_Vertical','',(#9442));
#9442 = PRODUCT_CONTEXT('',#2,'mechanical');
#9443 = PRODUCT_DEFINITION_CONTEXT('part definition',#2,'design');
#9444 = SHAPE_REPRESENTATION('',(#11,#9445),#9449);
#9445 = AXIS2_PLACEMENT_3D('',#9446,#9447,#9448);
#9446 = CARTESIAN_POINT('',(0.,0.,0.));
#9447 = DIRECTION('',(0.,0.,1.));
#9448 = DIRECTION('',(1.,0.,-0.));
#9449 = ( GEOMETRIC_REPRESENTATION_CONTEXT(3) 
GLOBAL_UNCERTAINTY_ASSIGNED_CONTEXT((#9453)) 
GLOBAL_UNIT_ASSIGNED_CONTEXT((#9450,#9451,#9452)) REPRESENTATION_CONTEXT
('Context #1','3D Context with UNIT and UNCERTAINTY') );
#9450 = ( LENGTH_UNIT() NAMED_UNIT(*) SI_UNIT(.MILLI.,.METRE.) );
#9451 = ( NAMED_UNIT(*) PLANE_ANGLE_UNIT() SI_UNIT($,.RADIAN.) );
#9452 = ( NAMED_UNIT(*) SI_UNIT($,.STERADIAN.) SOLID_ANGLE_UNIT() );
#9453 = UNCERTAINTY_MEASURE_WITH_UNIT(LENGTH_MEASURE(1.E-07),#9450,
  'distance_accuracy_value','confusion accuracy');
#9454 = CONTEXT_DEPENDENT_SHAPE_REPRESENTATION(#9455,#9457);
#9455 = ( REPRESENTATION_RELATIONSHIP('','',#9444,#10) 
REPRESENTATION_RELATIONSHIP_WITH_TRANSFORMATION(#9456) 
SHAPE_REPRESENTATION_RELATIONSHIP() );
#9456 = ITEM_DEFINED_TRANSFORMATION('','',#11,#35);
#9457 = PRODUCT_DEFINITION_SHAPE('Placement','Placement of an item',
  #9458);
#9458 = NEXT_ASSEMBLY_USAGE_OCCURRENCE('11','SHT40','',#5,#9439,$);
#9459 = PRODUCT_RELATED_PRODUCT_CATEGORY('part',$,(#9441));
#9460 = SHAPE_DEFINITION_REPRESENTATION(#9461,#9467);
#9461 = PRODUCT_DEFINITION_SHAPE('','',#9462);
#9462 = PRODUCT_DEFINITION('design','',#9463,#9466);
#9463 = PRODUCT_DEFINITION_FORMATION('','',#9464);
#9464 = PRODUCT('PinHeader_1x04_P254mm_Vertical',
  'PinHeader_1x04_P254mm_Vertical','',(#9465));
#9465 = PRODUCT_CONTEXT('',#2,'mechanical');
#9466 = PRODUCT_DEFINITION_CONTEXT('part definition',#2,'design');
#9467 = ADVANCED_BREP_SHAPE_REPRESENTATION('',(#11,#9468),#12248);
#9468 = MANIFOLD_SOLID_BREP('',#9469);
#9469 = CLOSED_SHELL('',(#9470,#9510,#9541,#9572,#9901,#10230,#10247,
    #10264,#10281,#10298,#10315,#10332,#10349,#10366,#10383,#10400,
    #10417,#10434,#10451,#10468,#10485,#10502,#10519,#10536,#10553,
    #10570,#10587,#10604,#10616,#10647,#10671,#10695,#10712,#10743,
    #10767,#10791,#10808,#10839,#10863,#10887,#10904,#10935,#10959,
    #10983,#11000,#11031,#11055,#11079,#11096,#11127,#11151,#11175,
    #11192,#11223,#11247,#11271,#11288,#11319,#11343,#11367,#11384,
    #11415,#11439,#11463,#11480,#11511,#11535,#11559,#11576,#11607,
    #11631,#11655,#11672,#11703,#11727,#11751,#11768,#11799,#11823,
    #11847,#11864,#11895,#11919,#11943,#11960,#11991,#12015,#12039,
    #12056,#12087,#12111,#12135,#12152,#12164,#12176,#12188,#12200,
    #12212,#12224,#12236));
#9470 = ADVANCED_FACE('',(#9471),#9505,.F.);
#9471 = FACE_BOUND('',#9472,.F.);
#9472 = EDGE_LOOP('',(#9473,#9483,#9491,#9499));
#9473 = ORIENTED_EDGE('',*,*,#9474,.T.);
#9474 = EDGE_CURVE('',#9475,#9477,#9479,.T.);
#9475 = VERTEX_POINT('',#9476);
#9476 = CARTESIAN_POINT('',(-1.016,1.27,0.));
#9477 = VERTEX_POINT('',#9478);
#9478 = CARTESIAN_POINT('',(-1.016,1.27,2.54));
#9479 = LINE('',#9480,#9481);
#9480 = CARTESIAN_POINT('',(-1.016,1.27,0.));
#9481 = VECTOR('',#9482,1.);
#9482 = DIRECTION('',(0.,0.,1.));
#9483 = ORIENTED_EDGE('',*,*,#9484,.T.);
#9484 = EDGE_CURVE('',#9477,#9485,#9487,.T.);
#9485 = VERTEX_POINT('',#9486);
#9486 = CARTESIAN_POINT('',(-1.27,1.016,2.54));
#9487 = LINE('',#9488,#9489);
#9488 = CARTESIAN_POINT('',(-1.016,1.27,2.54));
#9489 = VECTOR('',#9490,1.);
#9490 = DIRECTION('',(-0.707106781187,-0.707106781187,0.));
#9491 = ORIENTED_EDGE('',*,*,#9492,.F.);
#9492 = EDGE_CURVE('',#9493,#9485,#9495,.T.);
#9493 = VERTEX_POINT('',#9494);
#9494 = CARTESIAN_POINT('',(-1.27,1.016,0.));
#9495 = LINE('',#9496,#9497);
#9496 = CARTESIAN_POINT('',(-1.27,1.016,0.));
#9497 = VECTOR('',#9498,1.);
#9498 = DIRECTION('',(0.,0.,1.));
#9499 = ORIENTED_EDGE('',*,*,#9500,.F.);
#9500 = EDGE_CURVE('',#9475,#9493,#9501,.T.);
#9501 = LINE('',#9502,#9503);
#9502 = CARTESIAN_POINT('',(-1.016,1.27,0.));
#9503 = VECTOR('',#9504,1.);
#9504 = DIRECTION('',(-0.707106781187,-0.707106781187,0.));
#9505 = PLANE('',#9506);
#9506 = AXIS2_PLACEMENT_3D('',#9507,#9508,#9509);
#9507 = CARTESIAN_POINT('',(-1.016,1.27,0.));
#9508 = DIRECTION('',(0.707106781187,-0.707106781187,0.));
#9509 = DIRECTION('',(-0.707106781187,-0.707106781187,0.));
#9510 = ADVANCED_FACE('',(#9511),#9536,.F.);
#9511 = FACE_BOUND('',#9512,.F.);
#9512 = EDGE_LOOP('',(#9513,#9523,#9529,#9530));
#9513 = ORIENTED_EDGE('',*,*,#9514,.T.);
#9514 = EDGE_CURVE('',#9515,#9517,#9519,.T.);
#9515 = VERTEX_POINT('',#9516);
#9516 = CARTESIAN_POINT('',(1.016,1.27,0.));
#9517 = VERTEX_POINT('',#9518);
#9518 = CARTESIAN_POINT('',(1.016,1.27,2.54));
#9519 = LINE('',#9520,#9521);
#9520 = CARTESIAN_POINT('',(1.016,1.27,0.));
#9521 = VECTOR('',#9522,1.);
#9522 = DIRECTION('',(0.,0.,1.));
#9523 = ORIENTED_EDGE('',*,*,#9524,.T.);
#9524 = EDGE_CURVE('',#9517,#9477,#9525,.T.);
#9525 = LINE('',#9526,#9527);
#9526 = CARTESIAN_POINT('',(1.016,1.27,2.54));
#9527 = VECTOR('',#9528,1.);
#9528 = DIRECTION('',(-1.,0.,0.));
#9529 = ORIENTED_EDGE('',*,*,#9474,.F.);
#9530 = ORIENTED_EDGE('',*,*,#9531,.F.);
#9531 = EDGE_CURVE('',#9515,#9475,#9532,.T.);
#9532 = LINE('',#9533,#9534);
#9533 = CARTESIAN_POINT('',(1.016,1.27,0.));
#9534 = VECTOR('',#9535,1.);
#9535 = DIRECTION('',(-1.,0.,0.));
#9536 = PLANE('',#9537);
#9537 = AXIS2_PLACEMENT_3D('',#9538,#9539,#9540);
#9538 = CARTESIAN_POINT('',(1.016,1.27,0.));
#9539 = DIRECTION('',(0.,-1.,0.));
#9540 = DIRECTION('',(-1.,0.,0.));
#9541 = ADVANCED_FACE('',(#9542),#9567,.F.);
#9542 = FACE_BOUND('',#9543,.F.);
#9543 = EDGE_LOOP('',(#9544,#9545,#9553,#9561));
#9544 = ORIENTED_EDGE('',*,*,#9492,.T.);
#9545 = ORIENTED_EDGE('',*,*,#9546,.T.);
#9546 = EDGE_CURVE('',#9485,#9547,#9549,.T.);
#9547 = VERTEX_POINT('',#9548);
#9548 = CARTESIAN_POINT('',(-1.27,-1.016,2.54));
#9549 = LINE('',#9550,#9551);
#9550 = CARTESIAN_POINT('',(-1.27,1.016,2.54));
#9551 = VECTOR('',#9552,1.);
#9552 = DIRECTION('',(0.,-1.,0.));
#9553 = ORIENTED_EDGE('',*,*,#9554,.F.);
#9554 = EDGE_CURVE('',#9555,#9547,#9557,.T.);
#9555 = VERTEX_POINT('',#9556);
#9556 = CARTESIAN_POINT('',(-1.27,-1.016,0.));
#9557 = LINE('',#9558,#9559);
#9558 = CARTESIAN_POINT('',(-1.27,-1.016,0.));
#9559 = VECTOR('',#9560,1.);
#9560 = DIRECTION('',(0.,0.,1.));
#9561 = ORIENTED_EDGE('',*,*,#9562,.F.);
#9562 = EDGE_CURVE('',#9493,#9555,#9563,.T.);
#9563 = LINE('',#9564,#9565);
#9564 = CARTESIAN_POINT('',(-1.27,1.016,0.));
#9565 = VECTOR('',#9566,1.);
#9566 = DIRECTION('',(0.,-1.,0.));
#9567 = PLANE('',#9568);
#9568 = AXIS2_PLACEMENT_3D('',#9569,#9570,#9571);
#9569 = CARTESIAN_POINT('',(-1.27,1.016,0.));
#9570 = DIRECTION('',(1.,0.,0.));
#9571 = DIRECTION('',(0.,-1.,0.));
#9572 = ADVANCED_FACE('',(#9573,#9760,#9794,#9828,#9862),#9896,.F.);
#9573 = FACE_BOUND('',#9574,.F.);
#9574 = EDGE_LOOP('',(#9575,#9576,#9577,#9585,#9593,#9601,#9609,#9617,
    #9625,#9633,#9641,#9649,#9657,#9665,#9673,#9681,#9689,#9697,#9705,
    #9713,#9721,#9729,#9737,#9745,#9753,#9759));
#9575 = ORIENTED_EDGE('',*,*,#9500,.T.);
#9576 = ORIENTED_EDGE('',*,*,#9562,.T.);
#9577 = ORIENTED_EDGE('',*,*,#9578,.T.);
#9578 = EDGE_CURVE('',#9555,#9579,#9581,.T.);
#9579 = VERTEX_POINT('',#9580);
#9580 = CARTESIAN_POINT('',(-1.016,-1.27,0.));
#9581 = LINE('',#9582,#9583);
#9582 = CARTESIAN_POINT('',(-1.27,-1.016,0.));
#9583 = VECTOR('',#9584,1.);
#9584 = DIRECTION('',(0.707106781187,-0.707106781187,0.));
#9585 = ORIENTED_EDGE('',*,*,#9586,.T.);
#9586 = EDGE_CURVE('',#9579,#9587,#9589,.T.);
#9587 = VERTEX_POINT('',#9588);
#9588 = CARTESIAN_POINT('',(-1.27,-1.524,0.));
#9589 = LINE('',#9590,#9591);
#9590 = CARTESIAN_POINT('',(-1.016,-1.27,0.));
#9591 = VECTOR('',#9592,1.);
#9592 = DIRECTION('',(-0.707106781187,-0.707106781187,0.));
#9593 = ORIENTED_EDGE('',*,*,#9594,.T.);
#9594 = EDGE_CURVE('',#9587,#9595,#9597,.T.);
#9595 = VERTEX_POINT('',#9596);
#9596 = CARTESIAN_POINT('',(-1.27,-3.556,0.));
#9597 = LINE('',#9598,#9599);
#9598 = CARTESIAN_POINT('',(-1.27,-1.524,0.));
#9599 = VECTOR('',#9600,1.);
#9600 = DIRECTION('',(0.,-1.,0.));
#9601 = ORIENTED_EDGE('',*,*,#9602,.T.);
#9602 = EDGE_CURVE('',#9595,#9603,#9605,.T.);
#9603 = VERTEX_POINT('',#9604);
#9604 = CARTESIAN_POINT('',(-1.016,-3.81,0.));
#9605 = LINE('',#9606,#9607);
#9606 = CARTESIAN_POINT('',(-1.27,-3.556,0.));
#9607 = VECTOR('',#9608,1.);
#9608 = DIRECTION('',(0.707106781187,-0.707106781187,0.));
#9609 = ORIENTED_EDGE('',*,*,#9610,.T.);
#9610 = EDGE_CURVE('',#9603,#9611,#9613,.T.);
#9611 = VERTEX_POINT('',#9612);
#9612 = CARTESIAN_POINT('',(-1.27,-4.064,0.));
#9613 = LINE('',#9614,#9615);
#9614 = CARTESIAN_POINT('',(-1.016,-3.81,0.));
#9615 = VECTOR('',#9616,1.);
#9616 = DIRECTION('',(-0.707106781187,-0.707106781187,0.));
#9617 = ORIENTED_EDGE('',*,*,#9618,.T.);
#9618 = EDGE_CURVE('',#9611,#9619,#9621,.T.);
#9619 = VERTEX_POINT('',#9620);
#9620 = CARTESIAN_POINT('',(-1.27,-6.096,0.));
#9621 = LINE('',#9622,#9623);
#9622 = CARTESIAN_POINT('',(-1.27,-4.064,0.));
#9623 = VECTOR('',#9624,1.);
#9624 = DIRECTION('',(0.,-1.,0.));
#9625 = ORIENTED_EDGE('',*,*,#9626,.T.);
#9626 = EDGE_CURVE('',#9619,#9627,#9629,.T.);
#9627 = VERTEX_POINT('',#9628);
#9628 = CARTESIAN_POINT('',(-1.016,-6.35,0.));
#9629 = LINE('',#9630,#9631);
#9630 = CARTESIAN_POINT('',(-1.27,-6.096,0.));
#9631 = VECTOR('',#9632,1.);
#9632 = DIRECTION('',(0.707106781187,-0.707106781187,0.));
#9633 = ORIENTED_EDGE('',*,*,#9634,.T.);
#9634 = EDGE_CURVE('',#9627,#9635,#9637,.T.);
#9635 = VERTEX_POINT('',#9636);
#9636 = CARTESIAN_POINT('',(-1.27,-6.604,0.));
#9637 = LINE('',#9638,#9639);
#9638 = CARTESIAN_POINT('',(-1.016,-6.35,0.));
#9639 = VECTOR('',#9640,1.);
#9640 = DIRECTION('',(-0.707106781187,-0.707106781187,0.));
#9641 = ORIENTED_EDGE('',*,*,#9642,.T.);
#9642 = EDGE_CURVE('',#9635,#9643,#9645,.T.);
#9643 = VERTEX_POINT('',#9644);
#9644 = CARTESIAN_POINT('',(-1.27,-8.636,0.));
#9645 = LINE('',#9646,#9647);
#9646 = CARTESIAN_POINT('',(-1.27,-6.604,0.));
#9647 = VECTOR('',#9648,1.);
#9648 = DIRECTION('',(0.,-1.,0.));
#9649 = ORIENTED_EDGE('',*,*,#9650,.T.);
#9650 = EDGE_CURVE('',#9643,#9651,#9653,.T.);
#9651 = VERTEX_POINT('',#9652);
#9652 = CARTESIAN_POINT('',(-1.016,-8.89,0.));
#9653 = LINE('',#9654,#9655);
#9654 = CARTESIAN_POINT('',(-1.27,-8.636,0.));
#9655 = VECTOR('',#9656,1.);
#9656 = DIRECTION('',(0.707106781187,-0.707106781187,0.));
#9657 = ORIENTED_EDGE('',*,*,#9658,.T.);
#9658 = EDGE_CURVE('',#9651,#9659,#9661,.T.);
#9659 = VERTEX_POINT('',#9660);
#9660 = CARTESIAN_POINT('',(1.016,-8.89,0.));
#9661 = LINE('',#9662,#9663);
#9662 = CARTESIAN_POINT('',(-1.016,-8.89,0.));
#9663 = VECTOR('',#9664,1.);
#9664 = DIRECTION('',(1.,0.,0.));
#9665 = ORIENTED_EDGE('',*,*,#9666,.T.);
#9666 = EDGE_CURVE('',#9659,#9667,#9669,.T.);
#9667 = VERTEX_POINT('',#9668);
#9668 = CARTESIAN_POINT('',(1.27,-8.636,0.));
#9669 = LINE('',#9670,#9671);
#9670 = CARTESIAN_POINT('',(1.016,-8.89,0.));
#9671 = VECTOR('',#9672,1.);
#9672 = DIRECTION('',(0.707106781187,0.707106781187,0.));
#9673 = ORIENTED_EDGE('',*,*,#9674,.T.);
#9674 = EDGE_CURVE('',#9667,#9675,#9677,.T.);
#9675 = VERTEX_POINT('',#9676);
#9676 = CARTESIAN_POINT('',(1.27,-6.604,0.));
#9677 = LINE('',#9678,#9679);
#9678 = CARTESIAN_POINT('',(1.27,-8.636,0.));
#9679 = VECTOR('',#9680,1.);
#9680 = DIRECTION('',(0.,1.,0.));
#9681 = ORIENTED_EDGE('',*,*,#9682,.T.);
#9682 = EDGE_CURVE('',#9675,#9683,#9685,.T.);
#9683 = VERTEX_POINT('',#9684);
#9684 = CARTESIAN_POINT('',(1.016,-6.35,0.));
#9685 = LINE('',#9686,#9687);
#9686 = CARTESIAN_POINT('',(1.27,-6.604,0.));
#9687 = VECTOR('',#9688,1.);
#9688 = DIRECTION('',(-0.707106781187,0.707106781187,0.));
#9689 = ORIENTED_EDGE('',*,*,#9690,.T.);
#9690 = EDGE_CURVE('',#9683,#9691,#9693,.T.);
#9691 = VERTEX_POINT('',#9692);
#9692 = CARTESIAN_POINT('',(1.27,-6.096,0.));
#9693 = LINE('',#9694,#9695);
#9694 = CARTESIAN_POINT('',(1.016,-6.35,0.));
#9695 = VECTOR('',#9696,1.);
#9696 = DIRECTION('',(0.707106781187,0.707106781187,0.));
#9697 = ORIENTED_EDGE('',*,*,#9698,.T.);
#9698 = EDGE_CURVE('',#9691,#9699,#9701,.T.);
#9699 = VERTEX_POINT('',#9700);
#9700 = CARTESIAN_POINT('',(1.27,-4.064,0.));
#9701 = LINE('',#9702,#9703);
#9702 = CARTESIAN_POINT('',(1.27,-6.096,0.));
#9703 = VECTOR('',#9704,1.);
#9704 = DIRECTION('',(0.,1.,0.));
#9705 = ORIENTED_EDGE('',*,*,#9706,.T.);
#9706 = EDGE_CURVE('',#9699,#9707,#9709,.T.);
#9707 = VERTEX_POINT('',#9708);
#9708 = CARTESIAN_POINT('',(1.016,-3.81,0.));
#9709 = LINE('',#9710,#9711);
#9710 = CARTESIAN_POINT('',(1.27,-4.064,0.));
#9711 = VECTOR('',#9712,1.);
#9712 = DIRECTION('',(-0.707106781187,0.707106781187,0.));
#9713 = ORIENTED_EDGE('',*,*,#9714,.T.);
#9714 = EDGE_CURVE('',#9707,#9715,#9717,.T.);
#9715 = VERTEX_POINT('',#9716);
#9716 = CARTESIAN_POINT('',(1.27,-3.556,0.));
#9717 = LINE('',#9718,#9719);
#9718 = CARTESIAN_POINT('',(1.016,-3.81,0.));
#9719 = VECTOR('',#9720,1.);
#9720 = DIRECTION('',(0.707106781187,0.707106781187,0.));
#9721 = ORIENTED_EDGE('',*,*,#9722,.T.);
#9722 = EDGE_CURVE('',#9715,#9723,#9725,.T.);
#9723 = VERTEX_POINT('',#9724);
#9724 = CARTESIAN_POINT('',(1.27,-1.524,0.));
#9725 = LINE('',#9726,#9727);
#9726 = CARTESIAN_POINT('',(1.27,-3.556,0.));
#9727 = VECTOR('',#9728,1.);
#9728 = DIRECTION('',(0.,1.,0.));
#9729 = ORIENTED_EDGE('',*,*,#9730,.T.);
#9730 = EDGE_CURVE('',#9723,#9731,#9733,.T.);
#9731 = VERTEX_POINT('',#9732);
#9732 = CARTESIAN_POINT('',(1.016,-1.27,0.));
#9733 = LINE('',#9734,#9735);
#9734 = CARTESIAN_POINT('',(1.27,-1.524,0.));
#9735 = VECTOR('',#9736,1.);
#9736 = DIRECTION('',(-0.707106781187,0.707106781187,0.));
#9737 = ORIENTED_EDGE('',*,*,#9738,.T.);
#9738 = EDGE_CURVE('',#9731,#9739,#9741,.T.);
#9739 = VERTEX_POINT('',#9740);
#9740 = CARTESIAN_POINT('',(1.27,-1.016,0.));
#9741 = LINE('',#9742,#9743);
#9742 = CARTESIAN_POINT('',(1.016,-1.27,0.));
#9743 = VECTOR('',#9744,1.);
#9744 = DIRECTION('',(0.707106781187,0.707106781187,0.));
#9745 = ORIENTED_EDGE('',*,*,#9746,.T.);
#9746 = EDGE_CURVE('',#9739,#9747,#9749,.T.);
#9747 = VERTEX_POINT('',#9748);
#9748 = CARTESIAN_POINT('',(1.27,1.016,0.));
#9749 = LINE('',#9750,#9751);
#9750 = CARTESIAN_POINT('',(1.27,-1.016,0.));
#9751 = VECTOR('',#9752,1.);
#9752 = DIRECTION('',(0.,1.,0.));
#9753 = ORIENTED_EDGE('',*,*,#9754,.T.);
#9754 = EDGE_CURVE('',#9747,#9515,#9755,.T.);
#9755 = LINE('',#9756,#9757);
#9756 = CARTESIAN_POINT('',(1.27,1.016,0.));
#9757 = VECTOR('',#9758,1.);
#9758 = DIRECTION('',(-0.707106781187,0.707106781187,0.));
#9759 = ORIENTED_EDGE('',*,*,#9531,.T.);
#9760 = FACE_BOUND('',#9761,.F.);
#9761 = EDGE_LOOP('',(#9762,#9772,#9780,#9788));
#9762 = ORIENTED_EDGE('',*,*,#9763,.F.);
#9763 = EDGE_CURVE('',#9764,#9766,#9768,.T.);
#9764 = VERTEX_POINT('',#9765);
#9765 = CARTESIAN_POINT('',(0.32,-4.76,0.));
#9766 = VERTEX_POINT('',#9767);
#9767 = CARTESIAN_POINT('',(-0.32,-4.76,0.));
#9768 = LINE('',#9769,#9770);
#9769 = CARTESIAN_POINT('',(-0.16,-4.76,0.));
#9770 = VECTOR('',#9771,1.);
#9771 = DIRECTION('',(-1.,0.,0.));
#9772 = ORIENTED_EDGE('',*,*,#9773,.F.);
#9773 = EDGE_CURVE('',#9774,#9764,#9776,.T.);
#9774 = VERTEX_POINT('',#9775);
#9775 = CARTESIAN_POINT('',(0.32,-5.4,0.));
#9776 = LINE('',#9777,#9778);
#9777 = CARTESIAN_POINT('',(0.32,-4.605,0.));
#9778 = VECTOR('',#9779,1.);
#9779 = DIRECTION('',(0.,1.,0.));
#9780 = ORIENTED_EDGE('',*,*,#9781,.T.);
#9781 = EDGE_CURVE('',#9774,#9782,#9784,.T.);
#9782 = VERTEX_POINT('',#9783);
#9783 = CARTESIAN_POINT('',(-0.32,-5.4,0.));
#9784 = LINE('',#9785,#9786);
#9785 = CARTESIAN_POINT('',(-0.16,-5.4,0.));
#9786 = VECTOR('',#9787,1.);
#9787 = DIRECTION('',(-1.,0.,0.));
#9788 = ORIENTED_EDGE('',*,*,#9789,.T.);
#9789 = EDGE_CURVE('',#9782,#9766,#9790,.T.);
#9790 = LINE('',#9791,#9792);
#9791 = CARTESIAN_POINT('',(-0.32,-4.605,0.));
#9792 = VECTOR('',#9793,1.);
#9793 = DIRECTION('',(0.,1.,0.));
#9794 = FACE_BOUND('',#9795,.F.);
#9795 = EDGE_LOOP('',(#9796,#9806,#9814,#9822));
#9796 = ORIENTED_EDGE('',*,*,#9797,.F.);
#9797 = EDGE_CURVE('',#9798,#9800,#9802,.T.);
#9798 = VERTEX_POINT('',#9799);
#9799 = CARTESIAN_POINT('',(0.32,-7.94,0.));
#9800 = VERTEX_POINT('',#9801);
#9801 = CARTESIAN_POINT('',(0.32,-7.3,0.));
#9802 = LINE('',#9803,#9804);
#9803 = CARTESIAN_POINT('',(0.32,-5.875,0.));
#9804 = VECTOR('',#9805,1.);
#9805 = DIRECTION('',(0.,1.,0.));
#9806 = ORIENTED_EDGE('',*,*,#9807,.T.);
#9807 = EDGE_CURVE('',#9798,#9808,#9810,.T.);
#9808 = VERTEX_POINT('',#9809);
#9809 = CARTESIAN_POINT('',(-0.32,-7.94,0.));
#9810 = LINE('',#9811,#9812);
#9811 = CARTESIAN_POINT('',(-0.16,-7.94,0.));
#9812 = VECTOR('',#9813,1.);
#9813 = DIRECTION('',(-1.,0.,0.));
#9814 = ORIENTED_EDGE('',*,*,#9815,.T.);
#9815 = EDGE_CURVE('',#9808,#9816,#9818,.T.);
#9816 = VERTEX_POINT('',#9817);
#9817 = CARTESIAN_POINT('',(-0.32,-7.3,0.));
#9818 = LINE('',#9819,#9820);
#9819 = CARTESIAN_POINT('',(-0.32,-5.875,0.));
#9820 = VECTOR('',#9821,1.);
#9821 = DIRECTION('',(0.,1.,0.));
#9822 = ORIENTED_EDGE('',*,*,#9823,.F.);
#9823 = EDGE_CURVE('',#9800,#9816,#9824,.T.);
#9824 = LINE('',#9825,#9826);
#9825 = CARTESIAN_POINT('',(-0.16,-7.3,0.));
#9826 = VECTOR('',#9827,1.);
#9827 = DIRECTION('',(-1.,0.,0.));
#9828 = FACE_BOUND('',#9829,.F.);
#9829 = EDGE_LOOP('',(#9830,#9840,#9848,#9856));
#9830 = ORIENTED_EDGE('',*,*,#9831,.F.);
#9831 = EDGE_CURVE('',#9832,#9834,#9836,.T.);
#9832 = VERTEX_POINT('',#9833);
#9833 = CARTESIAN_POINT('',(0.32,-0.32,0.));
#9834 = VERTEX_POINT('',#9835);
#9835 = CARTESIAN_POINT('',(0.32,0.32,0.));
#9836 = LINE('',#9837,#9838);
#9837 = CARTESIAN_POINT('',(0.32,-2.065,0.));
#9838 = VECTOR('',#9839,1.);
#9839 = DIRECTION('',(0.,1.,0.));
#9840 = ORIENTED_EDGE('',*,*,#9841,.T.);
#9841 = EDGE_CURVE('',#9832,#9842,#9844,.T.);
#9842 = VERTEX_POINT('',#9843);
#9843 = CARTESIAN_POINT('',(-0.32,-0.32,0.));
#9844 = LINE('',#9845,#9846);
#9845 = CARTESIAN_POINT('',(-0.16,-0.32,0.));
#9846 = VECTOR('',#9847,1.);
#9847 = DIRECTION('',(-1.,0.,0.));
#9848 = ORIENTED_EDGE('',*,*,#9849,.T.);
#9849 = EDGE_CURVE('',#9842,#9850,#9852,.T.);
#9850 = VERTEX_POINT('',#9851);
#9851 = CARTESIAN_POINT('',(-0.32,0.32,0.));
#9852 = LINE('',#9853,#9854);
#9853 = CARTESIAN_POINT('',(-0.32,-2.065,0.));
#9854 = VECTOR('',#9855,1.);
#9855 = DIRECTION('',(0.,1.,0.));
#9856 = ORIENTED_EDGE('',*,*,#9857,.F.);
#9857 = EDGE_CURVE('',#9834,#9850,#9858,.T.);
#9858 = LINE('',#9859,#9860);
#9859 = CARTESIAN_POINT('',(-0.16,0.32,0.));
#9860 = VECTOR('',#9861,1.);
#9861 = DIRECTION('',(-1.,0.,0.));
#9862 = FACE_BOUND('',#9863,.F.);
#9863 = EDGE_LOOP('',(#9864,#9874,#9882,#9890));
#9864 = ORIENTED_EDGE('',*,*,#9865,.F.);
#9865 = EDGE_CURVE('',#9866,#9868,#9870,.T.);
#9866 = VERTEX_POINT('',#9867);
#9867 = CARTESIAN_POINT('',(0.32,-2.22,0.));
#9868 = VERTEX_POINT('',#9869);
#9869 = CARTESIAN_POINT('',(-0.32,-2.22,0.));
#9870 = LINE('',#9871,#9872);
#9871 = CARTESIAN_POINT('',(-0.16,-2.22,0.));
#9872 = VECTOR('',#9873,1.);
#9873 = DIRECTION('',(-1.,0.,0.));
#9874 = ORIENTED_EDGE('',*,*,#9875,.F.);
#9875 = EDGE_CURVE('',#9876,#9866,#9878,.T.);
#9876 = VERTEX_POINT('',#9877);
#9877 = CARTESIAN_POINT('',(0.32,-2.86,0.));
#9878 = LINE('',#9879,#9880);
#9879 = CARTESIAN_POINT('',(0.32,-3.335,0.));
#9880 = VECTOR('',#9881,1.);
#9881 = DIRECTION('',(0.,1.,0.));
#9882 = ORIENTED_EDGE('',*,*,#9883,.T.);
#9883 = EDGE_CURVE('',#9876,#9884,#9886,.T.);
#9884 = VERTEX_POINT('',#9885);
#9885 = CARTESIAN_POINT('',(-0.32,-2.86,0.));
#9886 = LINE('',#9887,#9888);
#9887 = CARTESIAN_POINT('',(-0.16,-2.86,0.));
#9888 = VECTOR('',#9889,1.);
#9889 = DIRECTION('',(-1.,0.,0.));
#9890 = ORIENTED_EDGE('',*,*,#9891,.T.);
#9891 = EDGE_CURVE('',#9884,#9868,#9892,.T.);
#9892 = LINE('',#9893,#9894);
#9893 = CARTESIAN_POINT('',(-0.32,-3.335,0.));
#9894 = VECTOR('',#9895,1.);
#9895 = DIRECTION('',(0.,1.,0.));
#9896 = PLANE('',#9897);
#9897 = AXIS2_PLACEMENT_3D('',#9898,#9899,#9900);
#9898 = CARTESIAN_POINT('',(4.259053689278E-17,-3.81,0.));
#9899 = DIRECTION('',(0.,0.,1.));
#9900 = DIRECTION('',(1.,0.,-0.));
#9901 = ADVANCED_FACE('',(#9902,#10089,#10123,#10157,#10191),#10225,.T.
  );
#9902 = FACE_BOUND('',#9903,.T.);
#9903 = EDGE_LOOP('',(#9904,#9905,#9906,#9914,#9922,#9930,#9938,#9946,
    #9954,#9962,#9970,#9978,#9986,#9994,#10002,#10010,#10018,#10026,
    #10034,#10042,#10050,#10058,#10066,#10074,#10082,#10088));
#9904 = ORIENTED_EDGE('',*,*,#9484,.T.);
#9905 = ORIENTED_EDGE('',*,*,#9546,.T.);
#9906 = ORIENTED_EDGE('',*,*,#9907,.T.);
#9907 = EDGE_CURVE('',#9547,#9908,#9910,.T.);
#9908 = VERTEX_POINT('',#9909);
#9909 = CARTESIAN_POINT('',(-1.016,-1.27,2.54));
#9910 = LINE('',#9911,#9912);
#9911 = CARTESIAN_POINT('',(-1.27,-1.016,2.54));
#9912 = VECTOR('',#9913,1.);
#9913 = DIRECTION('',(0.707106781187,-0.707106781187,0.));
#9914 = ORIENTED_EDGE('',*,*,#9915,.T.);
#9915 = EDGE_CURVE('',#9908,#9916,#9918,.T.);
#9916 = VERTEX_POINT('',#9917);
#9917 = CARTESIAN_POINT('',(-1.27,-1.524,2.54));
#9918 = LINE('',#9919,#9920);
#9919 = CARTESIAN_POINT('',(-1.016,-1.27,2.54));
#9920 = VECTOR('',#9921,1.);
#9921 = DIRECTION('',(-0.707106781187,-0.707106781187,0.));
#9922 = ORIENTED_EDGE('',*,*,#9923,.T.);
#9923 = EDGE_CURVE('',#9916,#9924,#9926,.T.);
#9924 = VERTEX_POINT('',#9925);
#9925 = CARTESIAN_POINT('',(-1.27,-3.556,2.54));
#9926 = LINE('',#9927,#9928);
#9927 = CARTESIAN_POINT('',(-1.27,-1.524,2.54));
#9928 = VECTOR('',#9929,1.);
#9929 = DIRECTION('',(0.,-1.,0.));
#9930 = ORIENTED_EDGE('',*,*,#9931,.T.);
#9931 = EDGE_CURVE('',#9924,#9932,#9934,.T.);
#9932 = VERTEX_POINT('',#9933);
#9933 = CARTESIAN_POINT('',(-1.016,-3.81,2.54));
#9934 = LINE('',#9935,#9936);
#9935 = CARTESIAN_POINT('',(-1.27,-3.556,2.54));
#9936 = VECTOR('',#9937,1.);
#9937 = DIRECTION('',(0.707106781187,-0.707106781187,0.));
#9938 = ORIENTED_EDGE('',*,*,#9939,.T.);
#9939 = EDGE_CURVE('',#9932,#9940,#9942,.T.);
#9940 = VERTEX_POINT('',#9941);
#9941 = CARTESIAN_POINT('',(-1.27,-4.064,2.54));
#9942 = LINE('',#9943,#9944);
#9943 = CARTESIAN_POINT('',(-1.016,-3.81,2.54));
#9944 = VECTOR('',#9945,1.);
#9945 = DIRECTION('',(-0.707106781187,-0.707106781187,0.));
#9946 = ORIENTED_EDGE('',*,*,#9947,.T.);
#9947 = EDGE_CURVE('',#9940,#9948,#9950,.T.);
#9948 = VERTEX_POINT('',#9949);
#9949 = CARTESIAN_POINT('',(-1.27,-6.096,2.54));
#9950 = LINE('',#9951,#9952);
#9951 = CARTESIAN_POINT('',(-1.27,-4.064,2.54));
#9952 = VECTOR('',#9953,1.);
#9953 = DIRECTION('',(0.,-1.,0.));
#9954 = ORIENTED_EDGE('',*,*,#9955,.T.);
#9955 = EDGE_CURVE('',#9948,#9956,#9958,.T.);
#9956 = VERTEX_POINT('',#9957);
#9957 = CARTESIAN_POINT('',(-1.016,-6.35,2.54));
#9958 = LINE('',#9959,#9960);
#9959 = CARTESIAN_POINT('',(-1.27,-6.096,2.54));
#9960 = VECTOR('',#9961,1.);
#9961 = DIRECTION('',(0.707106781187,-0.707106781187,0.));
#9962 = ORIENTED_EDGE('',*,*,#9963,.T.);
#9963 = EDGE_CURVE('',#9956,#9964,#9966,.T.);
#9964 = VERTEX_POINT('',#9965);
#9965 = CARTESIAN_POINT('',(-1.27,-6.604,2.54));
#9966 = LINE('',#9967,#9968);
#9967 = CARTESIAN_POINT('',(-1.016,-6.35,2.54));
#9968 = VECTOR('',#9969,1.);
#9969 = DIRECTION('',(-0.707106781187,-0.707106781187,0.));
#9970 = ORIENTED_EDGE('',*,*,#9971,.T.);
#9971 = EDGE_CURVE('',#9964,#9972,#9974,.T.);
#9972 = VERTEX_POINT('',#9973);
#9973 = CARTESIAN_POINT('',(-1.27,-8.636,2.54));
#9974 = LINE('',#9975,#9976);
#9975 = CARTESIAN_POINT('',(-1.27,-6.604,2.54));
#9976 = VECTOR('',#9977,1.);
#9977 = DIRECTION('',(0.,-1.,0.));
#9978 = ORIENTED_EDGE('',*,*,#9979,.T.);
#9979 = EDGE_CURVE('',#9972,#9980,#9982,.T.);
#9980 = VERTEX_POINT('',#9981);
#9981 = CARTESIAN_POINT('',(-1.016,-8.89,2.54));
#9982 = LINE('',#9983,#9984);
#9983 = CARTESIAN_POINT('',(-1.27,-8.636,2.54));
#9984 = VECTOR('',#9985,1.);
#9985 = DIRECTION('',(0.707106781187,-0.707106781187,0.));
#9986 = ORIENTED_EDGE('',*,*,#9987,.T.);
#9987 = EDGE_CURVE('',#9980,#9988,#9990,.T.);
#9988 = VERTEX_POINT('',#9989);
#9989 = CARTESIAN_POINT('',(1.016,-8.89,2.54));
#9990 = LINE('',#9991,#9992);
#9991 = CARTESIAN_POINT('',(-1.016,-8.89,2.54));
#9992 = VECTOR('',#9993,1.);
#9993 = DIRECTION('',(1.,0.,0.));
#9994 = ORIENTED_EDGE('',*,*,#9995,.T.);
#9995 = EDGE_CURVE('',#9988,#9996,#9998,.T.);
#9996 = VERTEX_POINT('',#9997);
#9997 = CARTESIAN_POINT('',(1.27,-8.636,2.54));
#9998 = LINE('',#9999,#10000);
#9999 = CARTESIAN_POINT('',(1.016,-8.89,2.54));
#10000 = VECTOR('',#10001,1.);
#10001 = DIRECTION('',(0.707106781187,0.707106781187,0.));
#10002 = ORIENTED_EDGE('',*,*,#10003,.T.);
#10003 = EDGE_CURVE('',#9996,#10004,#10006,.T.);
#10004 = VERTEX_POINT('',#10005);
#10005 = CARTESIAN_POINT('',(1.27,-6.604,2.54));
#10006 = LINE('',#10007,#10008);
#10007 = CARTESIAN_POINT('',(1.27,-8.636,2.54));
#10008 = VECTOR('',#10009,1.);
#10009 = DIRECTION('',(0.,1.,0.));
#10010 = ORIENTED_EDGE('',*,*,#10011,.T.);
#10011 = EDGE_CURVE('',#10004,#10012,#10014,.T.);
#10012 = VERTEX_POINT('',#10013);
#10013 = CARTESIAN_POINT('',(1.016,-6.35,2.54));
#10014 = LINE('',#10015,#10016);
#10015 = CARTESIAN_POINT('',(1.27,-6.604,2.54));
#10016 = VECTOR('',#10017,1.);
#10017 = DIRECTION('',(-0.707106781187,0.707106781187,0.));
#10018 = ORIENTED_EDGE('',*,*,#10019,.T.);
#10019 = EDGE_CURVE('',#10012,#10020,#10022,.T.);
#10020 = VERTEX_POINT('',#10021);
#10021 = CARTESIAN_POINT('',(1.27,-6.096,2.54));
#10022 = LINE('',#10023,#10024);
#10023 = CARTESIAN_POINT('',(1.016,-6.35,2.54));
#10024 = VECTOR('',#10025,1.);
#10025 = DIRECTION('',(0.707106781187,0.707106781187,0.));
#10026 = ORIENTED_EDGE('',*,*,#10027,.T.);
#10027 = EDGE_CURVE('',#10020,#10028,#10030,.T.);
#10028 = VERTEX_POINT('',#10029);
#10029 = CARTESIAN_POINT('',(1.27,-4.064,2.54));
#10030 = LINE('',#10031,#10032);
#10031 = CARTESIAN_POINT('',(1.27,-6.096,2.54));
#10032 = VECTOR('',#10033,1.);
#10033 = DIRECTION('',(0.,1.,0.));
#10034 = ORIENTED_EDGE('',*,*,#10035,.T.);
#10035 = EDGE_CURVE('',#10028,#10036,#10038,.T.);
#10036 = VERTEX_POINT('',#10037);
#10037 = CARTESIAN_POINT('',(1.016,-3.81,2.54));
#10038 = LINE('',#10039,#10040);
#10039 = CARTESIAN_POINT('',(1.27,-4.064,2.54));
#10040 = VECTOR('',#10041,1.);
#10041 = DIRECTION('',(-0.707106781187,0.707106781187,0.));
#10042 = ORIENTED_EDGE('',*,*,#10043,.T.);
#10043 = EDGE_CURVE('',#10036,#10044,#10046,.T.);
#10044 = VERTEX_POINT('',#10045);
#10045 = CARTESIAN_POINT('',(1.27,-3.556,2.54));
#10046 = LINE('',#10047,#10048);
#10047 = CARTESIAN_POINT('',(1.016,-3.81,2.54));
#10048 = VECTOR('',#10049,1.);
#10049 = DIRECTION('',(0.707106781187,0.707106781187,0.));
#10050 = ORIENTED_EDGE('',*,*,#10051,.T.);
#10051 = EDGE_CURVE('',#10044,#10052,#10054,.T.);
#10052 = VERTEX_POINT('',#10053);
#10053 = CARTESIAN_POINT('',(1.27,-1.524,2.54));
#10054 = LINE('',#10055,#10056);
#10055 = CARTESIAN_POINT('',(1.27,-3.556,2.54));
#10056 = VECTOR('',#10057,1.);
#10057 = DIRECTION('',(0.,1.,0.));
#10058 = ORIENTED_EDGE('',*,*,#10059,.T.);
#10059 = EDGE_CURVE('',#10052,#10060,#10062,.T.);
#10060 = VERTEX_POINT('',#10061);
#10061 = CARTESIAN_POINT('',(1.016,-1.27,2.54));
#10062 = LINE('',#10063,#10064);
#10063 = CARTESIAN_POINT('',(1.27,-1.524,2.54));
#10064 = VECTOR('',#10065,1.);
#10065 = DIRECTION('',(-0.707106781187,0.707106781187,0.));
#10066 = ORIENTED_EDGE('',*,*,#10067,.T.);
#10067 = EDGE_CURVE('',#10060,#10068,#10070,.T.);
#10068 = VERTEX_POINT('',#10069);
#10069 = CARTESIAN_POINT('',(1.27,-1.016,2.54));
#10070 = LINE('',#10071,#10072);
#10071 = CARTESIAN_POINT('',(1.016,-1.27,2.54));
#10072 = VECTOR('',#10073,1.);
#10073 = DIRECTION('',(0.707106781187,0.707106781187,0.));
#10074 = ORIENTED_EDGE('',*,*,#10075,.T.);
#10075 = EDGE_CURVE('',#10068,#10076,#10078,.T.);
#10076 = VERTEX_POINT('',#10077);
#10077 = CARTESIAN_POINT('',(1.27,1.016,2.54));
#10078 = LINE('',#10079,#10080);
#10079 = CARTESIAN_POINT('',(1.27,-1.016,2.54));
#10080 = VECTOR('',#10081,1.);
#10081 = DIRECTION('',(0.,1.,0.));
#10082 = ORIENTED_EDGE('',*,*,#10083,.T.);
#10083 = EDGE_CURVE('',#10076,#9517,#10084,.T.);
#10084 = LINE('',#10085,#10086);
#10085 = CARTESIAN_POINT('',(1.27,1.016,2.54));
#10086 = VECTOR('',#10087,1.);
#10087 = DIRECTION('',(-0.707106781187,0.707106781187,0.));
#10088 = ORIENTED_EDGE('',*,*,#9524,.T.);
#10089 = FACE_BOUND('',#10090,.T.);
#10090 = EDGE_LOOP('',(#10091,#10101,#10109,#10117));
#10091 = ORIENTED_EDGE('',*,*,#10092,.F.);
#10092 = EDGE_CURVE('',#10093,#10095,#10097,.T.);
#10093 = VERTEX_POINT('',#10094);
#10094 = CARTESIAN_POINT('',(0.32,-4.76,2.54));
#10095 = VERTEX_POINT('',#10096);
#10096 = CARTESIAN_POINT('',(-0.32,-4.76,2.54));
#10097 = LINE('',#10098,#10099);
#10098 = CARTESIAN_POINT('',(-0.16,-4.76,2.54));
#10099 = VECTOR('',#10100,1.);
#10100 = DIRECTION('',(-1.,0.,0.));
#10101 = ORIENTED_EDGE('',*,*,#10102,.F.);
#10102 = EDGE_CURVE('',#10103,#10093,#10105,.T.);
#10103 = VERTEX_POINT('',#10104);
#10104 = CARTESIAN_POINT('',(0.32,-5.4,2.54));
#10105 = LINE('',#10106,#10107);
#10106 = CARTESIAN_POINT('',(0.32,-4.605,2.54));
#10107 = VECTOR('',#10108,1.);
#10108 = DIRECTION('',(0.,1.,0.));
#10109 = ORIENTED_EDGE('',*,*,#10110,.T.);
#10110 = EDGE_CURVE('',#10103,#10111,#10113,.T.);
#10111 = VERTEX_POINT('',#10112);
#10112 = CARTESIAN_POINT('',(-0.32,-5.4,2.54));
#10113 = LINE('',#10114,#10115);
#10114 = CARTESIAN_POINT('',(-0.16,-5.4,2.54));
#10115 = VECTOR('',#10116,1.);
#10116 = DIRECTION('',(-1.,0.,0.));
#10117 = ORIENTED_EDGE('',*,*,#10118,.T.);
#10118 = EDGE_CURVE('',#10111,#10095,#10119,.T.);
#10119 = LINE('',#10120,#10121);
#10120 = CARTESIAN_POINT('',(-0.32,-4.605,2.54));
#10121 = VECTOR('',#10122,1.);
#10122 = DIRECTION('',(0.,1.,0.));
#10123 = FACE_BOUND('',#10124,.T.);
#10124 = EDGE_LOOP('',(#10125,#10135,#10143,#10151));
#10125 = ORIENTED_EDGE('',*,*,#10126,.F.);
#10126 = EDGE_CURVE('',#10127,#10129,#10131,.T.);
#10127 = VERTEX_POINT('',#10128);
#10128 = CARTESIAN_POINT('',(0.32,-7.94,2.54));
#10129 = VERTEX_POINT('',#10130);
#10130 = CARTESIAN_POINT('',(0.32,-7.3,2.54));
#10131 = LINE('',#10132,#10133);
#10132 = CARTESIAN_POINT('',(0.32,-5.875,2.54));
#10133 = VECTOR('',#10134,1.);
#10134 = DIRECTION('',(0.,1.,0.));
#10135 = ORIENTED_EDGE('',*,*,#10136,.T.);
#10136 = EDGE_CURVE('',#10127,#10137,#10139,.T.);
#10137 = VERTEX_POINT('',#10138);
#10138 = CARTESIAN_POINT('',(-0.32,-7.94,2.54));
#10139 = LINE('',#10140,#10141);
#10140 = CARTESIAN_POINT('',(-0.16,-7.94,2.54));
#10141 = VECTOR('',#10142,1.);
#10142 = DIRECTION('',(-1.,0.,0.));
#10143 = ORIENTED_EDGE('',*,*,#10144,.T.);
#10144 = EDGE_CURVE('',#10137,#10145,#10147,.T.);
#10145 = VERTEX_POINT('',#10146);
#10146 = CARTESIAN_POINT('',(-0.32,-7.3,2.54));
#10147 = LINE('',#10148,#10149);
#10148 = CARTESIAN_POINT('',(-0.32,-5.875,2.54));
#10149 = VECTOR('',#10150,1.);
#10150 = DIRECTION('',(0.,1.,0.));
#10151 = ORIENTED_EDGE('',*,*,#10152,.F.);
#10152 = EDGE_CURVE('',#10129,#10145,#10153,.T.);
#10153 = LINE('',#10154,#10155);
#10154 = CARTESIAN_POINT('',(-0.16,-7.3,2.54));
#10155 = VECTOR('',#10156,1.);
#10156 = DIRECTION('',(-1.,0.,0.));
#10157 = FACE_BOUND('',#10158,.T.);
#10158 = EDGE_LOOP('',(#10159,#10169,#10177,#10185));
#10159 = ORIENTED_EDGE('',*,*,#10160,.F.);
#10160 = EDGE_CURVE('',#10161,#10163,#10165,.T.);
#10161 = VERTEX_POINT('',#10162);
#10162 = CARTESIAN_POINT('',(0.32,-0.32,2.54));
#10163 = VERTEX_POINT('',#10164);
#10164 = CARTESIAN_POINT('',(0.32,0.32,2.54));
#10165 = LINE('',#10166,#10167);
#10166 = CARTESIAN_POINT('',(0.32,-2.065,2.54));
#10167 = VECTOR('',#10168,1.);
#10168 = DIRECTION('',(0.,1.,0.));
#10169 = ORIENTED_EDGE('',*,*,#10170,.T.);
#10170 = EDGE_CURVE('',#10161,#10171,#10173,.T.);
#10171 = VERTEX_POINT('',#10172);
#10172 = CARTESIAN_POINT('',(-0.32,-0.32,2.54));
#10173 = LINE('',#10174,#10175);
#10174 = CARTESIAN_POINT('',(-0.16,-0.32,2.54));
#10175 = VECTOR('',#10176,1.);
#10176 = DIRECTION('',(-1.,0.,0.));
#10177 = ORIENTED_EDGE('',*,*,#10178,.T.);
#10178 = EDGE_CURVE('',#10171,#10179,#10181,.T.);
#10179 = VERTEX_POINT('',#10180);
#10180 = CARTESIAN_POINT('',(-0.32,0.32,2.54));
#10181 = LINE('',#10182,#10183);
#10182 = CARTESIAN_POINT('',(-0.32,-2.065,2.54));
#10183 = VECTOR('',#10184,1.);
#10184 = DIRECTION('',(0.,1.,0.));
#10185 = ORIENTED_EDGE('',*,*,#10186,.F.);
#10186 = EDGE_CURVE('',#10163,#10179,#10187,.T.);
#10187 = LINE('',#10188,#10189);
#10188 = CARTESIAN_POINT('',(-0.16,0.32,2.54));
#10189 = VECTOR('',#10190,1.);
#10190 = DIRECTION('',(-1.,0.,0.));
#10191 = FACE_BOUND('',#10192,.T.);
#10192 = EDGE_LOOP('',(#10193,#10203,#10211,#10219));
#10193 = ORIENTED_EDGE('',*,*,#10194,.F.);
#10194 = EDGE_CURVE('',#10195,#10197,#10199,.T.);
#10195 = VERTEX_POINT('',#10196);
#10196 = CARTESIAN_POINT('',(0.32,-2.22,2.54));
#10197 = VERTEX_POINT('',#10198);
#10198 = CARTESIAN_POINT('',(-0.32,-2.22,2.54));
#10199 = LINE('',#10200,#10201);
#10200 = CARTESIAN_POINT('',(-0.16,-2.22,2.54));
#10201 = VECTOR('',#10202,1.);
#10202 = DIRECTION('',(-1.,0.,0.));
#10203 = ORIENTED_EDGE('',*,*,#10204,.F.);
#10204 = EDGE_CURVE('',#10205,#10195,#10207,.T.);
#10205 = VERTEX_POINT('',#10206);
#10206 = CARTESIAN_POINT('',(0.32,-2.86,2.54));
#10207 = LINE('',#10208,#10209);
#10208 = CARTESIAN_POINT('',(0.32,-3.335,2.54));
#10209 = VECTOR('',#10210,1.);
#10210 = DIRECTION('',(0.,1.,0.));
#10211 = ORIENTED_EDGE('',*,*,#10212,.T.);
#10212 = EDGE_CURVE('',#10205,#10213,#10215,.T.);
#10213 = VERTEX_POINT('',#10214);
#10214 = CARTESIAN_POINT('',(-0.32,-2.86,2.54));
#10215 = LINE('',#10216,#10217);
#10216 = CARTESIAN_POINT('',(-0.16,-2.86,2.54));
#10217 = VECTOR('',#10218,1.);
#10218 = DIRECTION('',(-1.,0.,0.));
#10219 = ORIENTED_EDGE('',*,*,#10220,.T.);
#10220 = EDGE_CURVE('',#10213,#10197,#10221,.T.);
#10221 = LINE('',#10222,#10223);
#10222 = CARTESIAN_POINT('',(-0.32,-3.335,2.54));
#10223 = VECTOR('',#10224,1.);
#10224 = DIRECTION('',(0.,1.,0.));
#10225 = PLANE('',#10226);
#10226 = AXIS2_PLACEMENT_3D('',#10227,#10228,#10229);
#10227 = CARTESIAN_POINT('',(4.259053689278E-17,-3.81,2.54));
#10228 = DIRECTION('',(0.,0.,1.));
#10229 = DIRECTION('',(1.,0.,-0.));
#10230 = ADVANCED_FACE('',(#10231),#10242,.F.);
#10231 = FACE_BOUND('',#10232,.F.);
#10232 = EDGE_LOOP('',(#10233,#10239,#10240,#10241));
#10233 = ORIENTED_EDGE('',*,*,#10234,.T.);
#10234 = EDGE_CURVE('',#9747,#10076,#10235,.T.);
#10235 = LINE('',#10236,#10237);
#10236 = CARTESIAN_POINT('',(1.27,1.016,0.));
#10237 = VECTOR('',#10238,1.);
#10238 = DIRECTION('',(0.,0.,1.));
#10239 = ORIENTED_EDGE('',*,*,#10083,.T.);
#10240 = ORIENTED_EDGE('',*,*,#9514,.F.);
#10241 = ORIENTED_EDGE('',*,*,#9754,.F.);
#10242 = PLANE('',#10243);
#10243 = AXIS2_PLACEMENT_3D('',#10244,#10245,#10246);
#10244 = CARTESIAN_POINT('',(1.27,1.016,0.));
#10245 = DIRECTION('',(-0.707106781187,-0.707106781187,0.));
#10246 = DIRECTION('',(-0.707106781187,0.707106781187,0.));
#10247 = ADVANCED_FACE('',(#10248),#10259,.F.);
#10248 = FACE_BOUND('',#10249,.F.);
#10249 = EDGE_LOOP('',(#10250,#10251,#10252,#10258));
#10250 = ORIENTED_EDGE('',*,*,#9554,.T.);
#10251 = ORIENTED_EDGE('',*,*,#9907,.T.);
#10252 = ORIENTED_EDGE('',*,*,#10253,.F.);
#10253 = EDGE_CURVE('',#9579,#9908,#10254,.T.);
#10254 = LINE('',#10255,#10256);
#10255 = CARTESIAN_POINT('',(-1.016,-1.27,0.));
#10256 = VECTOR('',#10257,1.);
#10257 = DIRECTION('',(0.,0.,1.));
#10258 = ORIENTED_EDGE('',*,*,#9578,.F.);
#10259 = PLANE('',#10260);
#10260 = AXIS2_PLACEMENT_3D('',#10261,#10262,#10263);
#10261 = CARTESIAN_POINT('',(-1.27,-1.016,0.));
#10262 = DIRECTION('',(0.707106781187,0.707106781187,0.));
#10263 = DIRECTION('',(0.707106781187,-0.707106781187,0.));
#10264 = ADVANCED_FACE('',(#10265),#10276,.F.);
#10265 = FACE_BOUND('',#10266,.F.);
#10266 = EDGE_LOOP('',(#10267,#10273,#10274,#10275));
#10267 = ORIENTED_EDGE('',*,*,#10268,.T.);
#10268 = EDGE_CURVE('',#9739,#10068,#10269,.T.);
#10269 = LINE('',#10270,#10271);
#10270 = CARTESIAN_POINT('',(1.27,-1.016,0.));
#10271 = VECTOR('',#10272,1.);
#10272 = DIRECTION('',(0.,0.,1.));
#10273 = ORIENTED_EDGE('',*,*,#10075,.T.);
#10274 = ORIENTED_EDGE('',*,*,#10234,.F.);
#10275 = ORIENTED_EDGE('',*,*,#9746,.F.);
#10276 = PLANE('',#10277);
#10277 = AXIS2_PLACEMENT_3D('',#10278,#10279,#10280);
#10278 = CARTESIAN_POINT('',(1.27,-1.016,0.));
#10279 = DIRECTION('',(-1.,0.,0.));
#10280 = DIRECTION('',(0.,1.,0.));
#10281 = ADVANCED_FACE('',(#10282),#10293,.F.);
#10282 = FACE_BOUND('',#10283,.F.);
#10283 = EDGE_LOOP('',(#10284,#10285,#10286,#10292));
#10284 = ORIENTED_EDGE('',*,*,#10253,.T.);
#10285 = ORIENTED_EDGE('',*,*,#9915,.T.);
#10286 = ORIENTED_EDGE('',*,*,#10287,.F.);
#10287 = EDGE_CURVE('',#9587,#9916,#10288,.T.);
#10288 = LINE('',#10289,#10290);
#10289 = CARTESIAN_POINT('',(-1.27,-1.524,0.));
#10290 = VECTOR('',#10291,1.);
#10291 = DIRECTION('',(0.,0.,1.));
#10292 = ORIENTED_EDGE('',*,*,#9586,.F.);
#10293 = PLANE('',#10294);
#10294 = AXIS2_PLACEMENT_3D('',#10295,#10296,#10297);
#10295 = CARTESIAN_POINT('',(-1.016,-1.27,0.));
#10296 = DIRECTION('',(0.707106781187,-0.707106781187,0.));
#10297 = DIRECTION('',(-0.707106781187,-0.707106781187,0.));
#10298 = ADVANCED_FACE('',(#10299),#10310,.F.);
#10299 = FACE_BOUND('',#10300,.F.);
#10300 = EDGE_LOOP('',(#10301,#10307,#10308,#10309));
#10301 = ORIENTED_EDGE('',*,*,#10302,.T.);
#10302 = EDGE_CURVE('',#9731,#10060,#10303,.T.);
#10303 = LINE('',#10304,#10305);
#10304 = CARTESIAN_POINT('',(1.016,-1.27,0.));
#10305 = VECTOR('',#10306,1.);
#10306 = DIRECTION('',(0.,0.,1.));
#10307 = ORIENTED_EDGE('',*,*,#10067,.T.);
#10308 = ORIENTED_EDGE('',*,*,#10268,.F.);
#10309 = ORIENTED_EDGE('',*,*,#9738,.F.);
#10310 = PLANE('',#10311);
#10311 = AXIS2_PLACEMENT_3D('',#10312,#10313,#10314);
#10312 = CARTESIAN_POINT('',(1.016,-1.27,0.));
#10313 = DIRECTION('',(-0.707106781187,0.707106781187,0.));
#10314 = DIRECTION('',(0.707106781187,0.707106781187,0.));
#10315 = ADVANCED_FACE('',(#10316),#10327,.F.);
#10316 = FACE_BOUND('',#10317,.F.);
#10317 = EDGE_LOOP('',(#10318,#10319,#10320,#10326));
#10318 = ORIENTED_EDGE('',*,*,#10287,.T.);
#10319 = ORIENTED_EDGE('',*,*,#9923,.T.);
#10320 = ORIENTED_EDGE('',*,*,#10321,.F.);
#10321 = EDGE_CURVE('',#9595,#9924,#10322,.T.);
#10322 = LINE('',#10323,#10324);
#10323 = CARTESIAN_POINT('',(-1.27,-3.556,0.));
#10324 = VECTOR('',#10325,1.);
#10325 = DIRECTION('',(0.,0.,1.));
#10326 = ORIENTED_EDGE('',*,*,#9594,.F.);
#10327 = PLANE('',#10328);
#10328 = AXIS2_PLACEMENT_3D('',#10329,#10330,#10331);
#10329 = CARTESIAN_POINT('',(-1.27,-1.524,0.));
#10330 = DIRECTION('',(1.,0.,0.));
#10331 = DIRECTION('',(0.,-1.,0.));
#10332 = ADVANCED_FACE('',(#10333),#10344,.F.);
#10333 = FACE_BOUND('',#10334,.F.);
#10334 = EDGE_LOOP('',(#10335,#10341,#10342,#10343));
#10335 = ORIENTED_EDGE('',*,*,#10336,.T.);
#10336 = EDGE_CURVE('',#9723,#10052,#10337,.T.);
#10337 = LINE('',#10338,#10339);
#10338 = CARTESIAN_POINT('',(1.27,-1.524,0.));
#10339 = VECTOR('',#10340,1.);
#10340 = DIRECTION('',(0.,0.,1.));
#10341 = ORIENTED_EDGE('',*,*,#10059,.T.);
#10342 = ORIENTED_EDGE('',*,*,#10302,.F.);
#10343 = ORIENTED_EDGE('',*,*,#9730,.F.);
#10344 = PLANE('',#10345);
#10345 = AXIS2_PLACEMENT_3D('',#10346,#10347,#10348);
#10346 = CARTESIAN_POINT('',(1.27,-1.524,0.));
#10347 = DIRECTION('',(-0.707106781187,-0.707106781187,0.));
#10348 = DIRECTION('',(-0.707106781187,0.707106781187,0.));
#10349 = ADVANCED_FACE('',(#10350),#10361,.F.);
#10350 = FACE_BOUND('',#10351,.F.);
#10351 = EDGE_LOOP('',(#10352,#10353,#10354,#10360));
#10352 = ORIENTED_EDGE('',*,*,#10321,.T.);
#10353 = ORIENTED_EDGE('',*,*,#9931,.T.);
#10354 = ORIENTED_EDGE('',*,*,#10355,.F.);
#10355 = EDGE_CURVE('',#9603,#9932,#10356,.T.);
#10356 = LINE('',#10357,#10358);
#10357 = CARTESIAN_POINT('',(-1.016,-3.81,0.));
#10358 = VECTOR('',#10359,1.);
#10359 = DIRECTION('',(0.,0.,1.));
#10360 = ORIENTED_EDGE('',*,*,#9602,.F.);
#10361 = PLANE('',#10362);
#10362 = AXIS2_PLACEMENT_3D('',#10363,#10364,#10365);
#10363 = CARTESIAN_POINT('',(-1.27,-3.556,0.));
#10364 = DIRECTION('',(0.707106781187,0.707106781187,0.));
#10365 = DIRECTION('',(0.707106781187,-0.707106781187,0.));
#10366 = ADVANCED_FACE('',(#10367),#10378,.F.);
#10367 = FACE_BOUND('',#10368,.F.);
#10368 = EDGE_LOOP('',(#10369,#10375,#10376,#10377));
#10369 = ORIENTED_EDGE('',*,*,#10370,.T.);
#10370 = EDGE_CURVE('',#9715,#10044,#10371,.T.);
#10371 = LINE('',#10372,#10373);
#10372 = CARTESIAN_POINT('',(1.27,-3.556,0.));
#10373 = VECTOR('',#10374,1.);
#10374 = DIRECTION('',(0.,0.,1.));
#10375 = ORIENTED_EDGE('',*,*,#10051,.T.);
#10376 = ORIENTED_EDGE('',*,*,#10336,.F.);
#10377 = ORIENTED_EDGE('',*,*,#9722,.F.);
#10378 = PLANE('',#10379);
#10379 = AXIS2_PLACEMENT_3D('',#10380,#10381,#10382);
#10380 = CARTESIAN_POINT('',(1.27,-3.556,0.));
#10381 = DIRECTION('',(-1.,0.,0.));
#10382 = DIRECTION('',(0.,1.,0.));
#10383 = ADVANCED_FACE('',(#10384),#10395,.F.);
#10384 = FACE_BOUND('',#10385,.F.);
#10385 = EDGE_LOOP('',(#10386,#10387,#10388,#10394));
#10386 = ORIENTED_EDGE('',*,*,#10355,.T.);
#10387 = ORIENTED_EDGE('',*,*,#9939,.T.);
#10388 = ORIENTED_EDGE('',*,*,#10389,.F.);
#10389 = EDGE_CURVE('',#9611,#9940,#10390,.T.);
#10390 = LINE('',#10391,#10392);
#10391 = CARTESIAN_POINT('',(-1.27,-4.064,0.));
#10392 = VECTOR('',#10393,1.);
#10393 = DIRECTION('',(0.,0.,1.));
#10394 = ORIENTED_EDGE('',*,*,#9610,.F.);
#10395 = PLANE('',#10396);
#10396 = AXIS2_PLACEMENT_3D('',#10397,#10398,#10399);
#10397 = CARTESIAN_POINT('',(-1.016,-3.81,0.));
#10398 = DIRECTION('',(0.707106781187,-0.707106781187,0.));
#10399 = DIRECTION('',(-0.707106781187,-0.707106781187,0.));
#10400 = ADVANCED_FACE('',(#10401),#10412,.F.);
#10401 = FACE_BOUND('',#10402,.F.);
#10402 = EDGE_LOOP('',(#10403,#10409,#10410,#10411));
#10403 = ORIENTED_EDGE('',*,*,#10404,.T.);
#10404 = EDGE_CURVE('',#9707,#10036,#10405,.T.);
#10405 = LINE('',#10406,#10407);
#10406 = CARTESIAN_POINT('',(1.016,-3.81,0.));
#10407 = VECTOR('',#10408,1.);
#10408 = DIRECTION('',(0.,0.,1.));
#10409 = ORIENTED_EDGE('',*,*,#10043,.T.);
#10410 = ORIENTED_EDGE('',*,*,#10370,.F.);
#10411 = ORIENTED_EDGE('',*,*,#9714,.F.);
#10412 = PLANE('',#10413);
#10413 = AXIS2_PLACEMENT_3D('',#10414,#10415,#10416);
#10414 = CARTESIAN_POINT('',(1.016,-3.81,0.));
#10415 = DIRECTION('',(-0.707106781187,0.707106781187,0.));
#10416 = DIRECTION('',(0.707106781187,0.707106781187,0.));
#10417 = ADVANCED_FACE('',(#10418),#10429,.F.);
#10418 = FACE_BOUND('',#10419,.F.);
#10419 = EDGE_LOOP('',(#10420,#10421,#10422,#10428));
#10420 = ORIENTED_EDGE('',*,*,#10389,.T.);
#10421 = ORIENTED_EDGE('',*,*,#9947,.T.);
#10422 = ORIENTED_EDGE('',*,*,#10423,.F.);
#10423 = EDGE_CURVE('',#9619,#9948,#10424,.T.);
#10424 = LINE('',#10425,#10426);
#10425 = CARTESIAN_POINT('',(-1.27,-6.096,0.));
#10426 = VECTOR('',#10427,1.);
#10427 = DIRECTION('',(0.,0.,1.));
#10428 = ORIENTED_EDGE('',*,*,#9618,.F.);
#10429 = PLANE('',#10430);
#10430 = AXIS2_PLACEMENT_3D('',#10431,#10432,#10433);
#10431 = CARTESIAN_POINT('',(-1.27,-4.064,0.));
#10432 = DIRECTION('',(1.,0.,0.));
#10433 = DIRECTION('',(0.,-1.,0.));
#10434 = ADVANCED_FACE('',(#10435),#10446,.F.);
#10435 = FACE_BOUND('',#10436,.F.);
#10436 = EDGE_LOOP('',(#10437,#10443,#10444,#10445));
#10437 = ORIENTED_EDGE('',*,*,#10438,.T.);
#10438 = EDGE_CURVE('',#9699,#10028,#10439,.T.);
#10439 = LINE('',#10440,#10441);
#10440 = CARTESIAN_POINT('',(1.27,-4.064,0.));
#10441 = VECTOR('',#10442,1.);
#10442 = DIRECTION('',(0.,0.,1.));
#10443 = ORIENTED_EDGE('',*,*,#10035,.T.);
#10444 = ORIENTED_EDGE('',*,*,#10404,.F.);
#10445 = ORIENTED_EDGE('',*,*,#9706,.F.);
#10446 = PLANE('',#10447);
#10447 = AXIS2_PLACEMENT_3D('',#10448,#10449,#10450);
#10448 = CARTESIAN_POINT('',(1.27,-4.064,0.));
#10449 = DIRECTION('',(-0.707106781187,-0.707106781187,0.));
#10450 = DIRECTION('',(-0.707106781187,0.707106781187,0.));
#10451 = ADVANCED_FACE('',(#10452),#10463,.F.);
#10452 = FACE_BOUND('',#10453,.F.);
#10453 = EDGE_LOOP('',(#10454,#10455,#10456,#10462));
#10454 = ORIENTED_EDGE('',*,*,#10423,.T.);
#10455 = ORIENTED_EDGE('',*,*,#9955,.T.);
#10456 = ORIENTED_EDGE('',*,*,#10457,.F.);
#10457 = EDGE_CURVE('',#9627,#9956,#10458,.T.);
#10458 = LINE('',#10459,#10460);
#10459 = CARTESIAN_POINT('',(-1.016,-6.35,0.));
#10460 = VECTOR('',#10461,1.);
#10461 = DIRECTION('',(0.,0.,1.));
#10462 = ORIENTED_EDGE('',*,*,#9626,.F.);
#10463 = PLANE('',#10464);
#10464 = AXIS2_PLACEMENT_3D('',#10465,#10466,#10467);
#10465 = CARTESIAN_POINT('',(-1.27,-6.096,0.));
#10466 = DIRECTION('',(0.707106781187,0.707106781187,0.));
#10467 = DIRECTION('',(0.707106781187,-0.707106781187,0.));
#10468 = ADVANCED_FACE('',(#10469),#10480,.F.);
#10469 = FACE_BOUND('',#10470,.F.);
#10470 = EDGE_LOOP('',(#10471,#10477,#10478,#10479));
#10471 = ORIENTED_EDGE('',*,*,#10472,.T.);
#10472 = EDGE_CURVE('',#9691,#10020,#10473,.T.);
#10473 = LINE('',#10474,#10475);
#10474 = CARTESIAN_POINT('',(1.27,-6.096,0.));
#10475 = VECTOR('',#10476,1.);
#10476 = DIRECTION('',(0.,0.,1.));
#10477 = ORIENTED_EDGE('',*,*,#10027,.T.);
#10478 = ORIENTED_EDGE('',*,*,#10438,.F.);
#10479 = ORIENTED_EDGE('',*,*,#9698,.F.);
#10480 = PLANE('',#10481);
#10481 = AXIS2_PLACEMENT_3D('',#10482,#10483,#10484);
#10482 = CARTESIAN_POINT('',(1.27,-6.096,0.));
#10483 = DIRECTION('',(-1.,0.,0.));
#10484 = DIRECTION('',(0.,1.,0.));
#10485 = ADVANCED_FACE('',(#10486),#10497,.F.);
#10486 = FACE_BOUND('',#10487,.F.);
#10487 = EDGE_LOOP('',(#10488,#10489,#10490,#10496));
#10488 = ORIENTED_EDGE('',*,*,#10457,.T.);
#10489 = ORIENTED_EDGE('',*,*,#9963,.T.);
#10490 = ORIENTED_EDGE('',*,*,#10491,.F.);
#10491 = EDGE_CURVE('',#9635,#9964,#10492,.T.);
#10492 = LINE('',#10493,#10494);
#10493 = CARTESIAN_POINT('',(-1.27,-6.604,0.));
#10494 = VECTOR('',#10495,1.);
#10495 = DIRECTION('',(0.,0.,1.));
#10496 = ORIENTED_EDGE('',*,*,#9634,.F.);
#10497 = PLANE('',#10498);
#10498 = AXIS2_PLACEMENT_3D('',#10499,#10500,#10501);
#10499 = CARTESIAN_POINT('',(-1.016,-6.35,0.));
#10500 = DIRECTION('',(0.707106781187,-0.707106781187,0.));
#10501 = DIRECTION('',(-0.707106781187,-0.707106781187,0.));
#10502 = ADVANCED_FACE('',(#10503),#10514,.F.);
#10503 = FACE_BOUND('',#10504,.F.);
#10504 = EDGE_LOOP('',(#10505,#10511,#10512,#10513));
#10505 = ORIENTED_EDGE('',*,*,#10506,.T.);
#10506 = EDGE_CURVE('',#9683,#10012,#10507,.T.);
#10507 = LINE('',#10508,#10509);
#10508 = CARTESIAN_POINT('',(1.016,-6.35,0.));
#10509 = VECTOR('',#10510,1.);
#10510 = DIRECTION('',(0.,0.,1.));
#10511 = ORIENTED_EDGE('',*,*,#10019,.T.);
#10512 = ORIENTED_EDGE('',*,*,#10472,.F.);
#10513 = ORIENTED_EDGE('',*,*,#9690,.F.);
#10514 = PLANE('',#10515);
#10515 = AXIS2_PLACEMENT_3D('',#10516,#10517,#10518);
#10516 = CARTESIAN_POINT('',(1.016,-6.35,0.));
#10517 = DIRECTION('',(-0.707106781187,0.707106781187,0.));
#10518 = DIRECTION('',(0.707106781187,0.707106781187,0.));
#10519 = ADVANCED_FACE('',(#10520),#10531,.F.);
#10520 = FACE_BOUND('',#10521,.F.);
#10521 = EDGE_LOOP('',(#10522,#10523,#10524,#10530));
#10522 = ORIENTED_EDGE('',*,*,#10491,.T.);
#10523 = ORIENTED_EDGE('',*,*,#9971,.T.);
#10524 = ORIENTED_EDGE('',*,*,#10525,.F.);
#10525 = EDGE_CURVE('',#9643,#9972,#10526,.T.);
#10526 = LINE('',#10527,#10528);
#10527 = CARTESIAN_POINT('',(-1.27,-8.636,0.));
#10528 = VECTOR('',#10529,1.);
#10529 = DIRECTION('',(0.,0.,1.));
#10530 = ORIENTED_EDGE('',*,*,#9642,.F.);
#10531 = PLANE('',#10532);
#10532 = AXIS2_PLACEMENT_3D('',#10533,#10534,#10535);
#10533 = CARTESIAN_POINT('',(-1.27,-6.604,0.));
#10534 = DIRECTION('',(1.,0.,0.));
#10535 = DIRECTION('',(0.,-1.,0.));
#10536 = ADVANCED_FACE('',(#10537),#10548,.F.);
#10537 = FACE_BOUND('',#10538,.F.);
#10538 = EDGE_LOOP('',(#10539,#10545,#10546,#10547));
#10539 = ORIENTED_EDGE('',*,*,#10540,.T.);
#10540 = EDGE_CURVE('',#9675,#10004,#10541,.T.);
#10541 = LINE('',#10542,#10543);
#10542 = CARTESIAN_POINT('',(1.27,-6.604,0.));
#10543 = VECTOR('',#10544,1.);
#10544 = DIRECTION('',(0.,0.,1.));
#10545 = ORIENTED_EDGE('',*,*,#10011,.T.);
#10546 = ORIENTED_EDGE('',*,*,#10506,.F.);
#10547 = ORIENTED_EDGE('',*,*,#9682,.F.);
#10548 = PLANE('',#10549);
#10549 = AXIS2_PLACEMENT_3D('',#10550,#10551,#10552);
#10550 = CARTESIAN_POINT('',(1.27,-6.604,0.));
#10551 = DIRECTION('',(-0.707106781187,-0.707106781187,0.));
#10552 = DIRECTION('',(-0.707106781187,0.707106781187,0.));
#10553 = ADVANCED_FACE('',(#10554),#10565,.F.);
#10554 = FACE_BOUND('',#10555,.F.);
#10555 = EDGE_LOOP('',(#10556,#10557,#10558,#10564));
#10556 = ORIENTED_EDGE('',*,*,#10525,.T.);
#10557 = ORIENTED_EDGE('',*,*,#9979,.T.);
#10558 = ORIENTED_EDGE('',*,*,#10559,.F.);
#10559 = EDGE_CURVE('',#9651,#9980,#10560,.T.);
#10560 = LINE('',#10561,#10562);
#10561 = CARTESIAN_POINT('',(-1.016,-8.89,0.));
#10562 = VECTOR('',#10563,1.);
#10563 = DIRECTION('',(0.,0.,1.));
#10564 = ORIENTED_EDGE('',*,*,#9650,.F.);
#10565 = PLANE('',#10566);
#10566 = AXIS2_PLACEMENT_3D('',#10567,#10568,#10569);
#10567 = CARTESIAN_POINT('',(-1.27,-8.636,0.));
#10568 = DIRECTION('',(0.707106781187,0.707106781187,0.));
#10569 = DIRECTION('',(0.707106781187,-0.707106781187,0.));
#10570 = ADVANCED_FACE('',(#10571),#10582,.F.);
#10571 = FACE_BOUND('',#10572,.F.);
#10572 = EDGE_LOOP('',(#10573,#10579,#10580,#10581));
#10573 = ORIENTED_EDGE('',*,*,#10574,.T.);
#10574 = EDGE_CURVE('',#9667,#9996,#10575,.T.);
#10575 = LINE('',#10576,#10577);
#10576 = CARTESIAN_POINT('',(1.27,-8.636,0.));
#10577 = VECTOR('',#10578,1.);
#10578 = DIRECTION('',(0.,0.,1.));
#10579 = ORIENTED_EDGE('',*,*,#10003,.T.);
#10580 = ORIENTED_EDGE('',*,*,#10540,.F.);
#10581 = ORIENTED_EDGE('',*,*,#9674,.F.);
#10582 = PLANE('',#10583);
#10583 = AXIS2_PLACEMENT_3D('',#10584,#10585,#10586);
#10584 = CARTESIAN_POINT('',(1.27,-8.636,0.));
#10585 = DIRECTION('',(-1.,0.,0.));
#10586 = DIRECTION('',(0.,1.,0.));
#10587 = ADVANCED_FACE('',(#10588),#10599,.F.);
#10588 = FACE_BOUND('',#10589,.F.);
#10589 = EDGE_LOOP('',(#10590,#10591,#10592,#10598));
#10590 = ORIENTED_EDGE('',*,*,#10559,.T.);
#10591 = ORIENTED_EDGE('',*,*,#9987,.T.);
#10592 = ORIENTED_EDGE('',*,*,#10593,.F.);
#10593 = EDGE_CURVE('',#9659,#9988,#10594,.T.);
#10594 = LINE('',#10595,#10596);
#10595 = CARTESIAN_POINT('',(1.016,-8.89,0.));
#10596 = VECTOR('',#10597,1.);
#10597 = DIRECTION('',(0.,0.,1.));
#10598 = ORIENTED_EDGE('',*,*,#9658,.F.);
#10599 = PLANE('',#10600);
#10600 = AXIS2_PLACEMENT_3D('',#10601,#10602,#10603);
#10601 = CARTESIAN_POINT('',(-1.016,-8.89,0.));
#10602 = DIRECTION('',(0.,1.,0.));
#10603 = DIRECTION('',(1.,0.,0.));
#10604 = ADVANCED_FACE('',(#10605),#10611,.F.);
#10605 = FACE_BOUND('',#10606,.F.);
#10606 = EDGE_LOOP('',(#10607,#10608,#10609,#10610));
#10607 = ORIENTED_EDGE('',*,*,#10593,.T.);
#10608 = ORIENTED_EDGE('',*,*,#9995,.T.);
#10609 = ORIENTED_EDGE('',*,*,#10574,.F.);
#10610 = ORIENTED_EDGE('',*,*,#9666,.F.);
#10611 = PLANE('',#10612);
#10612 = AXIS2_PLACEMENT_3D('',#10613,#10614,#10615);
#10613 = CARTESIAN_POINT('',(1.016,-8.89,0.));
#10614 = DIRECTION('',(-0.707106781187,0.707106781187,0.));
#10615 = DIRECTION('',(0.707106781187,0.707106781187,0.));
#10616 = ADVANCED_FACE('',(#10617),#10642,.T.);
#10617 = FACE_BOUND('',#10618,.T.);
#10618 = EDGE_LOOP('',(#10619,#10627,#10635,#10641));
#10619 = ORIENTED_EDGE('',*,*,#10620,.F.);
#10620 = EDGE_CURVE('',#10621,#9764,#10623,.T.);
#10621 = VERTEX_POINT('',#10622);
#10622 = CARTESIAN_POINT('',(0.32,-4.76,-2.84));
#10623 = LINE('',#10624,#10625);
#10624 = CARTESIAN_POINT('',(0.32,-4.76,-3.));
#10625 = VECTOR('',#10626,1.);
#10626 = DIRECTION('',(0.,0.,1.));
#10627 = ORIENTED_EDGE('',*,*,#10628,.F.);
#10628 = EDGE_CURVE('',#10629,#10621,#10631,.T.);
#10629 = VERTEX_POINT('',#10630);
#10630 = CARTESIAN_POINT('',(-0.32,-4.76,-2.84));
#10631 = LINE('',#10632,#10633);
#10632 = CARTESIAN_POINT('',(-0.32,-4.76,-2.84));
#10633 = VECTOR('',#10634,1.);
#10634 = DIRECTION('',(1.,0.,0.));
#10635 = ORIENTED_EDGE('',*,*,#10636,.T.);
#10636 = EDGE_CURVE('',#10629,#9766,#10637,.T.);
#10637 = LINE('',#10638,#10639);
#10638 = CARTESIAN_POINT('',(-0.32,-4.76,-3.));
#10639 = VECTOR('',#10640,1.);
#10640 = DIRECTION('',(0.,0.,1.));
#10641 = ORIENTED_EDGE('',*,*,#9763,.F.);
#10642 = PLANE('',#10643);
#10643 = AXIS2_PLACEMENT_3D('',#10644,#10645,#10646);
#10644 = CARTESIAN_POINT('',(-0.32,-4.76,-3.));
#10645 = DIRECTION('',(0.,1.,0.));
#10646 = DIRECTION('',(0.,-0.,1.));
#10647 = ADVANCED_FACE('',(#10648),#10666,.F.);
#10648 = FACE_BOUND('',#10649,.F.);
#10649 = EDGE_LOOP('',(#10650,#10658,#10664,#10665));
#10650 = ORIENTED_EDGE('',*,*,#10651,.F.);
#10651 = EDGE_CURVE('',#10652,#9782,#10654,.T.);
#10652 = VERTEX_POINT('',#10653);
#10653 = CARTESIAN_POINT('',(-0.32,-5.4,-2.84));
#10654 = LINE('',#10655,#10656);
#10655 = CARTESIAN_POINT('',(-0.32,-5.4,-3.));
#10656 = VECTOR('',#10657,1.);
#10657 = DIRECTION('',(0.,0.,1.));
#10658 = ORIENTED_EDGE('',*,*,#10659,.T.);
#10659 = EDGE_CURVE('',#10652,#10629,#10660,.T.);
#10660 = LINE('',#10661,#10662);
#10661 = CARTESIAN_POINT('',(-0.32,-5.4,-2.84));
#10662 = VECTOR('',#10663,1.);
#10663 = DIRECTION('',(0.,1.,0.));
#10664 = ORIENTED_EDGE('',*,*,#10636,.T.);
#10665 = ORIENTED_EDGE('',*,*,#9789,.F.);
#10666 = PLANE('',#10667);
#10667 = AXIS2_PLACEMENT_3D('',#10668,#10669,#10670);
#10668 = CARTESIAN_POINT('',(-0.32,-5.4,-3.));
#10669 = DIRECTION('',(1.,0.,0.));
#10670 = DIRECTION('',(0.,0.,1.));
#10671 = ADVANCED_FACE('',(#10672),#10690,.F.);
#10672 = FACE_BOUND('',#10673,.F.);
#10673 = EDGE_LOOP('',(#10674,#10682,#10688,#10689));
#10674 = ORIENTED_EDGE('',*,*,#10675,.F.);
#10675 = EDGE_CURVE('',#10676,#9774,#10678,.T.);
#10676 = VERTEX_POINT('',#10677);
#10677 = CARTESIAN_POINT('',(0.32,-5.4,-2.84));
#10678 = LINE('',#10679,#10680);
#10679 = CARTESIAN_POINT('',(0.32,-5.4,-3.));
#10680 = VECTOR('',#10681,1.);
#10681 = DIRECTION('',(0.,0.,1.));
#10682 = ORIENTED_EDGE('',*,*,#10683,.F.);
#10683 = EDGE_CURVE('',#10652,#10676,#10684,.T.);
#10684 = LINE('',#10685,#10686);
#10685 = CARTESIAN_POINT('',(-0.32,-5.4,-2.84));
#10686 = VECTOR('',#10687,1.);
#10687 = DIRECTION('',(1.,0.,0.));
#10688 = ORIENTED_EDGE('',*,*,#10651,.T.);
#10689 = ORIENTED_EDGE('',*,*,#9781,.F.);
#10690 = PLANE('',#10691);
#10691 = AXIS2_PLACEMENT_3D('',#10692,#10693,#10694);
#10692 = CARTESIAN_POINT('',(-0.32,-5.4,-3.));
#10693 = DIRECTION('',(0.,1.,0.));
#10694 = DIRECTION('',(0.,-0.,1.));
#10695 = ADVANCED_FACE('',(#10696),#10707,.T.);
#10696 = FACE_BOUND('',#10697,.T.);
#10697 = EDGE_LOOP('',(#10698,#10699,#10705,#10706));
#10698 = ORIENTED_EDGE('',*,*,#10675,.F.);
#10699 = ORIENTED_EDGE('',*,*,#10700,.T.);
#10700 = EDGE_CURVE('',#10676,#10621,#10701,.T.);
#10701 = LINE('',#10702,#10703);
#10702 = CARTESIAN_POINT('',(0.32,-5.4,-2.84));
#10703 = VECTOR('',#10704,1.);
#10704 = DIRECTION('',(0.,1.,0.));
#10705 = ORIENTED_EDGE('',*,*,#10620,.T.);
#10706 = ORIENTED_EDGE('',*,*,#9773,.F.);
#10707 = PLANE('',#10708);
#10708 = AXIS2_PLACEMENT_3D('',#10709,#10710,#10711);
#10709 = CARTESIAN_POINT('',(0.32,-5.4,-3.));
#10710 = DIRECTION('',(1.,0.,0.));
#10711 = DIRECTION('',(0.,0.,1.));
#10712 = ADVANCED_FACE('',(#10713),#10738,.T.);
#10713 = FACE_BOUND('',#10714,.T.);
#10714 = EDGE_LOOP('',(#10715,#10723,#10731,#10737));
#10715 = ORIENTED_EDGE('',*,*,#10716,.F.);
#10716 = EDGE_CURVE('',#10717,#9798,#10719,.T.);
#10717 = VERTEX_POINT('',#10718);
#10718 = CARTESIAN_POINT('',(0.32,-7.94,-2.84));
#10719 = LINE('',#10720,#10721);
#10720 = CARTESIAN_POINT('',(0.32,-7.94,-3.));
#10721 = VECTOR('',#10722,1.);
#10722 = DIRECTION('',(0.,0.,1.));
#10723 = ORIENTED_EDGE('',*,*,#10724,.T.);
#10724 = EDGE_CURVE('',#10717,#10725,#10727,.T.);
#10725 = VERTEX_POINT('',#10726);
#10726 = CARTESIAN_POINT('',(0.32,-7.3,-2.84));
#10727 = LINE('',#10728,#10729);
#10728 = CARTESIAN_POINT('',(0.32,-7.94,-2.84));
#10729 = VECTOR('',#10730,1.);
#10730 = DIRECTION('',(0.,1.,0.));
#10731 = ORIENTED_EDGE('',*,*,#10732,.T.);
#10732 = EDGE_CURVE('',#10725,#9800,#10733,.T.);
#10733 = LINE('',#10734,#10735);
#10734 = CARTESIAN_POINT('',(0.32,-7.3,-3.));
#10735 = VECTOR('',#10736,1.);
#10736 = DIRECTION('',(0.,0.,1.));
#10737 = ORIENTED_EDGE('',*,*,#9797,.F.);
#10738 = PLANE('',#10739);
#10739 = AXIS2_PLACEMENT_3D('',#10740,#10741,#10742);
#10740 = CARTESIAN_POINT('',(0.32,-7.94,-3.));
#10741 = DIRECTION('',(1.,0.,0.));
#10742 = DIRECTION('',(0.,0.,1.));
#10743 = ADVANCED_FACE('',(#10744),#10762,.T.);
#10744 = FACE_BOUND('',#10745,.T.);
#10745 = EDGE_LOOP('',(#10746,#10747,#10755,#10761));
#10746 = ORIENTED_EDGE('',*,*,#10732,.F.);
#10747 = ORIENTED_EDGE('',*,*,#10748,.F.);
#10748 = EDGE_CURVE('',#10749,#10725,#10751,.T.);
#10749 = VERTEX_POINT('',#10750);
#10750 = CARTESIAN_POINT('',(-0.32,-7.3,-2.84));
#10751 = LINE('',#10752,#10753);
#10752 = CARTESIAN_POINT('',(-0.32,-7.3,-2.84));
#10753 = VECTOR('',#10754,1.);
#10754 = DIRECTION('',(1.,0.,0.));
#10755 = ORIENTED_EDGE('',*,*,#10756,.T.);
#10756 = EDGE_CURVE('',#10749,#9816,#10757,.T.);
#10757 = LINE('',#10758,#10759);
#10758 = CARTESIAN_POINT('',(-0.32,-7.3,-3.));
#10759 = VECTOR('',#10760,1.);
#10760 = DIRECTION('',(0.,0.,1.));
#10761 = ORIENTED_EDGE('',*,*,#9823,.F.);
#10762 = PLANE('',#10763);
#10763 = AXIS2_PLACEMENT_3D('',#10764,#10765,#10766);
#10764 = CARTESIAN_POINT('',(-0.32,-7.3,-3.));
#10765 = DIRECTION('',(0.,1.,0.));
#10766 = DIRECTION('',(0.,-0.,1.));
#10767 = ADVANCED_FACE('',(#10768),#10786,.F.);
#10768 = FACE_BOUND('',#10769,.F.);
#10769 = EDGE_LOOP('',(#10770,#10778,#10784,#10785));
#10770 = ORIENTED_EDGE('',*,*,#10771,.F.);
#10771 = EDGE_CURVE('',#10772,#9808,#10774,.T.);
#10772 = VERTEX_POINT('',#10773);
#10773 = CARTESIAN_POINT('',(-0.32,-7.94,-2.84));
#10774 = LINE('',#10775,#10776);
#10775 = CARTESIAN_POINT('',(-0.32,-7.94,-3.));
#10776 = VECTOR('',#10777,1.);
#10777 = DIRECTION('',(0.,0.,1.));
#10778 = ORIENTED_EDGE('',*,*,#10779,.T.);
#10779 = EDGE_CURVE('',#10772,#10749,#10780,.T.);
#10780 = LINE('',#10781,#10782);
#10781 = CARTESIAN_POINT('',(-0.32,-7.94,-2.84));
#10782 = VECTOR('',#10783,1.);
#10783 = DIRECTION('',(0.,1.,0.));
#10784 = ORIENTED_EDGE('',*,*,#10756,.T.);
#10785 = ORIENTED_EDGE('',*,*,#9815,.F.);
#10786 = PLANE('',#10787);
#10787 = AXIS2_PLACEMENT_3D('',#10788,#10789,#10790);
#10788 = CARTESIAN_POINT('',(-0.32,-7.94,-3.));
#10789 = DIRECTION('',(1.,0.,0.));
#10790 = DIRECTION('',(0.,0.,1.));
#10791 = ADVANCED_FACE('',(#10792),#10803,.F.);
#10792 = FACE_BOUND('',#10793,.F.);
#10793 = EDGE_LOOP('',(#10794,#10795,#10801,#10802));
#10794 = ORIENTED_EDGE('',*,*,#10716,.F.);
#10795 = ORIENTED_EDGE('',*,*,#10796,.F.);
#10796 = EDGE_CURVE('',#10772,#10717,#10797,.T.);
#10797 = LINE('',#10798,#10799);
#10798 = CARTESIAN_POINT('',(-0.32,-7.94,-2.84));
#10799 = VECTOR('',#10800,1.);
#10800 = DIRECTION('',(1.,0.,0.));
#10801 = ORIENTED_EDGE('',*,*,#10771,.T.);
#10802 = ORIENTED_EDGE('',*,*,#9807,.F.);
#10803 = PLANE('',#10804);
#10804 = AXIS2_PLACEMENT_3D('',#10805,#10806,#10807);
#10805 = CARTESIAN_POINT('',(-0.32,-7.94,-3.));
#10806 = DIRECTION('',(0.,1.,0.));
#10807 = DIRECTION('',(0.,-0.,1.));
#10808 = ADVANCED_FACE('',(#10809),#10834,.T.);
#10809 = FACE_BOUND('',#10810,.T.);
#10810 = EDGE_LOOP('',(#10811,#10819,#10827,#10833));
#10811 = ORIENTED_EDGE('',*,*,#10812,.F.);
#10812 = EDGE_CURVE('',#10813,#9832,#10815,.T.);
#10813 = VERTEX_POINT('',#10814);
#10814 = CARTESIAN_POINT('',(0.32,-0.32,-2.84));
#10815 = LINE('',#10816,#10817);
#10816 = CARTESIAN_POINT('',(0.32,-0.32,-3.));
#10817 = VECTOR('',#10818,1.);
#10818 = DIRECTION('',(0.,0.,1.));
#10819 = ORIENTED_EDGE('',*,*,#10820,.T.);
#10820 = EDGE_CURVE('',#10813,#10821,#10823,.T.);
#10821 = VERTEX_POINT('',#10822);
#10822 = CARTESIAN_POINT('',(0.32,0.32,-2.84));
#10823 = LINE('',#10824,#10825);
#10824 = CARTESIAN_POINT('',(0.32,-0.32,-2.84));
#10825 = VECTOR('',#10826,1.);
#10826 = DIRECTION('',(0.,1.,0.));
#10827 = ORIENTED_EDGE('',*,*,#10828,.T.);
#10828 = EDGE_CURVE('',#10821,#9834,#10829,.T.);
#10829 = LINE('',#10830,#10831);
#10830 = CARTESIAN_POINT('',(0.32,0.32,-3.));
#10831 = VECTOR('',#10832,1.);
#10832 = DIRECTION('',(0.,0.,1.));
#10833 = ORIENTED_EDGE('',*,*,#9831,.F.);
#10834 = PLANE('',#10835);
#10835 = AXIS2_PLACEMENT_3D('',#10836,#10837,#10838);
#10836 = CARTESIAN_POINT('',(0.32,-0.32,-3.));
#10837 = DIRECTION('',(1.,0.,0.));
#10838 = DIRECTION('',(0.,0.,1.));
#10839 = ADVANCED_FACE('',(#10840),#10858,.T.);
#10840 = FACE_BOUND('',#10841,.T.);
#10841 = EDGE_LOOP('',(#10842,#10843,#10851,#10857));
#10842 = ORIENTED_EDGE('',*,*,#10828,.F.);
#10843 = ORIENTED_EDGE('',*,*,#10844,.F.);
#10844 = EDGE_CURVE('',#10845,#10821,#10847,.T.);
#10845 = VERTEX_POINT('',#10846);
#10846 = CARTESIAN_POINT('',(-0.32,0.32,-2.84));
#10847 = LINE('',#10848,#10849);
#10848 = CARTESIAN_POINT('',(-0.32,0.32,-2.84));
#10849 = VECTOR('',#10850,1.);
#10850 = DIRECTION('',(1.,0.,0.));
#10851 = ORIENTED_EDGE('',*,*,#10852,.T.);
#10852 = EDGE_CURVE('',#10845,#9850,#10853,.T.);
#10853 = LINE('',#10854,#10855);
#10854 = CARTESIAN_POINT('',(-0.32,0.32,-3.));
#10855 = VECTOR('',#10856,1.);
#10856 = DIRECTION('',(0.,0.,1.));
#10857 = ORIENTED_EDGE('',*,*,#9857,.F.);
#10858 = PLANE('',#10859);
#10859 = AXIS2_PLACEMENT_3D('',#10860,#10861,#10862);
#10860 = CARTESIAN_POINT('',(-0.32,0.32,-3.));
#10861 = DIRECTION('',(0.,1.,0.));
#10862 = DIRECTION('',(0.,-0.,1.));
#10863 = ADVANCED_FACE('',(#10864),#10882,.F.);
#10864 = FACE_BOUND('',#10865,.F.);
#10865 = EDGE_LOOP('',(#10866,#10874,#10880,#10881));
#10866 = ORIENTED_EDGE('',*,*,#10867,.F.);
#10867 = EDGE_CURVE('',#10868,#9842,#10870,.T.);
#10868 = VERTEX_POINT('',#10869);
#10869 = CARTESIAN_POINT('',(-0.32,-0.32,-2.84));
#10870 = LINE('',#10871,#10872);
#10871 = CARTESIAN_POINT('',(-0.32,-0.32,-3.));
#10872 = VECTOR('',#10873,1.);
#10873 = DIRECTION('',(0.,0.,1.));
#10874 = ORIENTED_EDGE('',*,*,#10875,.T.);
#10875 = EDGE_CURVE('',#10868,#10845,#10876,.T.);
#10876 = LINE('',#10877,#10878);
#10877 = CARTESIAN_POINT('',(-0.32,-0.32,-2.84));
#10878 = VECTOR('',#10879,1.);
#10879 = DIRECTION('',(0.,1.,0.));
#10880 = ORIENTED_EDGE('',*,*,#10852,.T.);
#10881 = ORIENTED_EDGE('',*,*,#9849,.F.);
#10882 = PLANE('',#10883);
#10883 = AXIS2_PLACEMENT_3D('',#10884,#10885,#10886);
#10884 = CARTESIAN_POINT('',(-0.32,-0.32,-3.));
#10885 = DIRECTION('',(1.,0.,0.));
#10886 = DIRECTION('',(0.,0.,1.));
#10887 = ADVANCED_FACE('',(#10888),#10899,.F.);
#10888 = FACE_BOUND('',#10889,.F.);
#10889 = EDGE_LOOP('',(#10890,#10891,#10897,#10898));
#10890 = ORIENTED_EDGE('',*,*,#10812,.F.);
#10891 = ORIENTED_EDGE('',*,*,#10892,.F.);
#10892 = EDGE_CURVE('',#10868,#10813,#10893,.T.);
#10893 = LINE('',#10894,#10895);
#10894 = CARTESIAN_POINT('',(-0.32,-0.32,-2.84));
#10895 = VECTOR('',#10896,1.);
#10896 = DIRECTION('',(1.,0.,0.));
#10897 = ORIENTED_EDGE('',*,*,#10867,.T.);
#10898 = ORIENTED_EDGE('',*,*,#9841,.F.);
#10899 = PLANE('',#10900);
#10900 = AXIS2_PLACEMENT_3D('',#10901,#10902,#10903);
#10901 = CARTESIAN_POINT('',(-0.32,-0.32,-3.));
#10902 = DIRECTION('',(0.,1.,0.));
#10903 = DIRECTION('',(0.,-0.,1.));
#10904 = ADVANCED_FACE('',(#10905),#10930,.T.);
#10905 = FACE_BOUND('',#10906,.T.);
#10906 = EDGE_LOOP('',(#10907,#10915,#10923,#10929));
#10907 = ORIENTED_EDGE('',*,*,#10908,.F.);
#10908 = EDGE_CURVE('',#10909,#9866,#10911,.T.);
#10909 = VERTEX_POINT('',#10910);
#10910 = CARTESIAN_POINT('',(0.32,-2.22,-2.84));
#10911 = LINE('',#10912,#10913);
#10912 = CARTESIAN_POINT('',(0.32,-2.22,-3.));
#10913 = VECTOR('',#10914,1.);
#10914 = DIRECTION('',(0.,0.,1.));
#10915 = ORIENTED_EDGE('',*,*,#10916,.F.);
#10916 = EDGE_CURVE('',#10917,#10909,#10919,.T.);
#10917 = VERTEX_POINT('',#10918);
#10918 = CARTESIAN_POINT('',(-0.32,-2.22,-2.84));
#10919 = LINE('',#10920,#10921);
#10920 = CARTESIAN_POINT('',(-0.32,-2.22,-2.84));
#10921 = VECTOR('',#10922,1.);
#10922 = DIRECTION('',(1.,0.,0.));
#10923 = ORIENTED_EDGE('',*,*,#10924,.T.);
#10924 = EDGE_CURVE('',#10917,#9868,#10925,.T.);
#10925 = LINE('',#10926,#10927);
#10926 = CARTESIAN_POINT('',(-0.32,-2.22,-3.));
#10927 = VECTOR('',#10928,1.);
#10928 = DIRECTION('',(0.,0.,1.));
#10929 = ORIENTED_EDGE('',*,*,#9865,.F.);
#10930 = PLANE('',#10931);
#10931 = AXIS2_PLACEMENT_3D('',#10932,#10933,#10934);
#10932 = CARTESIAN_POINT('',(-0.32,-2.22,-3.));
#10933 = DIRECTION('',(0.,1.,0.));
#10934 = DIRECTION('',(0.,-0.,1.));
#10935 = ADVANCED_FACE('',(#10936),#10954,.F.);
#10936 = FACE_BOUND('',#10937,.F.);
#10937 = EDGE_LOOP('',(#10938,#10946,#10952,#10953));
#10938 = ORIENTED_EDGE('',*,*,#10939,.F.);
#10939 = EDGE_CURVE('',#10940,#9884,#10942,.T.);
#10940 = VERTEX_POINT('',#10941);
#10941 = CARTESIAN_POINT('',(-0.32,-2.86,-2.84));
#10942 = LINE('',#10943,#10944);
#10943 = CARTESIAN_POINT('',(-0.32,-2.86,-3.));
#10944 = VECTOR('',#10945,1.);
#10945 = DIRECTION('',(0.,0.,1.));
#10946 = ORIENTED_EDGE('',*,*,#10947,.T.);
#10947 = EDGE_CURVE('',#10940,#10917,#10948,.T.);
#10948 = LINE('',#10949,#10950);
#10949 = CARTESIAN_POINT('',(-0.32,-2.86,-2.84));
#10950 = VECTOR('',#10951,1.);
#10951 = DIRECTION('',(0.,1.,0.));
#10952 = ORIENTED_EDGE('',*,*,#10924,.T.);
#10953 = ORIENTED_EDGE('',*,*,#9891,.F.);
#10954 = PLANE('',#10955);
#10955 = AXIS2_PLACEMENT_3D('',#10956,#10957,#10958);
#10956 = CARTESIAN_POINT('',(-0.32,-2.86,-3.));
#10957 = DIRECTION('',(1.,0.,0.));
#10958 = DIRECTION('',(0.,0.,1.));
#10959 = ADVANCED_FACE('',(#10960),#10978,.F.);
#10960 = FACE_BOUND('',#10961,.F.);
#10961 = EDGE_LOOP('',(#10962,#10970,#10976,#10977));
#10962 = ORIENTED_EDGE('',*,*,#10963,.F.);
#10963 = EDGE_CURVE('',#10964,#9876,#10966,.T.);
#10964 = VERTEX_POINT('',#10965);
#10965 = CARTESIAN_POINT('',(0.32,-2.86,-2.84));
#10966 = LINE('',#10967,#10968);
#10967 = CARTESIAN_POINT('',(0.32,-2.86,-3.));
#10968 = VECTOR('',#10969,1.);
#10969 = DIRECTION('',(0.,0.,1.));
#10970 = ORIENTED_EDGE('',*,*,#10971,.F.);
#10971 = EDGE_CURVE('',#10940,#10964,#10972,.T.);
#10972 = LINE('',#10973,#10974);
#10973 = CARTESIAN_POINT('',(-0.32,-2.86,-2.84));
#10974 = VECTOR('',#10975,1.);
#10975 = DIRECTION('',(1.,0.,0.));
#10976 = ORIENTED_EDGE('',*,*,#10939,.T.);
#10977 = ORIENTED_EDGE('',*,*,#9883,.F.);
#10978 = PLANE('',#10979);
#10979 = AXIS2_PLACEMENT_3D('',#10980,#10981,#10982);
#10980 = CARTESIAN_POINT('',(-0.32,-2.86,-3.));
#10981 = DIRECTION('',(0.,1.,0.));
#10982 = DIRECTION('',(0.,-0.,1.));
#10983 = ADVANCED_FACE('',(#10984),#10995,.T.);
#10984 = FACE_BOUND('',#10985,.T.);
#10985 = EDGE_LOOP('',(#10986,#10987,#10993,#10994));
#10986 = ORIENTED_EDGE('',*,*,#10963,.F.);
#10987 = ORIENTED_EDGE('',*,*,#10988,.T.);
#10988 = EDGE_CURVE('',#10964,#10909,#10989,.T.);
#10989 = LINE('',#10990,#10991);
#10990 = CARTESIAN_POINT('',(0.32,-2.86,-2.84));
#10991 = VECTOR('',#10992,1.);
#10992 = DIRECTION('',(0.,1.,0.));
#10993 = ORIENTED_EDGE('',*,*,#10908,.T.);
#10994 = ORIENTED_EDGE('',*,*,#9875,.F.);
#10995 = PLANE('',#10996);
#10996 = AXIS2_PLACEMENT_3D('',#10997,#10998,#10999);
#10997 = CARTESIAN_POINT('',(0.32,-2.86,-3.));
#10998 = DIRECTION('',(1.,0.,0.));
#10999 = DIRECTION('',(0.,0.,1.));
#11000 = ADVANCED_FACE('',(#11001),#11026,.T.);
#11001 = FACE_BOUND('',#11002,.T.);
#11002 = EDGE_LOOP('',(#11003,#11011,#11012,#11020));
#11003 = ORIENTED_EDGE('',*,*,#11004,.F.);
#11004 = EDGE_CURVE('',#10093,#11005,#11007,.T.);
#11005 = VERTEX_POINT('',#11006);
#11006 = CARTESIAN_POINT('',(0.32,-4.76,8.38));
#11007 = LINE('',#11008,#11009);
#11008 = CARTESIAN_POINT('',(0.32,-4.76,-3.));
#11009 = VECTOR('',#11010,1.);
#11010 = DIRECTION('',(0.,0.,1.));
#11011 = ORIENTED_EDGE('',*,*,#10092,.T.);
#11012 = ORIENTED_EDGE('',*,*,#11013,.T.);
#11013 = EDGE_CURVE('',#10095,#11014,#11016,.T.);
#11014 = VERTEX_POINT('',#11015);
#11015 = CARTESIAN_POINT('',(-0.32,-4.76,8.38));
#11016 = LINE('',#11017,#11018);
#11017 = CARTESIAN_POINT('',(-0.32,-4.76,-3.));
#11018 = VECTOR('',#11019,1.);
#11019 = DIRECTION('',(0.,0.,1.));
#11020 = ORIENTED_EDGE('',*,*,#11021,.T.);
#11021 = EDGE_CURVE('',#11014,#11005,#11022,.T.);
#11022 = LINE('',#11023,#11024);
#11023 = CARTESIAN_POINT('',(-0.32,-4.76,8.38));
#11024 = VECTOR('',#11025,1.);
#11025 = DIRECTION('',(1.,0.,0.));
#11026 = PLANE('',#11027);
#11027 = AXIS2_PLACEMENT_3D('',#11028,#11029,#11030);
#11028 = CARTESIAN_POINT('',(-0.32,-4.76,-3.));
#11029 = DIRECTION('',(0.,1.,0.));
#11030 = DIRECTION('',(0.,-0.,1.));
#11031 = ADVANCED_FACE('',(#11032),#11050,.F.);
#11032 = FACE_BOUND('',#11033,.F.);
#11033 = EDGE_LOOP('',(#11034,#11042,#11043,#11044));
#11034 = ORIENTED_EDGE('',*,*,#11035,.F.);
#11035 = EDGE_CURVE('',#10111,#11036,#11038,.T.);
#11036 = VERTEX_POINT('',#11037);
#11037 = CARTESIAN_POINT('',(-0.32,-5.4,8.38));
#11038 = LINE('',#11039,#11040);
#11039 = CARTESIAN_POINT('',(-0.32,-5.4,-3.));
#11040 = VECTOR('',#11041,1.);
#11041 = DIRECTION('',(0.,0.,1.));
#11042 = ORIENTED_EDGE('',*,*,#10118,.T.);
#11043 = ORIENTED_EDGE('',*,*,#11013,.T.);
#11044 = ORIENTED_EDGE('',*,*,#11045,.F.);
#11045 = EDGE_CURVE('',#11036,#11014,#11046,.T.);
#11046 = LINE('',#11047,#11048);
#11047 = CARTESIAN_POINT('',(-0.32,-5.4,8.38));
#11048 = VECTOR('',#11049,1.);
#11049 = DIRECTION('',(0.,1.,0.));
#11050 = PLANE('',#11051);
#11051 = AXIS2_PLACEMENT_3D('',#11052,#11053,#11054);
#11052 = CARTESIAN_POINT('',(-0.32,-5.4,-3.));
#11053 = DIRECTION('',(1.,0.,0.));
#11054 = DIRECTION('',(0.,0.,1.));
#11055 = ADVANCED_FACE('',(#11056),#11074,.F.);
#11056 = FACE_BOUND('',#11057,.F.);
#11057 = EDGE_LOOP('',(#11058,#11066,#11067,#11068));
#11058 = ORIENTED_EDGE('',*,*,#11059,.F.);
#11059 = EDGE_CURVE('',#10103,#11060,#11062,.T.);
#11060 = VERTEX_POINT('',#11061);
#11061 = CARTESIAN_POINT('',(0.32,-5.4,8.38));
#11062 = LINE('',#11063,#11064);
#11063 = CARTESIAN_POINT('',(0.32,-5.4,-3.));
#11064 = VECTOR('',#11065,1.);
#11065 = DIRECTION('',(0.,0.,1.));
#11066 = ORIENTED_EDGE('',*,*,#10110,.T.);
#11067 = ORIENTED_EDGE('',*,*,#11035,.T.);
#11068 = ORIENTED_EDGE('',*,*,#11069,.T.);
#11069 = EDGE_CURVE('',#11036,#11060,#11070,.T.);
#11070 = LINE('',#11071,#11072);
#11071 = CARTESIAN_POINT('',(-0.32,-5.4,8.38));
#11072 = VECTOR('',#11073,1.);
#11073 = DIRECTION('',(1.,0.,0.));
#11074 = PLANE('',#11075);
#11075 = AXIS2_PLACEMENT_3D('',#11076,#11077,#11078);
#11076 = CARTESIAN_POINT('',(-0.32,-5.4,-3.));
#11077 = DIRECTION('',(0.,1.,0.));
#11078 = DIRECTION('',(0.,-0.,1.));
#11079 = ADVANCED_FACE('',(#11080),#11091,.T.);
#11080 = FACE_BOUND('',#11081,.T.);
#11081 = EDGE_LOOP('',(#11082,#11083,#11084,#11085));
#11082 = ORIENTED_EDGE('',*,*,#11059,.F.);
#11083 = ORIENTED_EDGE('',*,*,#10102,.T.);
#11084 = ORIENTED_EDGE('',*,*,#11004,.T.);
#11085 = ORIENTED_EDGE('',*,*,#11086,.F.);
#11086 = EDGE_CURVE('',#11060,#11005,#11087,.T.);
#11087 = LINE('',#11088,#11089);
#11088 = CARTESIAN_POINT('',(0.32,-5.4,8.38));
#11089 = VECTOR('',#11090,1.);
#11090 = DIRECTION('',(0.,1.,0.));
#11091 = PLANE('',#11092);
#11092 = AXIS2_PLACEMENT_3D('',#11093,#11094,#11095);
#11093 = CARTESIAN_POINT('',(0.32,-5.4,-3.));
#11094 = DIRECTION('',(1.,0.,0.));
#11095 = DIRECTION('',(0.,0.,1.));
#11096 = ADVANCED_FACE('',(#11097),#11122,.T.);
#11097 = FACE_BOUND('',#11098,.T.);
#11098 = EDGE_LOOP('',(#11099,#11107,#11108,#11116));
#11099 = ORIENTED_EDGE('',*,*,#11100,.F.);
#11100 = EDGE_CURVE('',#10127,#11101,#11103,.T.);
#11101 = VERTEX_POINT('',#11102);
#11102 = CARTESIAN_POINT('',(0.32,-7.94,8.38));
#11103 = LINE('',#11104,#11105);
#11104 = CARTESIAN_POINT('',(0.32,-7.94,-3.));
#11105 = VECTOR('',#11106,1.);
#11106 = DIRECTION('',(0.,0.,1.));
#11107 = ORIENTED_EDGE('',*,*,#10126,.T.);
#11108 = ORIENTED_EDGE('',*,*,#11109,.T.);
#11109 = EDGE_CURVE('',#10129,#11110,#11112,.T.);
#11110 = VERTEX_POINT('',#11111);
#11111 = CARTESIAN_POINT('',(0.32,-7.3,8.38));
#11112 = LINE('',#11113,#11114);
#11113 = CARTESIAN_POINT('',(0.32,-7.3,-3.));
#11114 = VECTOR('',#11115,1.);
#11115 = DIRECTION('',(0.,0.,1.));
#11116 = ORIENTED_EDGE('',*,*,#11117,.F.);
#11117 = EDGE_CURVE('',#11101,#11110,#11118,.T.);
#11118 = LINE('',#11119,#11120);
#11119 = CARTESIAN_POINT('',(0.32,-7.94,8.38));
#11120 = VECTOR('',#11121,1.);
#11121 = DIRECTION('',(0.,1.,0.));
#11122 = PLANE('',#11123);
#11123 = AXIS2_PLACEMENT_3D('',#11124,#11125,#11126);
#11124 = CARTESIAN_POINT('',(0.32,-7.94,-3.));
#11125 = DIRECTION('',(1.,0.,0.));
#11126 = DIRECTION('',(0.,0.,1.));
#11127 = ADVANCED_FACE('',(#11128),#11146,.T.);
#11128 = FACE_BOUND('',#11129,.T.);
#11129 = EDGE_LOOP('',(#11130,#11131,#11132,#11140));
#11130 = ORIENTED_EDGE('',*,*,#11109,.F.);
#11131 = ORIENTED_EDGE('',*,*,#10152,.T.);
#11132 = ORIENTED_EDGE('',*,*,#11133,.T.);
#11133 = EDGE_CURVE('',#10145,#11134,#11136,.T.);
#11134 = VERTEX_POINT('',#11135);
#11135 = CARTESIAN_POINT('',(-0.32,-7.3,8.38));
#11136 = LINE('',#11137,#11138);
#11137 = CARTESIAN_POINT('',(-0.32,-7.3,-3.));
#11138 = VECTOR('',#11139,1.);
#11139 = DIRECTION('',(0.,0.,1.));
#11140 = ORIENTED_EDGE('',*,*,#11141,.T.);
#11141 = EDGE_CURVE('',#11134,#11110,#11142,.T.);
#11142 = LINE('',#11143,#11144);
#11143 = CARTESIAN_POINT('',(-0.32,-7.3,8.38));
#11144 = VECTOR('',#11145,1.);
#11145 = DIRECTION('',(1.,0.,0.));
#11146 = PLANE('',#11147);
#11147 = AXIS2_PLACEMENT_3D('',#11148,#11149,#11150);
#11148 = CARTESIAN_POINT('',(-0.32,-7.3,-3.));
#11149 = DIRECTION('',(0.,1.,0.));
#11150 = DIRECTION('',(0.,-0.,1.));
#11151 = ADVANCED_FACE('',(#11152),#11170,.F.);
#11152 = FACE_BOUND('',#11153,.F.);
#11153 = EDGE_LOOP('',(#11154,#11162,#11163,#11164));
#11154 = ORIENTED_EDGE('',*,*,#11155,.F.);
#11155 = EDGE_CURVE('',#10137,#11156,#11158,.T.);
#11156 = VERTEX_POINT('',#11157);
#11157 = CARTESIAN_POINT('',(-0.32,-7.94,8.38));
#11158 = LINE('',#11159,#11160);
#11159 = CARTESIAN_POINT('',(-0.32,-7.94,-3.));
#11160 = VECTOR('',#11161,1.);
#11161 = DIRECTION('',(0.,0.,1.));
#11162 = ORIENTED_EDGE('',*,*,#10144,.T.);
#11163 = ORIENTED_EDGE('',*,*,#11133,.T.);
#11164 = ORIENTED_EDGE('',*,*,#11165,.F.);
#11165 = EDGE_CURVE('',#11156,#11134,#11166,.T.);
#11166 = LINE('',#11167,#11168);
#11167 = CARTESIAN_POINT('',(-0.32,-7.94,8.38));
#11168 = VECTOR('',#11169,1.);
#11169 = DIRECTION('',(0.,1.,0.));
#11170 = PLANE('',#11171);
#11171 = AXIS2_PLACEMENT_3D('',#11172,#11173,#11174);
#11172 = CARTESIAN_POINT('',(-0.32,-7.94,-3.));
#11173 = DIRECTION('',(1.,0.,0.));
#11174 = DIRECTION('',(0.,0.,1.));
#11175 = ADVANCED_FACE('',(#11176),#11187,.F.);
#11176 = FACE_BOUND('',#11177,.F.);
#11177 = EDGE_LOOP('',(#11178,#11179,#11180,#11181));
#11178 = ORIENTED_EDGE('',*,*,#11100,.F.);
#11179 = ORIENTED_EDGE('',*,*,#10136,.T.);
#11180 = ORIENTED_EDGE('',*,*,#11155,.T.);
#11181 = ORIENTED_EDGE('',*,*,#11182,.T.);
#11182 = EDGE_CURVE('',#11156,#11101,#11183,.T.);
#11183 = LINE('',#11184,#11185);
#11184 = CARTESIAN_POINT('',(-0.32,-7.94,8.38));
#11185 = VECTOR('',#11186,1.);
#11186 = DIRECTION('',(1.,0.,0.));
#11187 = PLANE('',#11188);
#11188 = AXIS2_PLACEMENT_3D('',#11189,#11190,#11191);
#11189 = CARTESIAN_POINT('',(-0.32,-7.94,-3.));
#11190 = DIRECTION('',(0.,1.,0.));
#11191 = DIRECTION('',(0.,-0.,1.));
#11192 = ADVANCED_FACE('',(#11193),#11218,.T.);
#11193 = FACE_BOUND('',#11194,.T.);
#11194 = EDGE_LOOP('',(#11195,#11203,#11204,#11212));
#11195 = ORIENTED_EDGE('',*,*,#11196,.F.);
#11196 = EDGE_CURVE('',#10161,#11197,#11199,.T.);
#11197 = VERTEX_POINT('',#11198);
#11198 = CARTESIAN_POINT('',(0.32,-0.32,8.38));
#11199 = LINE('',#11200,#11201);
#11200 = CARTESIAN_POINT('',(0.32,-0.32,-3.));
#11201 = VECTOR('',#11202,1.);
#11202 = DIRECTION('',(0.,0.,1.));
#11203 = ORIENTED_EDGE('',*,*,#10160,.T.);
#11204 = ORIENTED_EDGE('',*,*,#11205,.T.);
#11205 = EDGE_CURVE('',#10163,#11206,#11208,.T.);
#11206 = VERTEX_POINT('',#11207);
#11207 = CARTESIAN_POINT('',(0.32,0.32,8.38));
#11208 = LINE('',#11209,#11210);
#11209 = CARTESIAN_POINT('',(0.32,0.32,-3.));
#11210 = VECTOR('',#11211,1.);
#11211 = DIRECTION('',(0.,0.,1.));
#11212 = ORIENTED_EDGE('',*,*,#11213,.F.);
#11213 = EDGE_CURVE('',#11197,#11206,#11214,.T.);
#11214 = LINE('',#11215,#11216);
#11215 = CARTESIAN_POINT('',(0.32,-0.32,8.38));
#11216 = VECTOR('',#11217,1.);
#11217 = DIRECTION('',(0.,1.,0.));
#11218 = PLANE('',#11219);
#11219 = AXIS2_PLACEMENT_3D('',#11220,#11221,#11222);
#11220 = CARTESIAN_POINT('',(0.32,-0.32,-3.));
#11221 = DIRECTION('',(1.,0.,0.));
#11222 = DIRECTION('',(0.,0.,1.));
#11223 = ADVANCED_FACE('',(#11224),#11242,.T.);
#11224 = FACE_BOUND('',#11225,.T.);
#11225 = EDGE_LOOP('',(#11226,#11227,#11228,#11236));
#11226 = ORIENTED_EDGE('',*,*,#11205,.F.);
#11227 = ORIENTED_EDGE('',*,*,#10186,.T.);
#11228 = ORIENTED_EDGE('',*,*,#11229,.T.);
#11229 = EDGE_CURVE('',#10179,#11230,#11232,.T.);
#11230 = VERTEX_POINT('',#11231);
#11231 = CARTESIAN_POINT('',(-0.32,0.32,8.38));
#11232 = LINE('',#11233,#11234);
#11233 = CARTESIAN_POINT('',(-0.32,0.32,-3.));
#11234 = VECTOR('',#11235,1.);
#11235 = DIRECTION('',(0.,0.,1.));
#11236 = ORIENTED_EDGE('',*,*,#11237,.T.);
#11237 = EDGE_CURVE('',#11230,#11206,#11238,.T.);
#11238 = LINE('',#11239,#11240);
#11239 = CARTESIAN_POINT('',(-0.32,0.32,8.38));
#11240 = VECTOR('',#11241,1.);
#11241 = DIRECTION('',(1.,0.,0.));
#11242 = PLANE('',#11243);
#11243 = AXIS2_PLACEMENT_3D('',#11244,#11245,#11246);
#11244 = CARTESIAN_POINT('',(-0.32,0.32,-3.));
#11245 = DIRECTION('',(0.,1.,0.));
#11246 = DIRECTION('',(0.,-0.,1.));
#11247 = ADVANCED_FACE('',(#11248),#11266,.F.);
#11248 = FACE_BOUND('',#11249,.F.);
#11249 = EDGE_LOOP('',(#11250,#11258,#11259,#11260));
#11250 = ORIENTED_EDGE('',*,*,#11251,.F.);
#11251 = EDGE_CURVE('',#10171,#11252,#11254,.T.);
#11252 = VERTEX_POINT('',#11253);
#11253 = CARTESIAN_POINT('',(-0.32,-0.32,8.38));
#11254 = LINE('',#11255,#11256);
#11255 = CARTESIAN_POINT('',(-0.32,-0.32,-3.));
#11256 = VECTOR('',#11257,1.);
#11257 = DIRECTION('',(0.,0.,1.));
#11258 = ORIENTED_EDGE('',*,*,#10178,.T.);
#11259 = ORIENTED_EDGE('',*,*,#11229,.T.);
#11260 = ORIENTED_EDGE('',*,*,#11261,.F.);
#11261 = EDGE_CURVE('',#11252,#11230,#11262,.T.);
#11262 = LINE('',#11263,#11264);
#11263 = CARTESIAN_POINT('',(-0.32,-0.32,8.38));
#11264 = VECTOR('',#11265,1.);
#11265 = DIRECTION('',(0.,1.,0.));
#11266 = PLANE('',#11267);
#11267 = AXIS2_PLACEMENT_3D('',#11268,#11269,#11270);
#11268 = CARTESIAN_POINT('',(-0.32,-0.32,-3.));
#11269 = DIRECTION('',(1.,0.,0.));
#11270 = DIRECTION('',(0.,0.,1.));
#11271 = ADVANCED_FACE('',(#11272),#11283,.F.);
#11272 = FACE_BOUND('',#11273,.F.);
#11273 = EDGE_LOOP('',(#11274,#11275,#11276,#11277));
#11274 = ORIENTED_EDGE('',*,*,#11196,.F.);
#11275 = ORIENTED_EDGE('',*,*,#10170,.T.);
#11276 = ORIENTED_EDGE('',*,*,#11251,.T.);
#11277 = ORIENTED_EDGE('',*,*,#11278,.T.);
#11278 = EDGE_CURVE('',#11252,#11197,#11279,.T.);
#11279 = LINE('',#11280,#11281);
#11280 = CARTESIAN_POINT('',(-0.32,-0.32,8.38));
#11281 = VECTOR('',#11282,1.);
#11282 = DIRECTION('',(1.,0.,0.));
#11283 = PLANE('',#11284);
#11284 = AXIS2_PLACEMENT_3D('',#11285,#11286,#11287);
#11285 = CARTESIAN_POINT('',(-0.32,-0.32,-3.));
#11286 = DIRECTION('',(0.,1.,0.));
#11287 = DIRECTION('',(0.,-0.,1.));
#11288 = ADVANCED_FACE('',(#11289),#11314,.T.);
#11289 = FACE_BOUND('',#11290,.T.);
#11290 = EDGE_LOOP('',(#11291,#11299,#11300,#11308));
#11291 = ORIENTED_EDGE('',*,*,#11292,.F.);
#11292 = EDGE_CURVE('',#10195,#11293,#11295,.T.);
#11293 = VERTEX_POINT('',#11294);
#11294 = CARTESIAN_POINT('',(0.32,-2.22,8.38));
#11295 = LINE('',#11296,#11297);
#11296 = CARTESIAN_POINT('',(0.32,-2.22,-3.));
#11297 = VECTOR('',#11298,1.);
#11298 = DIRECTION('',(0.,0.,1.));
#11299 = ORIENTED_EDGE('',*,*,#10194,.T.);
#11300 = ORIENTED_EDGE('',*,*,#11301,.T.);
#11301 = EDGE_CURVE('',#10197,#11302,#11304,.T.);
#11302 = VERTEX_POINT('',#11303);
#11303 = CARTESIAN_POINT('',(-0.32,-2.22,8.38));
#11304 = LINE('',#11305,#11306);
#11305 = CARTESIAN_POINT('',(-0.32,-2.22,-3.));
#11306 = VECTOR('',#11307,1.);
#11307 = DIRECTION('',(0.,0.,1.));
#11308 = ORIENTED_EDGE('',*,*,#11309,.T.);
#11309 = EDGE_CURVE('',#11302,#11293,#11310,.T.);
#11310 = LINE('',#11311,#11312);
#11311 = CARTESIAN_POINT('',(-0.32,-2.22,8.38));
#11312 = VECTOR('',#11313,1.);
#11313 = DIRECTION('',(1.,0.,0.));
#11314 = PLANE('',#11315);
#11315 = AXIS2_PLACEMENT_3D('',#11316,#11317,#11318);
#11316 = CARTESIAN_POINT('',(-0.32,-2.22,-3.));
#11317 = DIRECTION('',(0.,1.,0.));
#11318 = DIRECTION('',(0.,-0.,1.));
#11319 = ADVANCED_FACE('',(#11320),#11338,.F.);
#11320 = FACE_BOUND('',#11321,.F.);
#11321 = EDGE_LOOP('',(#11322,#11330,#11331,#11332));
#11322 = ORIENTED_EDGE('',*,*,#11323,.F.);
#11323 = EDGE_CURVE('',#10213,#11324,#11326,.T.);
#11324 = VERTEX_POINT('',#11325);
#11325 = CARTESIAN_POINT('',(-0.32,-2.86,8.38));
#11326 = LINE('',#11327,#11328);
#11327 = CARTESIAN_POINT('',(-0.32,-2.86,-3.));
#11328 = VECTOR('',#11329,1.);
#11329 = DIRECTION('',(0.,0.,1.));
#11330 = ORIENTED_EDGE('',*,*,#10220,.T.);
#11331 = ORIENTED_EDGE('',*,*,#11301,.T.);
#11332 = ORIENTED_EDGE('',*,*,#11333,.F.);
#11333 = EDGE_CURVE('',#11324,#11302,#11334,.T.);
#11334 = LINE('',#11335,#11336);
#11335 = CARTESIAN_POINT('',(-0.32,-2.86,8.38));
#11336 = VECTOR('',#11337,1.);
#11337 = DIRECTION('',(0.,1.,0.));
#11338 = PLANE('',#11339);
#11339 = AXIS2_PLACEMENT_3D('',#11340,#11341,#11342);
#11340 = CARTESIAN_POINT('',(-0.32,-2.86,-3.));
#11341 = DIRECTION('',(1.,0.,0.));
#11342 = DIRECTION('',(0.,0.,1.));
#11343 = ADVANCED_FACE('',(#11344),#11362,.F.);
#11344 = FACE_BOUND('',#11345,.F.);
#11345 = EDGE_LOOP('',(#11346,#11354,#11355,#11356));
#11346 = ORIENTED_EDGE('',*,*,#11347,.F.);
#11347 = EDGE_CURVE('',#10205,#11348,#11350,.T.);
#11348 = VERTEX_POINT('',#11349);
#11349 = CARTESIAN_POINT('',(0.32,-2.86,8.38));
#11350 = LINE('',#11351,#11352);
#11351 = CARTESIAN_POINT('',(0.32,-2.86,-3.));
#11352 = VECTOR('',#11353,1.);
#11353 = DIRECTION('',(0.,0.,1.));
#11354 = ORIENTED_EDGE('',*,*,#10212,.T.);
#11355 = ORIENTED_EDGE('',*,*,#11323,.T.);
#11356 = ORIENTED_EDGE('',*,*,#11357,.T.);
#11357 = EDGE_CURVE('',#11324,#11348,#11358,.T.);
#11358 = LINE('',#11359,#11360);
#11359 = CARTESIAN_POINT('',(-0.32,-2.86,8.38));
#11360 = VECTOR('',#11361,1.);
#11361 = DIRECTION('',(1.,0.,0.));
#11362 = PLANE('',#11363);
#11363 = AXIS2_PLACEMENT_3D('',#11364,#11365,#11366);
#11364 = CARTESIAN_POINT('',(-0.32,-2.86,-3.));
#11365 = DIRECTION('',(0.,1.,0.));
#11366 = DIRECTION('',(0.,-0.,1.));
#11367 = ADVANCED_FACE('',(#11368),#11379,.T.);
#11368 = FACE_BOUND('',#11369,.T.);
#11369 = EDGE_LOOP('',(#11370,#11371,#11372,#11373));
#11370 = ORIENTED_EDGE('',*,*,#11347,.F.);
#11371 = ORIENTED_EDGE('',*,*,#10204,.T.);
#11372 = ORIENTED_EDGE('',*,*,#11292,.T.);
#11373 = ORIENTED_EDGE('',*,*,#11374,.F.);
#11374 = EDGE_CURVE('',#11348,#11293,#11375,.T.);
#11375 = LINE('',#11376,#11377);
#11376 = CARTESIAN_POINT('',(0.32,-2.86,8.38));
#11377 = VECTOR('',#11378,1.);
#11378 = DIRECTION('',(0.,1.,0.));
#11379 = PLANE('',#11380);
#11380 = AXIS2_PLACEMENT_3D('',#11381,#11382,#11383);
#11381 = CARTESIAN_POINT('',(0.32,-2.86,-3.));
#11382 = DIRECTION('',(1.,0.,0.));
#11383 = DIRECTION('',(0.,0.,1.));
#11384 = ADVANCED_FACE('',(#11385),#11410,.F.);
#11385 = FACE_BOUND('',#11386,.T.);
#11386 = EDGE_LOOP('',(#11387,#11395,#11396,#11404));
#11387 = ORIENTED_EDGE('',*,*,#11388,.F.);
#11388 = EDGE_CURVE('',#10629,#11389,#11391,.T.);
#11389 = VERTEX_POINT('',#11390);
#11390 = CARTESIAN_POINT('',(-0.16,-4.92,-3.));
#11391 = LINE('',#11392,#11393);
#11392 = CARTESIAN_POINT('',(-0.16,-4.92,-3.));
#11393 = VECTOR('',#11394,1.);
#11394 = DIRECTION('',(0.57735026919,-0.57735026919,-0.57735026919));
#11395 = ORIENTED_EDGE('',*,*,#10628,.T.);
#11396 = ORIENTED_EDGE('',*,*,#11397,.T.);
#11397 = EDGE_CURVE('',#10621,#11398,#11400,.T.);
#11398 = VERTEX_POINT('',#11399);
#11399 = CARTESIAN_POINT('',(0.16,-4.92,-3.));
#11400 = LINE('',#11401,#11402);
#11401 = CARTESIAN_POINT('',(5.333333333333E-02,-5.026666666667,
    -3.106666666667));
#11402 = VECTOR('',#11403,1.);
#11403 = DIRECTION('',(-0.57735026919,-0.57735026919,-0.57735026919));
#11404 = ORIENTED_EDGE('',*,*,#11405,.F.);
#11405 = EDGE_CURVE('',#11389,#11398,#11406,.T.);
#11406 = LINE('',#11407,#11408);
#11407 = CARTESIAN_POINT('',(-0.32,-4.92,-3.));
#11408 = VECTOR('',#11409,1.);
#11409 = DIRECTION('',(1.,0.,0.));
#11410 = PLANE('',#11411);
#11411 = AXIS2_PLACEMENT_3D('',#11412,#11413,#11414);
#11412 = CARTESIAN_POINT('',(-0.32,-4.84,-2.92));
#11413 = DIRECTION('',(-1.735167508357E-18,-0.707106781187,
    0.707106781187));
#11414 = DIRECTION('',(-1.,1.226948711654E-18,-1.226948711654E-18));
#11415 = ADVANCED_FACE('',(#11416),#11434,.T.);
#11416 = FACE_BOUND('',#11417,.T.);
#11417 = EDGE_LOOP('',(#11418,#11426,#11427,#11428));
#11418 = ORIENTED_EDGE('',*,*,#11419,.F.);
#11419 = EDGE_CURVE('',#10652,#11420,#11422,.T.);
#11420 = VERTEX_POINT('',#11421);
#11421 = CARTESIAN_POINT('',(-0.16,-5.24,-3.));
#11422 = LINE('',#11423,#11424);
#11423 = CARTESIAN_POINT('',(-0.266666666667,-5.346666666667,
    -2.893333333333));
#11424 = VECTOR('',#11425,1.);
#11425 = DIRECTION('',(0.57735026919,0.57735026919,-0.57735026919));
#11426 = ORIENTED_EDGE('',*,*,#10659,.T.);
#11427 = ORIENTED_EDGE('',*,*,#11388,.T.);
#11428 = ORIENTED_EDGE('',*,*,#11429,.F.);
#11429 = EDGE_CURVE('',#11420,#11389,#11430,.T.);
#11430 = LINE('',#11431,#11432);
#11431 = CARTESIAN_POINT('',(-0.16,-5.4,-3.));
#11432 = VECTOR('',#11433,1.);
#11433 = DIRECTION('',(0.,1.,0.));
#11434 = PLANE('',#11435);
#11435 = AXIS2_PLACEMENT_3D('',#11436,#11437,#11438);
#11436 = CARTESIAN_POINT('',(-0.24,-5.4,-2.92));
#11437 = DIRECTION('',(-0.707106781187,-1.735167508357E-18,
    -0.707106781187));
#11438 = DIRECTION('',(-1.226948711654E-18,1.,-1.226948711654E-18));
#11439 = ADVANCED_FACE('',(#11440),#11458,.T.);
#11440 = FACE_BOUND('',#11441,.F.);
#11441 = EDGE_LOOP('',(#11442,#11443,#11444,#11452));
#11442 = ORIENTED_EDGE('',*,*,#11419,.F.);
#11443 = ORIENTED_EDGE('',*,*,#10683,.T.);
#11444 = ORIENTED_EDGE('',*,*,#11445,.T.);
#11445 = EDGE_CURVE('',#10676,#11446,#11448,.T.);
#11446 = VERTEX_POINT('',#11447);
#11447 = CARTESIAN_POINT('',(0.16,-5.24,-3.));
#11448 = LINE('',#11449,#11450);
#11449 = CARTESIAN_POINT('',(0.16,-5.24,-3.));
#11450 = VECTOR('',#11451,1.);
#11451 = DIRECTION('',(-0.57735026919,0.57735026919,-0.57735026919));
#11452 = ORIENTED_EDGE('',*,*,#11453,.F.);
#11453 = EDGE_CURVE('',#11420,#11446,#11454,.T.);
#11454 = LINE('',#11455,#11456);
#11455 = CARTESIAN_POINT('',(-0.32,-5.24,-3.));
#11456 = VECTOR('',#11457,1.);
#11457 = DIRECTION('',(1.,0.,0.));
#11458 = PLANE('',#11459);
#11459 = AXIS2_PLACEMENT_3D('',#11460,#11461,#11462);
#11460 = CARTESIAN_POINT('',(-0.32,-5.32,-2.92));
#11461 = DIRECTION('',(1.735167508357E-18,-0.707106781187,
    -0.707106781187));
#11462 = DIRECTION('',(-1.,-1.226948711654E-18,-1.226948711654E-18));
#11463 = ADVANCED_FACE('',(#11464),#11475,.F.);
#11464 = FACE_BOUND('',#11465,.F.);
#11465 = EDGE_LOOP('',(#11466,#11467,#11468,#11469));
#11466 = ORIENTED_EDGE('',*,*,#11445,.F.);
#11467 = ORIENTED_EDGE('',*,*,#10700,.T.);
#11468 = ORIENTED_EDGE('',*,*,#11397,.T.);
#11469 = ORIENTED_EDGE('',*,*,#11470,.F.);
#11470 = EDGE_CURVE('',#11446,#11398,#11471,.T.);
#11471 = LINE('',#11472,#11473);
#11472 = CARTESIAN_POINT('',(0.16,-5.4,-3.));
#11473 = VECTOR('',#11474,1.);
#11474 = DIRECTION('',(0.,1.,0.));
#11475 = PLANE('',#11476);
#11476 = AXIS2_PLACEMENT_3D('',#11477,#11478,#11479);
#11477 = CARTESIAN_POINT('',(0.24,-5.4,-2.92));
#11478 = DIRECTION('',(-0.707106781187,1.735167508357E-18,0.707106781187
    ));
#11479 = DIRECTION('',(1.226948711654E-18,1.,-1.226948711654E-18));
#11480 = ADVANCED_FACE('',(#11481),#11506,.F.);
#11481 = FACE_BOUND('',#11482,.F.);
#11482 = EDGE_LOOP('',(#11483,#11491,#11492,#11500));
#11483 = ORIENTED_EDGE('',*,*,#11484,.F.);
#11484 = EDGE_CURVE('',#10717,#11485,#11487,.T.);
#11485 = VERTEX_POINT('',#11486);
#11486 = CARTESIAN_POINT('',(0.16,-7.78,-3.));
#11487 = LINE('',#11488,#11489);
#11488 = CARTESIAN_POINT('',(0.16,-7.78,-3.));
#11489 = VECTOR('',#11490,1.);
#11490 = DIRECTION('',(-0.57735026919,0.57735026919,-0.57735026919));
#11491 = ORIENTED_EDGE('',*,*,#10724,.T.);
#11492 = ORIENTED_EDGE('',*,*,#11493,.T.);
#11493 = EDGE_CURVE('',#10725,#11494,#11496,.T.);
#11494 = VERTEX_POINT('',#11495);
#11495 = CARTESIAN_POINT('',(0.16,-7.46,-3.));
#11496 = LINE('',#11497,#11498);
#11497 = CARTESIAN_POINT('',(5.333333333333E-02,-7.566666666667,
    -3.106666666667));
#11498 = VECTOR('',#11499,1.);
#11499 = DIRECTION('',(-0.57735026919,-0.57735026919,-0.57735026919));
#11500 = ORIENTED_EDGE('',*,*,#11501,.F.);
#11501 = EDGE_CURVE('',#11485,#11494,#11502,.T.);
#11502 = LINE('',#11503,#11504);
#11503 = CARTESIAN_POINT('',(0.16,-7.94,-3.));
#11504 = VECTOR('',#11505,1.);
#11505 = DIRECTION('',(0.,1.,0.));
#11506 = PLANE('',#11507);
#11507 = AXIS2_PLACEMENT_3D('',#11508,#11509,#11510);
#11508 = CARTESIAN_POINT('',(0.24,-7.94,-2.92));
#11509 = DIRECTION('',(-0.707106781187,1.735167508357E-18,0.707106781187
    ));
#11510 = DIRECTION('',(1.226948711654E-18,1.,-1.226948711654E-18));
#11511 = ADVANCED_FACE('',(#11512),#11530,.F.);
#11512 = FACE_BOUND('',#11513,.T.);
#11513 = EDGE_LOOP('',(#11514,#11522,#11523,#11524));
#11514 = ORIENTED_EDGE('',*,*,#11515,.F.);
#11515 = EDGE_CURVE('',#10749,#11516,#11518,.T.);
#11516 = VERTEX_POINT('',#11517);
#11517 = CARTESIAN_POINT('',(-0.16,-7.46,-3.));
#11518 = LINE('',#11519,#11520);
#11519 = CARTESIAN_POINT('',(-0.16,-7.46,-3.));
#11520 = VECTOR('',#11521,1.);
#11521 = DIRECTION('',(0.57735026919,-0.57735026919,-0.57735026919));
#11522 = ORIENTED_EDGE('',*,*,#10748,.T.);
#11523 = ORIENTED_EDGE('',*,*,#11493,.T.);
#11524 = ORIENTED_EDGE('',*,*,#11525,.F.);
#11525 = EDGE_CURVE('',#11516,#11494,#11526,.T.);
#11526 = LINE('',#11527,#11528);
#11527 = CARTESIAN_POINT('',(-0.32,-7.46,-3.));
#11528 = VECTOR('',#11529,1.);
#11529 = DIRECTION('',(1.,0.,0.));
#11530 = PLANE('',#11531);
#11531 = AXIS2_PLACEMENT_3D('',#11532,#11533,#11534);
#11532 = CARTESIAN_POINT('',(-0.32,-7.38,-2.92));
#11533 = DIRECTION('',(-1.735167508357E-18,-0.707106781187,
    0.707106781187));
#11534 = DIRECTION('',(-1.,1.226948711654E-18,-1.226948711654E-18));
#11535 = ADVANCED_FACE('',(#11536),#11554,.T.);
#11536 = FACE_BOUND('',#11537,.T.);
#11537 = EDGE_LOOP('',(#11538,#11546,#11547,#11548));
#11538 = ORIENTED_EDGE('',*,*,#11539,.F.);
#11539 = EDGE_CURVE('',#10772,#11540,#11542,.T.);
#11540 = VERTEX_POINT('',#11541);
#11541 = CARTESIAN_POINT('',(-0.16,-7.78,-3.));
#11542 = LINE('',#11543,#11544);
#11543 = CARTESIAN_POINT('',(-0.266666666667,-7.886666666667,
    -2.893333333333));
#11544 = VECTOR('',#11545,1.);
#11545 = DIRECTION('',(0.57735026919,0.57735026919,-0.57735026919));
#11546 = ORIENTED_EDGE('',*,*,#10779,.T.);
#11547 = ORIENTED_EDGE('',*,*,#11515,.T.);
#11548 = ORIENTED_EDGE('',*,*,#11549,.F.);
#11549 = EDGE_CURVE('',#11540,#11516,#11550,.T.);
#11550 = LINE('',#11551,#11552);
#11551 = CARTESIAN_POINT('',(-0.16,-7.94,-3.));
#11552 = VECTOR('',#11553,1.);
#11553 = DIRECTION('',(0.,1.,0.));
#11554 = PLANE('',#11555);
#11555 = AXIS2_PLACEMENT_3D('',#11556,#11557,#11558);
#11556 = CARTESIAN_POINT('',(-0.24,-7.94,-2.92));
#11557 = DIRECTION('',(-0.707106781187,-1.735167508357E-18,
    -0.707106781187));
#11558 = DIRECTION('',(-1.226948711654E-18,1.,-1.226948711654E-18));
#11559 = ADVANCED_FACE('',(#11560),#11571,.T.);
#11560 = FACE_BOUND('',#11561,.F.);
#11561 = EDGE_LOOP('',(#11562,#11563,#11564,#11565));
#11562 = ORIENTED_EDGE('',*,*,#11539,.F.);
#11563 = ORIENTED_EDGE('',*,*,#10796,.T.);
#11564 = ORIENTED_EDGE('',*,*,#11484,.T.);
#11565 = ORIENTED_EDGE('',*,*,#11566,.F.);
#11566 = EDGE_CURVE('',#11540,#11485,#11567,.T.);
#11567 = LINE('',#11568,#11569);
#11568 = CARTESIAN_POINT('',(-0.32,-7.78,-3.));
#11569 = VECTOR('',#11570,1.);
#11570 = DIRECTION('',(1.,0.,0.));
#11571 = PLANE('',#11572);
#11572 = AXIS2_PLACEMENT_3D('',#11573,#11574,#11575);
#11573 = CARTESIAN_POINT('',(-0.32,-7.86,-2.92));
#11574 = DIRECTION('',(1.735167508357E-18,-0.707106781187,
    -0.707106781187));
#11575 = DIRECTION('',(-1.,-1.226948711654E-18,-1.226948711654E-18));
#11576 = ADVANCED_FACE('',(#11577),#11602,.F.);
#11577 = FACE_BOUND('',#11578,.F.);
#11578 = EDGE_LOOP('',(#11579,#11587,#11588,#11596));
#11579 = ORIENTED_EDGE('',*,*,#11580,.F.);
#11580 = EDGE_CURVE('',#10813,#11581,#11583,.T.);
#11581 = VERTEX_POINT('',#11582);
#11582 = CARTESIAN_POINT('',(0.16,-0.16,-3.));
#11583 = LINE('',#11584,#11585);
#11584 = CARTESIAN_POINT('',(0.16,-0.16,-3.));
#11585 = VECTOR('',#11586,1.);
#11586 = DIRECTION('',(-0.57735026919,0.57735026919,-0.57735026919));
#11587 = ORIENTED_EDGE('',*,*,#10820,.T.);
#11588 = ORIENTED_EDGE('',*,*,#11589,.T.);
#11589 = EDGE_CURVE('',#10821,#11590,#11592,.T.);
#11590 = VERTEX_POINT('',#11591);
#11591 = CARTESIAN_POINT('',(0.16,0.16,-3.));
#11592 = LINE('',#11593,#11594);
#11593 = CARTESIAN_POINT('',(5.333333333333E-02,5.333333333333E-02,
    -3.106666666667));
#11594 = VECTOR('',#11595,1.);
#11595 = DIRECTION('',(-0.57735026919,-0.57735026919,-0.57735026919));
#11596 = ORIENTED_EDGE('',*,*,#11597,.F.);
#11597 = EDGE_CURVE('',#11581,#11590,#11598,.T.);
#11598 = LINE('',#11599,#11600);
#11599 = CARTESIAN_POINT('',(0.16,-0.32,-3.));
#11600 = VECTOR('',#11601,1.);
#11601 = DIRECTION('',(0.,1.,0.));
#11602 = PLANE('',#11603);
#11603 = AXIS2_PLACEMENT_3D('',#11604,#11605,#11606);
#11604 = CARTESIAN_POINT('',(0.24,-0.32,-2.92));
#11605 = DIRECTION('',(-0.707106781187,1.735167508357E-18,0.707106781187
    ));
#11606 = DIRECTION('',(1.226948711654E-18,1.,-1.226948711654E-18));
#11607 = ADVANCED_FACE('',(#11608),#11626,.F.);
#11608 = FACE_BOUND('',#11609,.T.);
#11609 = EDGE_LOOP('',(#11610,#11618,#11619,#11620));
#11610 = ORIENTED_EDGE('',*,*,#11611,.F.);
#11611 = EDGE_CURVE('',#10845,#11612,#11614,.T.);
#11612 = VERTEX_POINT('',#11613);
#11613 = CARTESIAN_POINT('',(-0.16,0.16,-3.));
#11614 = LINE('',#11615,#11616);
#11615 = CARTESIAN_POINT('',(-0.16,0.16,-3.));
#11616 = VECTOR('',#11617,1.);
#11617 = DIRECTION('',(0.57735026919,-0.57735026919,-0.57735026919));
#11618 = ORIENTED_EDGE('',*,*,#10844,.T.);
#11619 = ORIENTED_EDGE('',*,*,#11589,.T.);
#11620 = ORIENTED_EDGE('',*,*,#11621,.F.);
#11621 = EDGE_CURVE('',#11612,#11590,#11622,.T.);
#11622 = LINE('',#11623,#11624);
#11623 = CARTESIAN_POINT('',(-0.32,0.16,-3.));
#11624 = VECTOR('',#11625,1.);
#11625 = DIRECTION('',(1.,0.,0.));
#11626 = PLANE('',#11627);
#11627 = AXIS2_PLACEMENT_3D('',#11628,#11629,#11630);
#11628 = CARTESIAN_POINT('',(-0.32,0.24,-2.92));
#11629 = DIRECTION('',(-1.735167508357E-18,-0.707106781187,
    0.707106781187));
#11630 = DIRECTION('',(-1.,1.226948711654E-18,-1.226948711654E-18));
#11631 = ADVANCED_FACE('',(#11632),#11650,.T.);
#11632 = FACE_BOUND('',#11633,.T.);
#11633 = EDGE_LOOP('',(#11634,#11642,#11643,#11644));
#11634 = ORIENTED_EDGE('',*,*,#11635,.F.);
#11635 = EDGE_CURVE('',#10868,#11636,#11638,.T.);
#11636 = VERTEX_POINT('',#11637);
#11637 = CARTESIAN_POINT('',(-0.16,-0.16,-3.));
#11638 = LINE('',#11639,#11640);
#11639 = CARTESIAN_POINT('',(-0.266666666667,-0.266666666667,
    -2.893333333333));
#11640 = VECTOR('',#11641,1.);
#11641 = DIRECTION('',(0.57735026919,0.57735026919,-0.57735026919));
#11642 = ORIENTED_EDGE('',*,*,#10875,.T.);
#11643 = ORIENTED_EDGE('',*,*,#11611,.T.);
#11644 = ORIENTED_EDGE('',*,*,#11645,.F.);
#11645 = EDGE_CURVE('',#11636,#11612,#11646,.T.);
#11646 = LINE('',#11647,#11648);
#11647 = CARTESIAN_POINT('',(-0.16,-0.32,-3.));
#11648 = VECTOR('',#11649,1.);
#11649 = DIRECTION('',(0.,1.,0.));
#11650 = PLANE('',#11651);
#11651 = AXIS2_PLACEMENT_3D('',#11652,#11653,#11654);
#11652 = CARTESIAN_POINT('',(-0.24,-0.32,-2.92));
#11653 = DIRECTION('',(-0.707106781187,-1.735167508357E-18,
    -0.707106781187));
#11654 = DIRECTION('',(-1.226948711654E-18,1.,-1.226948711654E-18));
#11655 = ADVANCED_FACE('',(#11656),#11667,.T.);
#11656 = FACE_BOUND('',#11657,.F.);
#11657 = EDGE_LOOP('',(#11658,#11659,#11660,#11661));
#11658 = ORIENTED_EDGE('',*,*,#11635,.F.);
#11659 = ORIENTED_EDGE('',*,*,#10892,.T.);
#11660 = ORIENTED_EDGE('',*,*,#11580,.T.);
#11661 = ORIENTED_EDGE('',*,*,#11662,.F.);
#11662 = EDGE_CURVE('',#11636,#11581,#11663,.T.);
#11663 = LINE('',#11664,#11665);
#11664 = CARTESIAN_POINT('',(-0.32,-0.16,-3.));
#11665 = VECTOR('',#11666,1.);
#11666 = DIRECTION('',(1.,0.,0.));
#11667 = PLANE('',#11668);
#11668 = AXIS2_PLACEMENT_3D('',#11669,#11670,#11671);
#11669 = CARTESIAN_POINT('',(-0.32,-0.24,-2.92));
#11670 = DIRECTION('',(1.735167508357E-18,-0.707106781187,
    -0.707106781187));
#11671 = DIRECTION('',(-1.,-1.226948711654E-18,-1.226948711654E-18));
#11672 = ADVANCED_FACE('',(#11673),#11698,.F.);
#11673 = FACE_BOUND('',#11674,.T.);
#11674 = EDGE_LOOP('',(#11675,#11683,#11684,#11692));
#11675 = ORIENTED_EDGE('',*,*,#11676,.F.);
#11676 = EDGE_CURVE('',#10917,#11677,#11679,.T.);
#11677 = VERTEX_POINT('',#11678);
#11678 = CARTESIAN_POINT('',(-0.16,-2.38,-3.));
#11679 = LINE('',#11680,#11681);
#11680 = CARTESIAN_POINT('',(-0.16,-2.38,-3.));
#11681 = VECTOR('',#11682,1.);
#11682 = DIRECTION('',(0.57735026919,-0.57735026919,-0.57735026919));
#11683 = ORIENTED_EDGE('',*,*,#10916,.T.);
#11684 = ORIENTED_EDGE('',*,*,#11685,.T.);
#11685 = EDGE_CURVE('',#10909,#11686,#11688,.T.);
#11686 = VERTEX_POINT('',#11687);
#11687 = CARTESIAN_POINT('',(0.16,-2.38,-3.));
#11688 = LINE('',#11689,#11690);
#11689 = CARTESIAN_POINT('',(5.333333333333E-02,-2.486666666667,
    -3.106666666667));
#11690 = VECTOR('',#11691,1.);
#11691 = DIRECTION('',(-0.57735026919,-0.57735026919,-0.57735026919));
#11692 = ORIENTED_EDGE('',*,*,#11693,.F.);
#11693 = EDGE_CURVE('',#11677,#11686,#11694,.T.);
#11694 = LINE('',#11695,#11696);
#11695 = CARTESIAN_POINT('',(-0.32,-2.38,-3.));
#11696 = VECTOR('',#11697,1.);
#11697 = DIRECTION('',(1.,0.,0.));
#11698 = PLANE('',#11699);
#11699 = AXIS2_PLACEMENT_3D('',#11700,#11701,#11702);
#11700 = CARTESIAN_POINT('',(-0.32,-2.3,-2.92));
#11701 = DIRECTION('',(-1.735167508357E-18,-0.707106781187,
    0.707106781187));
#11702 = DIRECTION('',(-1.,1.226948711654E-18,-1.226948711654E-18));
#11703 = ADVANCED_FACE('',(#11704),#11722,.T.);
#11704 = FACE_BOUND('',#11705,.T.);
#11705 = EDGE_LOOP('',(#11706,#11714,#11715,#11716));
#11706 = ORIENTED_EDGE('',*,*,#11707,.F.);
#11707 = EDGE_CURVE('',#10940,#11708,#11710,.T.);
#11708 = VERTEX_POINT('',#11709);
#11709 = CARTESIAN_POINT('',(-0.16,-2.7,-3.));
#11710 = LINE('',#11711,#11712);
#11711 = CARTESIAN_POINT('',(-0.266666666667,-2.806666666667,
    -2.893333333333));
#11712 = VECTOR('',#11713,1.);
#11713 = DIRECTION('',(0.57735026919,0.57735026919,-0.57735026919));
#11714 = ORIENTED_EDGE('',*,*,#10947,.T.);
#11715 = ORIENTED_EDGE('',*,*,#11676,.T.);
#11716 = ORIENTED_EDGE('',*,*,#11717,.F.);
#11717 = EDGE_CURVE('',#11708,#11677,#11718,.T.);
#11718 = LINE('',#11719,#11720);
#11719 = CARTESIAN_POINT('',(-0.16,-2.86,-3.));
#11720 = VECTOR('',#11721,1.);
#11721 = DIRECTION('',(0.,1.,0.));
#11722 = PLANE('',#11723);
#11723 = AXIS2_PLACEMENT_3D('',#11724,#11725,#11726);
#11724 = CARTESIAN_POINT('',(-0.24,-2.86,-2.92));
#11725 = DIRECTION('',(-0.707106781187,-1.735167508357E-18,
    -0.707106781187));
#11726 = DIRECTION('',(-1.226948711654E-18,1.,-1.226948711654E-18));
#11727 = ADVANCED_FACE('',(#11728),#11746,.T.);
#11728 = FACE_BOUND('',#11729,.F.);
#11729 = EDGE_LOOP('',(#11730,#11731,#11732,#11740));
#11730 = ORIENTED_EDGE('',*,*,#11707,.F.);
#11731 = ORIENTED_EDGE('',*,*,#10971,.T.);
#11732 = ORIENTED_EDGE('',*,*,#11733,.T.);
#11733 = EDGE_CURVE('',#10964,#11734,#11736,.T.);
#11734 = VERTEX_POINT('',#11735);
#11735 = CARTESIAN_POINT('',(0.16,-2.7,-3.));
#11736 = LINE('',#11737,#11738);
#11737 = CARTESIAN_POINT('',(0.16,-2.7,-3.));
#11738 = VECTOR('',#11739,1.);
#11739 = DIRECTION('',(-0.57735026919,0.57735026919,-0.57735026919));
#11740 = ORIENTED_EDGE('',*,*,#11741,.F.);
#11741 = EDGE_CURVE('',#11708,#11734,#11742,.T.);
#11742 = LINE('',#11743,#11744);
#11743 = CARTESIAN_POINT('',(-0.32,-2.7,-3.));
#11744 = VECTOR('',#11745,1.);
#11745 = DIRECTION('',(1.,0.,0.));
#11746 = PLANE('',#11747);
#11747 = AXIS2_PLACEMENT_3D('',#11748,#11749,#11750);
#11748 = CARTESIAN_POINT('',(-0.32,-2.78,-2.92));
#11749 = DIRECTION('',(1.735167508357E-18,-0.707106781187,
    -0.707106781187));
#11750 = DIRECTION('',(-1.,-1.226948711654E-18,-1.226948711654E-18));
#11751 = ADVANCED_FACE('',(#11752),#11763,.F.);
#11752 = FACE_BOUND('',#11753,.F.);
#11753 = EDGE_LOOP('',(#11754,#11755,#11756,#11757));
#11754 = ORIENTED_EDGE('',*,*,#11733,.F.);
#11755 = ORIENTED_EDGE('',*,*,#10988,.T.);
#11756 = ORIENTED_EDGE('',*,*,#11685,.T.);
#11757 = ORIENTED_EDGE('',*,*,#11758,.F.);
#11758 = EDGE_CURVE('',#11734,#11686,#11759,.T.);
#11759 = LINE('',#11760,#11761);
#11760 = CARTESIAN_POINT('',(0.16,-2.86,-3.));
#11761 = VECTOR('',#11762,1.);
#11762 = DIRECTION('',(0.,1.,0.));
#11763 = PLANE('',#11764);
#11764 = AXIS2_PLACEMENT_3D('',#11765,#11766,#11767);
#11765 = CARTESIAN_POINT('',(0.24,-2.86,-2.92));
#11766 = DIRECTION('',(-0.707106781187,1.735167508357E-18,0.707106781187
    ));
#11767 = DIRECTION('',(1.226948711654E-18,1.,-1.226948711654E-18));
#11768 = ADVANCED_FACE('',(#11769),#11794,.T.);
#11769 = FACE_BOUND('',#11770,.F.);
#11770 = EDGE_LOOP('',(#11771,#11779,#11780,#11788));
#11771 = ORIENTED_EDGE('',*,*,#11772,.F.);
#11772 = EDGE_CURVE('',#11014,#11773,#11775,.T.);
#11773 = VERTEX_POINT('',#11774);
#11774 = CARTESIAN_POINT('',(-0.16,-4.92,8.54));
#11775 = LINE('',#11776,#11777);
#11776 = CARTESIAN_POINT('',(-0.16,-4.92,8.54));
#11777 = VECTOR('',#11778,1.);
#11778 = DIRECTION('',(0.57735026919,-0.57735026919,0.57735026919));
#11779 = ORIENTED_EDGE('',*,*,#11021,.T.);
#11780 = ORIENTED_EDGE('',*,*,#11781,.T.);
#11781 = EDGE_CURVE('',#11005,#11782,#11784,.T.);
#11782 = VERTEX_POINT('',#11783);
#11783 = CARTESIAN_POINT('',(0.16,-4.92,8.54));
#11784 = LINE('',#11785,#11786);
#11785 = CARTESIAN_POINT('',(5.333333333333E-02,-5.026666666667,
    8.646666666667));
#11786 = VECTOR('',#11787,1.);
#11787 = DIRECTION('',(-0.57735026919,-0.57735026919,0.57735026919));
#11788 = ORIENTED_EDGE('',*,*,#11789,.F.);
#11789 = EDGE_CURVE('',#11773,#11782,#11790,.T.);
#11790 = LINE('',#11791,#11792);
#11791 = CARTESIAN_POINT('',(-0.32,-4.92,8.54));
#11792 = VECTOR('',#11793,1.);
#11793 = DIRECTION('',(1.,0.,0.));
#11794 = PLANE('',#11795);
#11795 = AXIS2_PLACEMENT_3D('',#11796,#11797,#11798);
#11796 = CARTESIAN_POINT('',(-0.32,-4.84,8.46));
#11797 = DIRECTION('',(1.735167508357E-18,0.707106781187,0.707106781187)
  );
#11798 = DIRECTION('',(-1.,1.226948711654E-18,1.226948711654E-18));
#11799 = ADVANCED_FACE('',(#11800),#11818,.F.);
#11800 = FACE_BOUND('',#11801,.F.);
#11801 = EDGE_LOOP('',(#11802,#11810,#11811,#11812));
#11802 = ORIENTED_EDGE('',*,*,#11803,.F.);
#11803 = EDGE_CURVE('',#11036,#11804,#11806,.T.);
#11804 = VERTEX_POINT('',#11805);
#11805 = CARTESIAN_POINT('',(-0.16,-5.24,8.54));
#11806 = LINE('',#11807,#11808);
#11807 = CARTESIAN_POINT('',(-0.266666666667,-5.346666666667,
    8.433333333333));
#11808 = VECTOR('',#11809,1.);
#11809 = DIRECTION('',(0.57735026919,0.57735026919,0.57735026919));
#11810 = ORIENTED_EDGE('',*,*,#11045,.T.);
#11811 = ORIENTED_EDGE('',*,*,#11772,.T.);
#11812 = ORIENTED_EDGE('',*,*,#11813,.F.);
#11813 = EDGE_CURVE('',#11804,#11773,#11814,.T.);
#11814 = LINE('',#11815,#11816);
#11815 = CARTESIAN_POINT('',(-0.16,-5.4,8.54));
#11816 = VECTOR('',#11817,1.);
#11817 = DIRECTION('',(0.,1.,0.));
#11818 = PLANE('',#11819);
#11819 = AXIS2_PLACEMENT_3D('',#11820,#11821,#11822);
#11820 = CARTESIAN_POINT('',(-0.24,-5.4,8.46));
#11821 = DIRECTION('',(0.707106781187,1.735167508357E-18,-0.707106781187
    ));
#11822 = DIRECTION('',(-1.226948711654E-18,1.,1.226948711654E-18));
#11823 = ADVANCED_FACE('',(#11824),#11842,.F.);
#11824 = FACE_BOUND('',#11825,.T.);
#11825 = EDGE_LOOP('',(#11826,#11827,#11828,#11836));
#11826 = ORIENTED_EDGE('',*,*,#11803,.F.);
#11827 = ORIENTED_EDGE('',*,*,#11069,.T.);
#11828 = ORIENTED_EDGE('',*,*,#11829,.T.);
#11829 = EDGE_CURVE('',#11060,#11830,#11832,.T.);
#11830 = VERTEX_POINT('',#11831);
#11831 = CARTESIAN_POINT('',(0.16,-5.24,8.54));
#11832 = LINE('',#11833,#11834);
#11833 = CARTESIAN_POINT('',(0.16,-5.24,8.54));
#11834 = VECTOR('',#11835,1.);
#11835 = DIRECTION('',(-0.57735026919,0.57735026919,0.57735026919));
#11836 = ORIENTED_EDGE('',*,*,#11837,.F.);
#11837 = EDGE_CURVE('',#11804,#11830,#11838,.T.);
#11838 = LINE('',#11839,#11840);
#11839 = CARTESIAN_POINT('',(-0.32,-5.24,8.54));
#11840 = VECTOR('',#11841,1.);
#11841 = DIRECTION('',(1.,0.,0.));
#11842 = PLANE('',#11843);
#11843 = AXIS2_PLACEMENT_3D('',#11844,#11845,#11846);
#11844 = CARTESIAN_POINT('',(-0.32,-5.32,8.46));
#11845 = DIRECTION('',(-1.735167508357E-18,0.707106781187,
    -0.707106781187));
#11846 = DIRECTION('',(-1.,-1.226948711654E-18,1.226948711654E-18));
#11847 = ADVANCED_FACE('',(#11848),#11859,.T.);
#11848 = FACE_BOUND('',#11849,.T.);
#11849 = EDGE_LOOP('',(#11850,#11851,#11852,#11853));
#11850 = ORIENTED_EDGE('',*,*,#11829,.F.);
#11851 = ORIENTED_EDGE('',*,*,#11086,.T.);
#11852 = ORIENTED_EDGE('',*,*,#11781,.T.);
#11853 = ORIENTED_EDGE('',*,*,#11854,.F.);
#11854 = EDGE_CURVE('',#11830,#11782,#11855,.T.);
#11855 = LINE('',#11856,#11857);
#11856 = CARTESIAN_POINT('',(0.16,-5.4,8.54));
#11857 = VECTOR('',#11858,1.);
#11858 = DIRECTION('',(0.,1.,0.));
#11859 = PLANE('',#11860);
#11860 = AXIS2_PLACEMENT_3D('',#11861,#11862,#11863);
#11861 = CARTESIAN_POINT('',(0.24,-5.4,8.46));
#11862 = DIRECTION('',(0.707106781187,-1.735167508357E-18,0.707106781187
    ));
#11863 = DIRECTION('',(1.226948711654E-18,1.,1.226948711654E-18));
#11864 = ADVANCED_FACE('',(#11865),#11890,.T.);
#11865 = FACE_BOUND('',#11866,.T.);
#11866 = EDGE_LOOP('',(#11867,#11875,#11876,#11884));
#11867 = ORIENTED_EDGE('',*,*,#11868,.F.);
#11868 = EDGE_CURVE('',#11101,#11869,#11871,.T.);
#11869 = VERTEX_POINT('',#11870);
#11870 = CARTESIAN_POINT('',(0.16,-7.78,8.54));
#11871 = LINE('',#11872,#11873);
#11872 = CARTESIAN_POINT('',(0.16,-7.78,8.54));
#11873 = VECTOR('',#11874,1.);
#11874 = DIRECTION('',(-0.57735026919,0.57735026919,0.57735026919));
#11875 = ORIENTED_EDGE('',*,*,#11117,.T.);
#11876 = ORIENTED_EDGE('',*,*,#11877,.T.);
#11877 = EDGE_CURVE('',#11110,#11878,#11880,.T.);
#11878 = VERTEX_POINT('',#11879);
#11879 = CARTESIAN_POINT('',(0.16,-7.46,8.54));
#11880 = LINE('',#11881,#11882);
#11881 = CARTESIAN_POINT('',(5.333333333333E-02,-7.566666666667,
    8.646666666667));
#11882 = VECTOR('',#11883,1.);
#11883 = DIRECTION('',(-0.57735026919,-0.57735026919,0.57735026919));
#11884 = ORIENTED_EDGE('',*,*,#11885,.F.);
#11885 = EDGE_CURVE('',#11869,#11878,#11886,.T.);
#11886 = LINE('',#11887,#11888);
#11887 = CARTESIAN_POINT('',(0.16,-7.94,8.54));
#11888 = VECTOR('',#11889,1.);
#11889 = DIRECTION('',(0.,1.,0.));
#11890 = PLANE('',#11891);
#11891 = AXIS2_PLACEMENT_3D('',#11892,#11893,#11894);
#11892 = CARTESIAN_POINT('',(0.24,-7.94,8.46));
#11893 = DIRECTION('',(0.707106781187,-1.735167508357E-18,0.707106781187
    ));
#11894 = DIRECTION('',(1.226948711654E-18,1.,1.226948711654E-18));
#11895 = ADVANCED_FACE('',(#11896),#11914,.T.);
#11896 = FACE_BOUND('',#11897,.F.);
#11897 = EDGE_LOOP('',(#11898,#11906,#11907,#11908));
#11898 = ORIENTED_EDGE('',*,*,#11899,.F.);
#11899 = EDGE_CURVE('',#11134,#11900,#11902,.T.);
#11900 = VERTEX_POINT('',#11901);
#11901 = CARTESIAN_POINT('',(-0.16,-7.46,8.54));
#11902 = LINE('',#11903,#11904);
#11903 = CARTESIAN_POINT('',(-0.16,-7.46,8.54));
#11904 = VECTOR('',#11905,1.);
#11905 = DIRECTION('',(0.57735026919,-0.57735026919,0.57735026919));
#11906 = ORIENTED_EDGE('',*,*,#11141,.T.);
#11907 = ORIENTED_EDGE('',*,*,#11877,.T.);
#11908 = ORIENTED_EDGE('',*,*,#11909,.F.);
#11909 = EDGE_CURVE('',#11900,#11878,#11910,.T.);
#11910 = LINE('',#11911,#11912);
#11911 = CARTESIAN_POINT('',(-0.32,-7.46,8.54));
#11912 = VECTOR('',#11913,1.);
#11913 = DIRECTION('',(1.,0.,0.));
#11914 = PLANE('',#11915);
#11915 = AXIS2_PLACEMENT_3D('',#11916,#11917,#11918);
#11916 = CARTESIAN_POINT('',(-0.32,-7.38,8.46));
#11917 = DIRECTION('',(1.735167508357E-18,0.707106781187,0.707106781187)
  );
#11918 = DIRECTION('',(-1.,1.226948711654E-18,1.226948711654E-18));
#11919 = ADVANCED_FACE('',(#11920),#11938,.F.);
#11920 = FACE_BOUND('',#11921,.F.);
#11921 = EDGE_LOOP('',(#11922,#11930,#11931,#11932));
#11922 = ORIENTED_EDGE('',*,*,#11923,.F.);
#11923 = EDGE_CURVE('',#11156,#11924,#11926,.T.);
#11924 = VERTEX_POINT('',#11925);
#11925 = CARTESIAN_POINT('',(-0.16,-7.78,8.54));
#11926 = LINE('',#11927,#11928);
#11927 = CARTESIAN_POINT('',(-0.266666666667,-7.886666666667,
    8.433333333333));
#11928 = VECTOR('',#11929,1.);
#11929 = DIRECTION('',(0.57735026919,0.57735026919,0.57735026919));
#11930 = ORIENTED_EDGE('',*,*,#11165,.T.);
#11931 = ORIENTED_EDGE('',*,*,#11899,.T.);
#11932 = ORIENTED_EDGE('',*,*,#11933,.F.);
#11933 = EDGE_CURVE('',#11924,#11900,#11934,.T.);
#11934 = LINE('',#11935,#11936);
#11935 = CARTESIAN_POINT('',(-0.16,-7.94,8.54));
#11936 = VECTOR('',#11937,1.);
#11937 = DIRECTION('',(0.,1.,0.));
#11938 = PLANE('',#11939);
#11939 = AXIS2_PLACEMENT_3D('',#11940,#11941,#11942);
#11940 = CARTESIAN_POINT('',(-0.24,-7.94,8.46));
#11941 = DIRECTION('',(0.707106781187,1.735167508357E-18,-0.707106781187
    ));
#11942 = DIRECTION('',(-1.226948711654E-18,1.,1.226948711654E-18));
#11943 = ADVANCED_FACE('',(#11944),#11955,.F.);
#11944 = FACE_BOUND('',#11945,.T.);
#11945 = EDGE_LOOP('',(#11946,#11947,#11948,#11949));
#11946 = ORIENTED_EDGE('',*,*,#11923,.F.);
#11947 = ORIENTED_EDGE('',*,*,#11182,.T.);
#11948 = ORIENTED_EDGE('',*,*,#11868,.T.);
#11949 = ORIENTED_EDGE('',*,*,#11950,.F.);
#11950 = EDGE_CURVE('',#11924,#11869,#11951,.T.);
#11951 = LINE('',#11952,#11953);
#11952 = CARTESIAN_POINT('',(-0.32,-7.78,8.54));
#11953 = VECTOR('',#11954,1.);
#11954 = DIRECTION('',(1.,0.,0.));
#11955 = PLANE('',#11956);
#11956 = AXIS2_PLACEMENT_3D('',#11957,#11958,#11959);
#11957 = CARTESIAN_POINT('',(-0.32,-7.86,8.46));
#11958 = DIRECTION('',(-1.735167508357E-18,0.707106781187,
    -0.707106781187));
#11959 = DIRECTION('',(-1.,-1.226948711654E-18,1.226948711654E-18));
#11960 = ADVANCED_FACE('',(#11961),#11986,.T.);
#11961 = FACE_BOUND('',#11962,.T.);
#11962 = EDGE_LOOP('',(#11963,#11971,#11972,#11980));
#11963 = ORIENTED_EDGE('',*,*,#11964,.F.);
#11964 = EDGE_CURVE('',#11197,#11965,#11967,.T.);
#11965 = VERTEX_POINT('',#11966);
#11966 = CARTESIAN_POINT('',(0.16,-0.16,8.54));
#11967 = LINE('',#11968,#11969);
#11968 = CARTESIAN_POINT('',(0.16,-0.16,8.54));
#11969 = VECTOR('',#11970,1.);
#11970 = DIRECTION('',(-0.57735026919,0.57735026919,0.57735026919));
#11971 = ORIENTED_EDGE('',*,*,#11213,.T.);
#11972 = ORIENTED_EDGE('',*,*,#11973,.T.);
#11973 = EDGE_CURVE('',#11206,#11974,#11976,.T.);
#11974 = VERTEX_POINT('',#11975);
#11975 = CARTESIAN_POINT('',(0.16,0.16,8.54));
#11976 = LINE('',#11977,#11978);
#11977 = CARTESIAN_POINT('',(5.333333333333E-02,5.333333333333E-02,
    8.646666666667));
#11978 = VECTOR('',#11979,1.);
#11979 = DIRECTION('',(-0.57735026919,-0.57735026919,0.57735026919));
#11980 = ORIENTED_EDGE('',*,*,#11981,.F.);
#11981 = EDGE_CURVE('',#11965,#11974,#11982,.T.);
#11982 = LINE('',#11983,#11984);
#11983 = CARTESIAN_POINT('',(0.16,-0.32,8.54));
#11984 = VECTOR('',#11985,1.);
#11985 = DIRECTION('',(0.,1.,0.));
#11986 = PLANE('',#11987);
#11987 = AXIS2_PLACEMENT_3D('',#11988,#11989,#11990);
#11988 = CARTESIAN_POINT('',(0.24,-0.32,8.46));
#11989 = DIRECTION('',(0.707106781187,-1.735167508357E-18,0.707106781187
    ));
#11990 = DIRECTION('',(1.226948711654E-18,1.,1.226948711654E-18));
#11991 = ADVANCED_FACE('',(#11992),#12010,.T.);
#11992 = FACE_BOUND('',#11993,.F.);
#11993 = EDGE_LOOP('',(#11994,#12002,#12003,#12004));
#11994 = ORIENTED_EDGE('',*,*,#11995,.F.);
#11995 = EDGE_CURVE('',#11230,#11996,#11998,.T.);
#11996 = VERTEX_POINT('',#11997);
#11997 = CARTESIAN_POINT('',(-0.16,0.16,8.54));
#11998 = LINE('',#11999,#12000);
#11999 = CARTESIAN_POINT('',(-0.16,0.16,8.54));
#12000 = VECTOR('',#12001,1.);
#12001 = DIRECTION('',(0.57735026919,-0.57735026919,0.57735026919));
#12002 = ORIENTED_EDGE('',*,*,#11237,.T.);
#12003 = ORIENTED_EDGE('',*,*,#11973,.T.);
#12004 = ORIENTED_EDGE('',*,*,#12005,.F.);
#12005 = EDGE_CURVE('',#11996,#11974,#12006,.T.);
#12006 = LINE('',#12007,#12008);
#12007 = CARTESIAN_POINT('',(-0.32,0.16,8.54));
#12008 = VECTOR('',#12009,1.);
#12009 = DIRECTION('',(1.,0.,0.));
#12010 = PLANE('',#12011);
#12011 = AXIS2_PLACEMENT_3D('',#12012,#12013,#12014);
#12012 = CARTESIAN_POINT('',(-0.32,0.24,8.46));
#12013 = DIRECTION('',(1.735167508357E-18,0.707106781187,0.707106781187)
  );
#12014 = DIRECTION('',(-1.,1.226948711654E-18,1.226948711654E-18));
#12015 = ADVANCED_FACE('',(#12016),#12034,.F.);
#12016 = FACE_BOUND('',#12017,.F.);
#12017 = EDGE_LOOP('',(#12018,#12026,#12027,#12028));
#12018 = ORIENTED_EDGE('',*,*,#12019,.F.);
#12019 = EDGE_CURVE('',#11252,#12020,#12022,.T.);
#12020 = VERTEX_POINT('',#12021);
#12021 = CARTESIAN_POINT('',(-0.16,-0.16,8.54));
#12022 = LINE('',#12023,#12024);
#12023 = CARTESIAN_POINT('',(-0.266666666667,-0.266666666667,
    8.433333333333));
#12024 = VECTOR('',#12025,1.);
#12025 = DIRECTION('',(0.57735026919,0.57735026919,0.57735026919));
#12026 = ORIENTED_EDGE('',*,*,#11261,.T.);
#12027 = ORIENTED_EDGE('',*,*,#11995,.T.);
#12028 = ORIENTED_EDGE('',*,*,#12029,.F.);
#12029 = EDGE_CURVE('',#12020,#11996,#12030,.T.);
#12030 = LINE('',#12031,#12032);
#12031 = CARTESIAN_POINT('',(-0.16,-0.32,8.54));
#12032 = VECTOR('',#12033,1.);
#12033 = DIRECTION('',(0.,1.,0.));
#12034 = PLANE('',#12035);
#12035 = AXIS2_PLACEMENT_3D('',#12036,#12037,#12038);
#12036 = CARTESIAN_POINT('',(-0.24,-0.32,8.46));
#12037 = DIRECTION('',(0.707106781187,1.735167508357E-18,-0.707106781187
    ));
#12038 = DIRECTION('',(-1.226948711654E-18,1.,1.226948711654E-18));
#12039 = ADVANCED_FACE('',(#12040),#12051,.F.);
#12040 = FACE_BOUND('',#12041,.T.);
#12041 = EDGE_LOOP('',(#12042,#12043,#12044,#12045));
#12042 = ORIENTED_EDGE('',*,*,#12019,.F.);
#12043 = ORIENTED_EDGE('',*,*,#11278,.T.);
#12044 = ORIENTED_EDGE('',*,*,#11964,.T.);
#12045 = ORIENTED_EDGE('',*,*,#12046,.F.);
#12046 = EDGE_CURVE('',#12020,#11965,#12047,.T.);
#12047 = LINE('',#12048,#12049);
#12048 = CARTESIAN_POINT('',(-0.32,-0.16,8.54));
#12049 = VECTOR('',#12050,1.);
#12050 = DIRECTION('',(1.,0.,0.));
#12051 = PLANE('',#12052);
#12052 = AXIS2_PLACEMENT_3D('',#12053,#12054,#12055);
#12053 = CARTESIAN_POINT('',(-0.32,-0.24,8.46));
#12054 = DIRECTION('',(-1.735167508357E-18,0.707106781187,
    -0.707106781187));
#12055 = DIRECTION('',(-1.,-1.226948711654E-18,1.226948711654E-18));
#12056 = ADVANCED_FACE('',(#12057),#12082,.T.);
#12057 = FACE_BOUND('',#12058,.F.);
#12058 = EDGE_LOOP('',(#12059,#12067,#12068,#12076));
#12059 = ORIENTED_EDGE('',*,*,#12060,.F.);
#12060 = EDGE_CURVE('',#11302,#12061,#12063,.T.);
#12061 = VERTEX_POINT('',#12062);
#12062 = CARTESIAN_POINT('',(-0.16,-2.38,8.54));
#12063 = LINE('',#12064,#12065);
#12064 = CARTESIAN_POINT('',(-0.16,-2.38,8.54));
#12065 = VECTOR('',#12066,1.);
#12066 = DIRECTION('',(0.57735026919,-0.57735026919,0.57735026919));
#12067 = ORIENTED_EDGE('',*,*,#11309,.T.);
#12068 = ORIENTED_EDGE('',*,*,#12069,.T.);
#12069 = EDGE_CURVE('',#11293,#12070,#12072,.T.);
#12070 = VERTEX_POINT('',#12071);
#12071 = CARTESIAN_POINT('',(0.16,-2.38,8.54));
#12072 = LINE('',#12073,#12074);
#12073 = CARTESIAN_POINT('',(5.333333333333E-02,-2.486666666667,
    8.646666666667));
#12074 = VECTOR('',#12075,1.);
#12075 = DIRECTION('',(-0.57735026919,-0.57735026919,0.57735026919));
#12076 = ORIENTED_EDGE('',*,*,#12077,.F.);
#12077 = EDGE_CURVE('',#12061,#12070,#12078,.T.);
#12078 = LINE('',#12079,#12080);
#12079 = CARTESIAN_POINT('',(-0.32,-2.38,8.54));
#12080 = VECTOR('',#12081,1.);
#12081 = DIRECTION('',(1.,0.,0.));
#12082 = PLANE('',#12083);
#12083 = AXIS2_PLACEMENT_3D('',#12084,#12085,#12086);
#12084 = CARTESIAN_POINT('',(-0.32,-2.3,8.46));
#12085 = DIRECTION('',(1.735167508357E-18,0.707106781187,0.707106781187)
  );
#12086 = DIRECTION('',(-1.,1.226948711654E-18,1.226948711654E-18));
#12087 = ADVANCED_FACE('',(#12088),#12106,.F.);
#12088 = FACE_BOUND('',#12089,.F.);
#12089 = EDGE_LOOP('',(#12090,#12098,#12099,#12100));
#12090 = ORIENTED_EDGE('',*,*,#12091,.F.);
#12091 = EDGE_CURVE('',#11324,#12092,#12094,.T.);
#12092 = VERTEX_POINT('',#12093);
#12093 = CARTESIAN_POINT('',(-0.16,-2.7,8.54));
#12094 = LINE('',#12095,#12096);
#12095 = CARTESIAN_POINT('',(-0.266666666667,-2.806666666667,
    8.433333333333));
#12096 = VECTOR('',#12097,1.);
#12097 = DIRECTION('',(0.57735026919,0.57735026919,0.57735026919));
#12098 = ORIENTED_EDGE('',*,*,#11333,.T.);
#12099 = ORIENTED_EDGE('',*,*,#12060,.T.);
#12100 = ORIENTED_EDGE('',*,*,#12101,.F.);
#12101 = EDGE_CURVE('',#12092,#12061,#12102,.T.);
#12102 = LINE('',#12103,#12104);
#12103 = CARTESIAN_POINT('',(-0.16,-2.86,8.54));
#12104 = VECTOR('',#12105,1.);
#12105 = DIRECTION('',(0.,1.,0.));
#12106 = PLANE('',#12107);
#12107 = AXIS2_PLACEMENT_3D('',#12108,#12109,#12110);
#12108 = CARTESIAN_POINT('',(-0.24,-2.86,8.46));
#12109 = DIRECTION('',(0.707106781187,1.735167508357E-18,-0.707106781187
    ));
#12110 = DIRECTION('',(-1.226948711654E-18,1.,1.226948711654E-18));
#12111 = ADVANCED_FACE('',(#12112),#12130,.F.);
#12112 = FACE_BOUND('',#12113,.T.);
#12113 = EDGE_LOOP('',(#12114,#12115,#12116,#12124));
#12114 = ORIENTED_EDGE('',*,*,#12091,.F.);
#12115 = ORIENTED_EDGE('',*,*,#11357,.T.);
#12116 = ORIENTED_EDGE('',*,*,#12117,.T.);
#12117 = EDGE_CURVE('',#11348,#12118,#12120,.T.);
#12118 = VERTEX_POINT('',#12119);
#12119 = CARTESIAN_POINT('',(0.16,-2.7,8.54));
#12120 = LINE('',#12121,#12122);
#12121 = CARTESIAN_POINT('',(0.16,-2.7,8.54));
#12122 = VECTOR('',#12123,1.);
#12123 = DIRECTION('',(-0.57735026919,0.57735026919,0.57735026919));
#12124 = ORIENTED_EDGE('',*,*,#12125,.F.);
#12125 = EDGE_CURVE('',#12092,#12118,#12126,.T.);
#12126 = LINE('',#12127,#12128);
#12127 = CARTESIAN_POINT('',(-0.32,-2.7,8.54));
#12128 = VECTOR('',#12129,1.);
#12129 = DIRECTION('',(1.,0.,0.));
#12130 = PLANE('',#12131);
#12131 = AXIS2_PLACEMENT_3D('',#12132,#12133,#12134);
#12132 = CARTESIAN_POINT('',(-0.32,-2.78,8.46));
#12133 = DIRECTION('',(-1.735167508357E-18,0.707106781187,
    -0.707106781187));
#12134 = DIRECTION('',(-1.,-1.226948711654E-18,1.226948711654E-18));
#12135 = ADVANCED_FACE('',(#12136),#12147,.T.);
#12136 = FACE_BOUND('',#12137,.T.);
#12137 = EDGE_LOOP('',(#12138,#12139,#12140,#12141));
#12138 = ORIENTED_EDGE('',*,*,#12117,.F.);
#12139 = ORIENTED_EDGE('',*,*,#11374,.T.);
#12140 = ORIENTED_EDGE('',*,*,#12069,.T.);
#12141 = ORIENTED_EDGE('',*,*,#12142,.F.);
#12142 = EDGE_CURVE('',#12118,#12070,#12143,.T.);
#12143 = LINE('',#12144,#12145);
#12144 = CARTESIAN_POINT('',(0.16,-2.86,8.54));
#12145 = VECTOR('',#12146,1.);
#12146 = DIRECTION('',(0.,1.,0.));
#12147 = PLANE('',#12148);
#12148 = AXIS2_PLACEMENT_3D('',#12149,#12150,#12151);
#12149 = CARTESIAN_POINT('',(0.24,-2.86,8.46));
#12150 = DIRECTION('',(0.707106781187,-1.735167508357E-18,0.707106781187
    ));
#12151 = DIRECTION('',(1.226948711654E-18,1.,1.226948711654E-18));
#12152 = ADVANCED_FACE('',(#12153),#12159,.F.);
#12153 = FACE_BOUND('',#12154,.F.);
#12154 = EDGE_LOOP('',(#12155,#12156,#12157,#12158));
#12155 = ORIENTED_EDGE('',*,*,#11470,.T.);
#12156 = ORIENTED_EDGE('',*,*,#11405,.F.);
#12157 = ORIENTED_EDGE('',*,*,#11429,.F.);
#12158 = ORIENTED_EDGE('',*,*,#11453,.T.);
#12159 = PLANE('',#12160);
#12160 = AXIS2_PLACEMENT_3D('',#12161,#12162,#12163);
#12161 = CARTESIAN_POINT('',(-0.32,-5.4,-3.));
#12162 = DIRECTION('',(0.,0.,1.));
#12163 = DIRECTION('',(1.,0.,-0.));
#12164 = ADVANCED_FACE('',(#12165),#12171,.F.);
#12165 = FACE_BOUND('',#12166,.F.);
#12166 = EDGE_LOOP('',(#12167,#12168,#12169,#12170));
#12167 = ORIENTED_EDGE('',*,*,#11501,.T.);
#12168 = ORIENTED_EDGE('',*,*,#11525,.F.);
#12169 = ORIENTED_EDGE('',*,*,#11549,.F.);
#12170 = ORIENTED_EDGE('',*,*,#11566,.T.);
#12171 = PLANE('',#12172);
#12172 = AXIS2_PLACEMENT_3D('',#12173,#12174,#12175);
#12173 = CARTESIAN_POINT('',(-0.32,-7.94,-3.));
#12174 = DIRECTION('',(0.,0.,1.));
#12175 = DIRECTION('',(1.,0.,-0.));
#12176 = ADVANCED_FACE('',(#12177),#12183,.F.);
#12177 = FACE_BOUND('',#12178,.F.);
#12178 = EDGE_LOOP('',(#12179,#12180,#12181,#12182));
#12179 = ORIENTED_EDGE('',*,*,#11597,.T.);
#12180 = ORIENTED_EDGE('',*,*,#11621,.F.);
#12181 = ORIENTED_EDGE('',*,*,#11645,.F.);
#12182 = ORIENTED_EDGE('',*,*,#11662,.T.);
#12183 = PLANE('',#12184);
#12184 = AXIS2_PLACEMENT_3D('',#12185,#12186,#12187);
#12185 = CARTESIAN_POINT('',(-0.32,-0.32,-3.));
#12186 = DIRECTION('',(0.,0.,1.));
#12187 = DIRECTION('',(1.,0.,-0.));
#12188 = ADVANCED_FACE('',(#12189),#12195,.F.);
#12189 = FACE_BOUND('',#12190,.F.);
#12190 = EDGE_LOOP('',(#12191,#12192,#12193,#12194));
#12191 = ORIENTED_EDGE('',*,*,#11758,.T.);
#12192 = ORIENTED_EDGE('',*,*,#11693,.F.);
#12193 = ORIENTED_EDGE('',*,*,#11717,.F.);
#12194 = ORIENTED_EDGE('',*,*,#11741,.T.);
#12195 = PLANE('',#12196);
#12196 = AXIS2_PLACEMENT_3D('',#12197,#12198,#12199);
#12197 = CARTESIAN_POINT('',(-0.32,-2.86,-3.));
#12198 = DIRECTION('',(0.,0.,1.));
#12199 = DIRECTION('',(1.,0.,-0.));
#12200 = ADVANCED_FACE('',(#12201),#12207,.T.);
#12201 = FACE_BOUND('',#12202,.T.);
#12202 = EDGE_LOOP('',(#12203,#12204,#12205,#12206));
#12203 = ORIENTED_EDGE('',*,*,#11854,.T.);
#12204 = ORIENTED_EDGE('',*,*,#11789,.F.);
#12205 = ORIENTED_EDGE('',*,*,#11813,.F.);
#12206 = ORIENTED_EDGE('',*,*,#11837,.T.);
#12207 = PLANE('',#12208);
#12208 = AXIS2_PLACEMENT_3D('',#12209,#12210,#12211);
#12209 = CARTESIAN_POINT('',(-0.32,-5.4,8.54));
#12210 = DIRECTION('',(0.,0.,1.));
#12211 = DIRECTION('',(1.,0.,-0.));
#12212 = ADVANCED_FACE('',(#12213),#12219,.T.);
#12213 = FACE_BOUND('',#12214,.T.);
#12214 = EDGE_LOOP('',(#12215,#12216,#12217,#12218));
#12215 = ORIENTED_EDGE('',*,*,#11885,.T.);
#12216 = ORIENTED_EDGE('',*,*,#11909,.F.);
#12217 = ORIENTED_EDGE('',*,*,#11933,.F.);
#12218 = ORIENTED_EDGE('',*,*,#11950,.T.);
#12219 = PLANE('',#12220);
#12220 = AXIS2_PLACEMENT_3D('',#12221,#12222,#12223);
#12221 = CARTESIAN_POINT('',(-0.32,-7.94,8.54));
#12222 = DIRECTION('',(0.,0.,1.));
#12223 = DIRECTION('',(1.,0.,-0.));
#12224 = ADVANCED_FACE('',(#12225),#12231,.T.);
#12225 = FACE_BOUND('',#12226,.T.);
#12226 = EDGE_LOOP('',(#12227,#12228,#12229,#12230));
#12227 = ORIENTED_EDGE('',*,*,#11981,.T.);
#12228 = ORIENTED_EDGE('',*,*,#12005,.F.);
#12229 = ORIENTED_EDGE('',*,*,#12029,.F.);
#12230 = ORIENTED_EDGE('',*,*,#12046,.T.);
#12231 = PLANE('',#12232);
#12232 = AXIS2_PLACEMENT_3D('',#12233,#12234,#12235);
#12233 = CARTESIAN_POINT('',(-0.32,-0.32,8.54));
#12234 = DIRECTION('',(0.,0.,1.));
#12235 = DIRECTION('',(1.,0.,-0.));
#12236 = ADVANCED_FACE('',(#12237),#12243,.T.);
#12237 = FACE_BOUND('',#12238,.T.);
#12238 = EDGE_LOOP('',(#12239,#12240,#12241,#12242));
#12239 = ORIENTED_EDGE('',*,*,#12142,.T.);
#12240 = ORIENTED_EDGE('',*,*,#12077,.F.);
#12241 = ORIENTED_EDGE('',*,*,#12101,.F.);
#12242 = ORIENTED_EDGE('',*,*,#12125,.T.);
#12243 = PLANE('',#12244);
#12244 = AXIS2_PLACEMENT_3D('',#12245,#12246,#12247);
#12245 = CARTESIAN_POINT('',(-0.32,-2.86,8.54));
#12246 = DIRECTION('',(0.,0.,1.));
#12247 = DIRECTION('',(1.,0.,-0.));
#12248 = ( GEOMETRIC_REPRESENTATION_CONTEXT(3) 
GLOBAL_UNCERTAINTY_ASSIGNED_CONTEXT((#12252)) 
GLOBAL_UNIT_ASSIGNED_CONTEXT((#12249,#12250,#12251)) 
REPRESENTATION_CONTEXT('Context #1',
  '3D Context with UNIT and UNCERTAINTY') );
#12249 = ( LENGTH_UNIT() NAMED_UNIT(*) SI_UNIT(.MILLI.,.METRE.) );
#12250 = ( NAMED_UNIT(*) PLANE_ANGLE_UNIT() SI_UNIT($,.RADIAN.) );
#12251 = ( NAMED_UNIT(*) SI_UNIT($,.STERADIAN.) SOLID_ANGLE_UNIT() );
#12252 = UNCERTAINTY_MEASURE_WITH_UNIT(LENGTH_MEASURE(1.E-07),#12249,
  'distance_accuracy_value','confusion accuracy');
#12253 = CONTEXT_DEPENDENT_SHAPE_REPRESENTATION(#12254,#12256);
#12254 = ( REPRESENTATION_RELATIONSHIP('','',#9467,#9444) 
REPRESENTATION_RELATIONSHIP_WITH_TRANSFORMATION(#12255) 
SHAPE_REPRESENTATION_RELATIONSHIP() );
#12255 = ITEM_DEFINED_TRANSFORMATION('','',#11,#9445);
#12256 = PRODUCT_DEFINITION_SHAPE('Placement','Placement of an item',
  #12257);
#12257 = NEXT_ASSEMBLY_USAGE_OCCURRENCE('10','=>[0:1:1:11]','',#9439,
  #9462,$);
#12258 = PRODUCT_RELATED_PRODUCT_CATEGORY('part',$,(#9464));
#12259 = CONTEXT_DEPENDENT_SHAPE_REPRESENTATION(#12260,#12262);
#12260 = ( REPRESENTATION_RELATIONSHIP('','',#9444,#10) 
REPRESENTATION_RELATIONSHIP_WITH_TRANSFORMATION(#12261) 
SHAPE_REPRESENTATION_RELATIONSHIP() );
#12261 = ITEM_DEFINED_TRANSFORMATION('','',#11,#39);
#12262 = PRODUCT_DEFINITION_SHAPE('Placement','Placement of an item',
  #12263);
#12263 = NEXT_ASSEMBLY_USAGE_OCCURRENCE('12','SCD40','',#5,#9439,$);
#12264 = SHAPE_DEFINITION_REPRESENTATION(#12265,#12271);
#12265 = PRODUCT_DEFINITION_SHAPE('','',#12266);
#12266 = PRODUCT_DEFINITION('design','',#12267,#12270);
#12267 = PRODUCT_DEFINITION_FORMATION('','',#12268);
#12268 = PRODUCT('Roo8774_PCB','Roo8774_PCB','',(#12269));
#12269 = PRODUCT_CONTEXT('',#2,'mechanical');
#12270 = PRODUCT_DEFINITION_CONTEXT('part definition',#2,'design');
#12271 = ADVANCED_BREP_SHAPE_REPRESENTATION('',(#11,#12272),#15253);
#12272 = MANIFOLD_SOLID_BREP('',#12273);
#12273 = CLOSED_SHELL('',(#12274,#12316,#12347,#12378,#13189,#14000,
    #14017,#14034,#14051,#14068,#14080,#14097,#14114,#14131,#14148,
    #14165,#14182,#14199,#14216,#14233,#14250,#14267,#14284,#14301,
    #14318,#14335,#14352,#14369,#14386,#14403,#14420,#14437,#14454,
    #14471,#14488,#14505,#14522,#14539,#14556,#14573,#14590,#14607,
    #14624,#14641,#14658,#14675,#14692,#14709,#14726,#14743,#14760,
    #14777,#14794,#14811,#14828,#14845,#14862,#14879,#14896,#14913,
    #14930,#14947,#14964,#14981,#14998,#15015,#15032,#15049,#15066,
    #15083,#15100,#15117,#15134,#15151,#15168,#15185,#15202,#15219,
    #15236));
#12274 = ADVANCED_FACE('',(#12275),#12311,.T.);
#12275 = FACE_BOUND('',#12276,.T.);
#12276 = EDGE_LOOP('',(#12277,#12287,#12296,#12304));
#12277 = ORIENTED_EDGE('',*,*,#12278,.T.);
#12278 = EDGE_CURVE('',#12279,#12281,#12283,.T.);
#12279 = VERTEX_POINT('',#12280);
#12280 = CARTESIAN_POINT('',(145.,-49.5,0.));
#12281 = VERTEX_POINT('',#12282);
#12282 = CARTESIAN_POINT('',(145.,-49.5,1.51));
#12283 = LINE('',#12284,#12285);
#12284 = CARTESIAN_POINT('',(145.,-49.5,0.));
#12285 = VECTOR('',#12286,1.);
#12286 = DIRECTION('',(0.,0.,1.));
#12287 = ORIENTED_EDGE('',*,*,#12288,.T.);
#12288 = EDGE_CURVE('',#12281,#12289,#12291,.T.);
#12289 = VERTEX_POINT('',#12290);
#12290 = CARTESIAN_POINT('',(153.,-57.5,1.51));
#12291 = CIRCLE('',#12292,8.00000085182);
#12292 = AXIS2_PLACEMENT_3D('',#12293,#12294,#12295);
#12293 = CARTESIAN_POINT('',(144.99999914818,-57.50000085182,1.51));
#12294 = DIRECTION('',(0.,0.,-1.));
#12295 = DIRECTION('',(1.064775318894E-07,1.,0.));
#12296 = ORIENTED_EDGE('',*,*,#12297,.F.);
#12297 = EDGE_CURVE('',#12298,#12289,#12300,.T.);
#12298 = VERTEX_POINT('',#12299);
#12299 = CARTESIAN_POINT('',(153.,-57.5,0.));
#12300 = LINE('',#12301,#12302);
#12301 = CARTESIAN_POINT('',(153.,-57.5,0.));
#12302 = VECTOR('',#12303,1.);
#12303 = DIRECTION('',(0.,0.,1.));
#12304 = ORIENTED_EDGE('',*,*,#12305,.F.);
#12305 = EDGE_CURVE('',#12279,#12298,#12306,.T.);
#12306 = CIRCLE('',#12307,8.00000085182);
#12307 = AXIS2_PLACEMENT_3D('',#12308,#12309,#12310);
#12308 = CARTESIAN_POINT('',(144.99999914818,-57.50000085182,0.));
#12309 = DIRECTION('',(0.,0.,-1.));
#12310 = DIRECTION('',(1.064775318894E-07,1.,0.));
#12311 = CYLINDRICAL_SURFACE('',#12312,8.00000085182);
#12312 = AXIS2_PLACEMENT_3D('',#12313,#12314,#12315);
#12313 = CARTESIAN_POINT('',(144.99999914818,-57.50000085182,0.));
#12314 = DIRECTION('',(0.,0.,-1.));
#12315 = DIRECTION('',(1.064775318894E-07,1.,0.));
#12316 = ADVANCED_FACE('',(#12317),#12342,.T.);
#12317 = FACE_BOUND('',#12318,.T.);
#12318 = EDGE_LOOP('',(#12319,#12329,#12335,#12336));
#12319 = ORIENTED_EDGE('',*,*,#12320,.T.);
#12320 = EDGE_CURVE('',#12321,#12323,#12325,.T.);
#12321 = VERTEX_POINT('',#12322);
#12322 = CARTESIAN_POINT('',(91.,-49.5,0.));
#12323 = VERTEX_POINT('',#12324);
#12324 = CARTESIAN_POINT('',(91.,-49.5,1.51));
#12325 = LINE('',#12326,#12327);
#12326 = CARTESIAN_POINT('',(91.,-49.5,0.));
#12327 = VECTOR('',#12328,1.);
#12328 = DIRECTION('',(0.,0.,1.));
#12329 = ORIENTED_EDGE('',*,*,#12330,.T.);
#12330 = EDGE_CURVE('',#12323,#12281,#12331,.T.);
#12331 = LINE('',#12332,#12333);
#12332 = CARTESIAN_POINT('',(91.,-49.5,1.51));
#12333 = VECTOR('',#12334,1.);
#12334 = DIRECTION('',(1.,0.,0.));
#12335 = ORIENTED_EDGE('',*,*,#12278,.F.);
#12336 = ORIENTED_EDGE('',*,*,#12337,.F.);
#12337 = EDGE_CURVE('',#12321,#12279,#12338,.T.);
#12338 = LINE('',#12339,#12340);
#12339 = CARTESIAN_POINT('',(91.,-49.5,0.));
#12340 = VECTOR('',#12341,1.);
#12341 = DIRECTION('',(1.,0.,0.));
#12342 = PLANE('',#12343);
#12343 = AXIS2_PLACEMENT_3D('',#12344,#12345,#12346);
#12344 = CARTESIAN_POINT('',(91.,-49.5,0.));
#12345 = DIRECTION('',(0.,1.,0.));
#12346 = DIRECTION('',(1.,0.,0.));
#12347 = ADVANCED_FACE('',(#12348),#12373,.T.);
#12348 = FACE_BOUND('',#12349,.T.);
#12349 = EDGE_LOOP('',(#12350,#12351,#12359,#12367));
#12350 = ORIENTED_EDGE('',*,*,#12297,.T.);
#12351 = ORIENTED_EDGE('',*,*,#12352,.T.);
#12352 = EDGE_CURVE('',#12289,#12353,#12355,.T.);
#12353 = VERTEX_POINT('',#12354);
#12354 = CARTESIAN_POINT('',(153.,-141.5,1.51));
#12355 = LINE('',#12356,#12357);
#12356 = CARTESIAN_POINT('',(153.,-57.5,1.51));
#12357 = VECTOR('',#12358,1.);
#12358 = DIRECTION('',(0.,-1.,0.));
#12359 = ORIENTED_EDGE('',*,*,#12360,.F.);
#12360 = EDGE_CURVE('',#12361,#12353,#12363,.T.);
#12361 = VERTEX_POINT('',#12362);
#12362 = CARTESIAN_POINT('',(153.,-141.5,0.));
#12363 = LINE('',#12364,#12365);
#12364 = CARTESIAN_POINT('',(153.,-141.5,0.));
#12365 = VECTOR('',#12366,1.);
#12366 = DIRECTION('',(0.,0.,1.));
#12367 = ORIENTED_EDGE('',*,*,#12368,.F.);
#12368 = EDGE_CURVE('',#12298,#12361,#12369,.T.);
#12369 = LINE('',#12370,#12371);
#12370 = CARTESIAN_POINT('',(153.,-57.5,0.));
#12371 = VECTOR('',#12372,1.);
#12372 = DIRECTION('',(0.,-1.,0.));
#12373 = PLANE('',#12374);
#12374 = AXIS2_PLACEMENT_3D('',#12375,#12376,#12377);
#12375 = CARTESIAN_POINT('',(153.,-57.5,0.));
#12376 = DIRECTION('',(1.,0.,-0.));
#12377 = DIRECTION('',(0.,-1.,0.));
#12378 = ADVANCED_FACE('',(#12379,#12425,#12436,#12447,#12458,#12469,
    #12480,#12491,#12502,#12513,#12524,#12535,#12546,#12557,#12568,
    #12579,#12590,#12601,#12612,#12623,#12634,#12645,#12656,#12667,
    #12678,#12689,#12700,#12711,#12722,#12733,#12744,#12755,#12766,
    #12777,#12788,#12799,#12810,#12821,#12832,#12843,#12854,#12865,
    #12876,#12887,#12898,#12909,#12920,#12931,#12942,#12953,#12964,
    #12975,#12986,#12997,#13008,#13019,#13030,#13041,#13052,#13063,
    #13074,#13085,#13096,#13107,#13118,#13129,#13140,#13151,#13162,
    #13173),#13184,.F.);
#12379 = FACE_BOUND('',#12380,.F.);
#12380 = EDGE_LOOP('',(#12381,#12382,#12383,#12392,#12400,#12409,#12417,
    #12424));
#12381 = ORIENTED_EDGE('',*,*,#12305,.F.);
#12382 = ORIENTED_EDGE('',*,*,#12337,.F.);
#12383 = ORIENTED_EDGE('',*,*,#12384,.F.);
#12384 = EDGE_CURVE('',#12385,#12321,#12387,.T.);
#12385 = VERTEX_POINT('',#12386);
#12386 = CARTESIAN_POINT('',(83.,-57.5,0.));
#12387 = CIRCLE('',#12388,8.00000085182);
#12388 = AXIS2_PLACEMENT_3D('',#12389,#12390,#12391);
#12389 = CARTESIAN_POINT('',(91.00000085182,-57.50000085182,0.));
#12390 = DIRECTION('',(0.,0.,-1.));
#12391 = DIRECTION('',(-1.,1.064775363303E-07,0.));
#12392 = ORIENTED_EDGE('',*,*,#12393,.F.);
#12393 = EDGE_CURVE('',#12394,#12385,#12396,.T.);
#12394 = VERTEX_POINT('',#12395);
#12395 = CARTESIAN_POINT('',(83.,-141.5,0.));
#12396 = LINE('',#12397,#12398);
#12397 = CARTESIAN_POINT('',(83.,-141.5,0.));
#12398 = VECTOR('',#12399,1.);
#12399 = DIRECTION('',(0.,1.,0.));
#12400 = ORIENTED_EDGE('',*,*,#12401,.F.);
#12401 = EDGE_CURVE('',#12402,#12394,#12404,.T.);
#12402 = VERTEX_POINT('',#12403);
#12403 = CARTESIAN_POINT('',(91.,-149.5,0.));
#12404 = CIRCLE('',#12405,8.00000085182);
#12405 = AXIS2_PLACEMENT_3D('',#12406,#12407,#12408);
#12406 = CARTESIAN_POINT('',(91.00000085182,-141.4999991481,0.));
#12407 = DIRECTION('',(0.,0.,-1.));
#12408 = DIRECTION('',(-1.064775336658E-07,-1.,-0.));
#12409 = ORIENTED_EDGE('',*,*,#12410,.F.);
#12410 = EDGE_CURVE('',#12411,#12402,#12413,.T.);
#12411 = VERTEX_POINT('',#12412);
#12412 = CARTESIAN_POINT('',(145.,-149.5,0.));
#12413 = LINE('',#12414,#12415);
#12414 = CARTESIAN_POINT('',(145.,-149.5,0.));
#12415 = VECTOR('',#12416,1.);
#12416 = DIRECTION('',(-1.,0.,0.));
#12417 = ORIENTED_EDGE('',*,*,#12418,.F.);
#12418 = EDGE_CURVE('',#12361,#12411,#12419,.T.);
#12419 = CIRCLE('',#12420,8.00000085182);
#12420 = AXIS2_PLACEMENT_3D('',#12421,#12422,#12423);
#12421 = CARTESIAN_POINT('',(144.99999914818,-141.4999991481,0.));
#12422 = DIRECTION('',(0.,0.,-1.));
#12423 = DIRECTION('',(1.,-1.064775318894E-07,0.));
#12424 = ORIENTED_EDGE('',*,*,#12368,.F.);
#12425 = FACE_BOUND('',#12426,.F.);
#12426 = EDGE_LOOP('',(#12427));
#12427 = ORIENTED_EDGE('',*,*,#12428,.T.);
#12428 = EDGE_CURVE('',#12429,#12429,#12431,.T.);
#12429 = VERTEX_POINT('',#12430);
#12430 = CARTESIAN_POINT('',(92.,-147.1,0.));
#12431 = CIRCLE('',#12432,1.6);
#12432 = AXIS2_PLACEMENT_3D('',#12433,#12434,#12435);
#12433 = CARTESIAN_POINT('',(92.,-145.5,0.));
#12434 = DIRECTION('',(-0.,0.,-1.));
#12435 = DIRECTION('',(-0.,-1.,0.));
#12436 = FACE_BOUND('',#12437,.F.);
#12437 = EDGE_LOOP('',(#12438));
#12438 = ORIENTED_EDGE('',*,*,#12439,.T.);
#12439 = EDGE_CURVE('',#12440,#12440,#12442,.T.);
#12440 = VERTEX_POINT('',#12441);
#12441 = CARTESIAN_POINT('',(88.27,-140.12,0.));
#12442 = CIRCLE('',#12443,0.5);
#12443 = AXIS2_PLACEMENT_3D('',#12444,#12445,#12446);
#12444 = CARTESIAN_POINT('',(88.27,-139.62,0.));
#12445 = DIRECTION('',(-0.,0.,-1.));
#12446 = DIRECTION('',(-0.,-1.,0.));
#12447 = FACE_BOUND('',#12448,.F.);
#12448 = EDGE_LOOP('',(#12449));
#12449 = ORIENTED_EDGE('',*,*,#12450,.T.);
#12450 = EDGE_CURVE('',#12451,#12451,#12453,.T.);
#12451 = VERTEX_POINT('',#12452);
#12452 = CARTESIAN_POINT('',(88.27,-137.58,0.));
#12453 = CIRCLE('',#12454,0.5);
#12454 = AXIS2_PLACEMENT_3D('',#12455,#12456,#12457);
#12455 = CARTESIAN_POINT('',(88.27,-137.08,0.));
#12456 = DIRECTION('',(-0.,0.,-1.));
#12457 = DIRECTION('',(-0.,-1.,0.));
#12458 = FACE_BOUND('',#12459,.F.);
#12459 = EDGE_LOOP('',(#12460));
#12460 = ORIENTED_EDGE('',*,*,#12461,.T.);
#12461 = EDGE_CURVE('',#12462,#12462,#12464,.T.);
#12462 = VERTEX_POINT('',#12463);
#12463 = CARTESIAN_POINT('',(97.,-140.12,0.));
#12464 = CIRCLE('',#12465,0.5);
#12465 = AXIS2_PLACEMENT_3D('',#12466,#12467,#12468);
#12466 = CARTESIAN_POINT('',(97.,-139.62,0.));
#12467 = DIRECTION('',(-0.,0.,-1.));
#12468 = DIRECTION('',(-0.,-1.,0.));
#12469 = FACE_BOUND('',#12470,.F.);
#12470 = EDGE_LOOP('',(#12471));
#12471 = ORIENTED_EDGE('',*,*,#12472,.T.);
#12472 = EDGE_CURVE('',#12473,#12473,#12475,.T.);
#12473 = VERTEX_POINT('',#12474);
#12474 = CARTESIAN_POINT('',(97.,-137.58,0.));
#12475 = CIRCLE('',#12476,0.5);
#12476 = AXIS2_PLACEMENT_3D('',#12477,#12478,#12479);
#12477 = CARTESIAN_POINT('',(97.,-137.08,0.));
#12478 = DIRECTION('',(-0.,0.,-1.));
#12479 = DIRECTION('',(-0.,-1.,0.));
#12480 = FACE_BOUND('',#12481,.F.);
#12481 = EDGE_LOOP('',(#12482));
#12482 = ORIENTED_EDGE('',*,*,#12483,.T.);
#12483 = EDGE_CURVE('',#12484,#12484,#12486,.T.);
#12484 = VERTEX_POINT('',#12485);
#12485 = CARTESIAN_POINT('',(88.27,-135.04,0.));
#12486 = CIRCLE('',#12487,0.5);
#12487 = AXIS2_PLACEMENT_3D('',#12488,#12489,#12490);
#12488 = CARTESIAN_POINT('',(88.27,-134.54,0.));
#12489 = DIRECTION('',(-0.,0.,-1.));
#12490 = DIRECTION('',(-0.,-1.,0.));
#12491 = FACE_BOUND('',#12492,.F.);
#12492 = EDGE_LOOP('',(#12493));
#12493 = ORIENTED_EDGE('',*,*,#12494,.T.);
#12494 = EDGE_CURVE('',#12495,#12495,#12497,.T.);
#12495 = VERTEX_POINT('',#12496);
#12496 = CARTESIAN_POINT('',(88.27,-132.5,0.));
#12497 = CIRCLE('',#12498,0.5);
#12498 = AXIS2_PLACEMENT_3D('',#12499,#12500,#12501);
#12499 = CARTESIAN_POINT('',(88.27,-132.,0.));
#12500 = DIRECTION('',(-0.,0.,-1.));
#12501 = DIRECTION('',(-0.,-1.,0.));
#12502 = FACE_BOUND('',#12503,.F.);
#12503 = EDGE_LOOP('',(#12504));
#12504 = ORIENTED_EDGE('',*,*,#12505,.T.);
#12505 = EDGE_CURVE('',#12506,#12506,#12508,.T.);
#12506 = VERTEX_POINT('',#12507);
#12507 = CARTESIAN_POINT('',(97.,-135.04,0.));
#12508 = CIRCLE('',#12509,0.5);
#12509 = AXIS2_PLACEMENT_3D('',#12510,#12511,#12512);
#12510 = CARTESIAN_POINT('',(97.,-134.54,0.));
#12511 = DIRECTION('',(-0.,0.,-1.));
#12512 = DIRECTION('',(-0.,-1.,0.));
#12513 = FACE_BOUND('',#12514,.F.);
#12514 = EDGE_LOOP('',(#12515));
#12515 = ORIENTED_EDGE('',*,*,#12516,.T.);
#12516 = EDGE_CURVE('',#12517,#12517,#12519,.T.);
#12517 = VERTEX_POINT('',#12518);
#12518 = CARTESIAN_POINT('',(97.,-132.5,0.));
#12519 = CIRCLE('',#12520,0.5);
#12520 = AXIS2_PLACEMENT_3D('',#12521,#12522,#12523);
#12521 = CARTESIAN_POINT('',(97.,-132.,0.));
#12522 = DIRECTION('',(-0.,0.,-1.));
#12523 = DIRECTION('',(-0.,-1.,0.));
#12524 = FACE_BOUND('',#12525,.F.);
#12525 = EDGE_LOOP('',(#12526));
#12526 = ORIENTED_EDGE('',*,*,#12527,.T.);
#12527 = EDGE_CURVE('',#12528,#12528,#12530,.T.);
#12528 = VERTEX_POINT('',#12529);
#12529 = CARTESIAN_POINT('',(109.5,-125.5,0.));
#12530 = CIRCLE('',#12531,0.5);
#12531 = AXIS2_PLACEMENT_3D('',#12532,#12533,#12534);
#12532 = CARTESIAN_POINT('',(109.5,-125.,0.));
#12533 = DIRECTION('',(-0.,0.,-1.));
#12534 = DIRECTION('',(-0.,-1.,0.));
#12535 = FACE_BOUND('',#12536,.F.);
#12536 = EDGE_LOOP('',(#12537));
#12537 = ORIENTED_EDGE('',*,*,#12538,.T.);
#12538 = EDGE_CURVE('',#12539,#12539,#12541,.T.);
#12539 = VERTEX_POINT('',#12540);
#12540 = CARTESIAN_POINT('',(117.,-134.4,0.));
#12541 = CIRCLE('',#12542,0.4);
#12542 = AXIS2_PLACEMENT_3D('',#12543,#12544,#12545);
#12543 = CARTESIAN_POINT('',(117.,-134.,0.));
#12544 = DIRECTION('',(-0.,0.,-1.));
#12545 = DIRECTION('',(-0.,-1.,0.));
#12546 = FACE_BOUND('',#12547,.F.);
#12547 = EDGE_LOOP('',(#12548));
#12548 = ORIENTED_EDGE('',*,*,#12549,.T.);
#12549 = EDGE_CURVE('',#12550,#12550,#12552,.T.);
#12550 = VERTEX_POINT('',#12551);
#12551 = CARTESIAN_POINT('',(89.73,-119.39,0.));
#12552 = CIRCLE('',#12553,0.85);
#12553 = AXIS2_PLACEMENT_3D('',#12554,#12555,#12556);
#12554 = CARTESIAN_POINT('',(89.73,-118.54,0.));
#12555 = DIRECTION('',(-0.,0.,-1.));
#12556 = DIRECTION('',(1.671865260612E-14,-1.,-0.));
#12557 = FACE_BOUND('',#12558,.F.);
#12558 = EDGE_LOOP('',(#12559));
#12559 = ORIENTED_EDGE('',*,*,#12560,.T.);
#12560 = EDGE_CURVE('',#12561,#12561,#12563,.T.);
#12561 = VERTEX_POINT('',#12562);
#12562 = CARTESIAN_POINT('',(94.81,-120.54,0.));
#12563 = CIRCLE('',#12564,2.);
#12564 = AXIS2_PLACEMENT_3D('',#12565,#12566,#12567);
#12565 = CARTESIAN_POINT('',(94.81,-118.54,0.));
#12566 = DIRECTION('',(-0.,0.,-1.));
#12567 = DIRECTION('',(-0.,-1.,0.));
#12568 = FACE_BOUND('',#12569,.F.);
#12569 = EDGE_LOOP('',(#12570));
#12570 = ORIENTED_EDGE('',*,*,#12571,.T.);
#12571 = EDGE_CURVE('',#12572,#12572,#12574,.T.);
#12572 = VERTEX_POINT('',#12573);
#12573 = CARTESIAN_POINT('',(91.,-116.75,0.));
#12574 = CIRCLE('',#12575,0.75);
#12575 = AXIS2_PLACEMENT_3D('',#12576,#12577,#12578);
#12576 = CARTESIAN_POINT('',(91.,-116.,0.));
#12577 = DIRECTION('',(-0.,0.,-1.));
#12578 = DIRECTION('',(-0.,-1.,0.));
#12579 = FACE_BOUND('',#12580,.F.);
#12580 = EDGE_LOOP('',(#12581));
#12581 = ORIENTED_EDGE('',*,*,#12582,.T.);
#12582 = EDGE_CURVE('',#12583,#12583,#12585,.T.);
#12583 = VERTEX_POINT('',#12584);
#12584 = CARTESIAN_POINT('',(99.89,-119.39,0.));
#12585 = CIRCLE('',#12586,0.85);
#12586 = AXIS2_PLACEMENT_3D('',#12587,#12588,#12589);
#12587 = CARTESIAN_POINT('',(99.89,-118.54,0.));
#12588 = DIRECTION('',(-0.,0.,-1.));
#12589 = DIRECTION('',(-0.,-1.,0.));
#12590 = FACE_BOUND('',#12591,.F.);
#12591 = EDGE_LOOP('',(#12592));
#12592 = ORIENTED_EDGE('',*,*,#12593,.T.);
#12593 = EDGE_CURVE('',#12594,#12594,#12596,.T.);
#12594 = VERTEX_POINT('',#12595);
#12595 = CARTESIAN_POINT('',(97.35,-114.21,0.));
#12596 = CIRCLE('',#12597,0.75);
#12597 = AXIS2_PLACEMENT_3D('',#12598,#12599,#12600);
#12598 = CARTESIAN_POINT('',(97.35,-113.46,0.));
#12599 = DIRECTION('',(-0.,0.,-1.));
#12600 = DIRECTION('',(-0.,-1.,0.));
#12601 = FACE_BOUND('',#12602,.F.);
#12602 = EDGE_LOOP('',(#12603));
#12603 = ORIENTED_EDGE('',*,*,#12604,.T.);
#12604 = EDGE_CURVE('',#12605,#12605,#12607,.T.);
#12605 = VERTEX_POINT('',#12606);
#12606 = CARTESIAN_POINT('',(109.5,-122.96,0.));
#12607 = CIRCLE('',#12608,0.5);
#12608 = AXIS2_PLACEMENT_3D('',#12609,#12610,#12611);
#12609 = CARTESIAN_POINT('',(109.5,-122.46,0.));
#12610 = DIRECTION('',(-0.,0.,-1.));
#12611 = DIRECTION('',(-0.,-1.,0.));
#12612 = FACE_BOUND('',#12613,.F.);
#12613 = EDGE_LOOP('',(#12614));
#12614 = ORIENTED_EDGE('',*,*,#12615,.T.);
#12615 = EDGE_CURVE('',#12616,#12616,#12618,.T.);
#12616 = VERTEX_POINT('',#12617);
#12617 = CARTESIAN_POINT('',(109.5,-120.42,0.));
#12618 = CIRCLE('',#12619,0.5);
#12619 = AXIS2_PLACEMENT_3D('',#12620,#12621,#12622);
#12620 = CARTESIAN_POINT('',(109.5,-119.92,0.));
#12621 = DIRECTION('',(-0.,0.,-1.));
#12622 = DIRECTION('',(-0.,-1.,0.));
#12623 = FACE_BOUND('',#12624,.F.);
#12624 = EDGE_LOOP('',(#12625));
#12625 = ORIENTED_EDGE('',*,*,#12626,.T.);
#12626 = EDGE_CURVE('',#12627,#12627,#12629,.T.);
#12627 = VERTEX_POINT('',#12628);
#12628 = CARTESIAN_POINT('',(105.5,-112.9,0.));
#12629 = CIRCLE('',#12630,0.4);
#12630 = AXIS2_PLACEMENT_3D('',#12631,#12632,#12633);
#12631 = CARTESIAN_POINT('',(105.5,-112.5,0.));
#12632 = DIRECTION('',(-0.,0.,-1.));
#12633 = DIRECTION('',(-0.,-1.,0.));
#12634 = FACE_BOUND('',#12635,.F.);
#12635 = EDGE_LOOP('',(#12636));
#12636 = ORIENTED_EDGE('',*,*,#12637,.T.);
#12637 = EDGE_CURVE('',#12638,#12638,#12640,.T.);
#12638 = VERTEX_POINT('',#12639);
#12639 = CARTESIAN_POINT('',(109.5,-117.88,0.));
#12640 = CIRCLE('',#12641,0.5);
#12641 = AXIS2_PLACEMENT_3D('',#12642,#12643,#12644);
#12642 = CARTESIAN_POINT('',(109.5,-117.38,0.));
#12643 = DIRECTION('',(-0.,0.,-1.));
#12644 = DIRECTION('',(-0.,-1.,0.));
#12645 = FACE_BOUND('',#12646,.F.);
#12646 = EDGE_LOOP('',(#12647));
#12647 = ORIENTED_EDGE('',*,*,#12648,.T.);
#12648 = EDGE_CURVE('',#12649,#12649,#12651,.T.);
#12649 = VERTEX_POINT('',#12650);
#12650 = CARTESIAN_POINT('',(109.5,-115.34,0.));
#12651 = CIRCLE('',#12652,0.5);
#12652 = AXIS2_PLACEMENT_3D('',#12653,#12654,#12655);
#12653 = CARTESIAN_POINT('',(109.5,-114.84,0.));
#12654 = DIRECTION('',(-0.,0.,-1.));
#12655 = DIRECTION('',(-0.,-1.,0.));
#12656 = FACE_BOUND('',#12657,.F.);
#12657 = EDGE_LOOP('',(#12658));
#12658 = ORIENTED_EDGE('',*,*,#12659,.T.);
#12659 = EDGE_CURVE('',#12660,#12660,#12662,.T.);
#12660 = VERTEX_POINT('',#12661);
#12661 = CARTESIAN_POINT('',(128.38,-141.82,0.));
#12662 = CIRCLE('',#12663,0.42);
#12663 = AXIS2_PLACEMENT_3D('',#12664,#12665,#12666);
#12664 = CARTESIAN_POINT('',(128.38,-141.4,0.));
#12665 = DIRECTION('',(-0.,0.,-1.));
#12666 = DIRECTION('',(-0.,-1.,0.));
#12667 = FACE_BOUND('',#12668,.F.);
#12668 = EDGE_LOOP('',(#12669));
#12669 = ORIENTED_EDGE('',*,*,#12670,.T.);
#12670 = EDGE_CURVE('',#12671,#12671,#12673,.T.);
#12671 = VERTEX_POINT('',#12672);
#12672 = CARTESIAN_POINT('',(128.38,-139.28,0.));
#12673 = CIRCLE('',#12674,0.42);
#12674 = AXIS2_PLACEMENT_3D('',#12675,#12676,#12677);
#12675 = CARTESIAN_POINT('',(128.38,-138.86,0.));
#12676 = DIRECTION('',(-0.,0.,-1.));
#12677 = DIRECTION('',(-0.,-1.,0.));
#12678 = FACE_BOUND('',#12679,.F.);
#12679 = EDGE_LOOP('',(#12680));
#12680 = ORIENTED_EDGE('',*,*,#12681,.T.);
#12681 = EDGE_CURVE('',#12682,#12682,#12684,.T.);
#12682 = VERTEX_POINT('',#12683);
#12683 = CARTESIAN_POINT('',(128.38,-136.74,0.));
#12684 = CIRCLE('',#12685,0.42);
#12685 = AXIS2_PLACEMENT_3D('',#12686,#12687,#12688);
#12686 = CARTESIAN_POINT('',(128.38,-136.32,0.));
#12687 = DIRECTION('',(-0.,0.,-1.));
#12688 = DIRECTION('',(-0.,-1.,0.));
#12689 = FACE_BOUND('',#12690,.F.);
#12690 = EDGE_LOOP('',(#12691));
#12691 = ORIENTED_EDGE('',*,*,#12692,.T.);
#12692 = EDGE_CURVE('',#12693,#12693,#12695,.T.);
#12693 = VERTEX_POINT('',#12694);
#12694 = CARTESIAN_POINT('',(124.62,-134.4,0.));
#12695 = CIRCLE('',#12696,0.4);
#12696 = AXIS2_PLACEMENT_3D('',#12697,#12698,#12699);
#12697 = CARTESIAN_POINT('',(124.62,-134.,0.));
#12698 = DIRECTION('',(-0.,0.,-1.));
#12699 = DIRECTION('',(-0.,-1.,0.));
#12700 = FACE_BOUND('',#12701,.F.);
#12701 = EDGE_LOOP('',(#12702));
#12702 = ORIENTED_EDGE('',*,*,#12703,.T.);
#12703 = EDGE_CURVE('',#12704,#12704,#12706,.T.);
#12704 = VERTEX_POINT('',#12705);
#12705 = CARTESIAN_POINT('',(128.38,-134.2,0.));
#12706 = CIRCLE('',#12707,0.42);
#12707 = AXIS2_PLACEMENT_3D('',#12708,#12709,#12710);
#12708 = CARTESIAN_POINT('',(128.38,-133.78,0.));
#12709 = DIRECTION('',(-0.,0.,-1.));
#12710 = DIRECTION('',(-0.,-1.,0.));
#12711 = FACE_BOUND('',#12712,.F.);
#12712 = EDGE_LOOP('',(#12713));
#12713 = ORIENTED_EDGE('',*,*,#12714,.T.);
#12714 = EDGE_CURVE('',#12715,#12715,#12717,.T.);
#12715 = VERTEX_POINT('',#12716);
#12716 = CARTESIAN_POINT('',(128.38,-131.66,0.));
#12717 = CIRCLE('',#12718,0.42);
#12718 = AXIS2_PLACEMENT_3D('',#12719,#12720,#12721);
#12719 = CARTESIAN_POINT('',(128.38,-131.24,0.));
#12720 = DIRECTION('',(-0.,0.,-1.));
#12721 = DIRECTION('',(-0.,-1.,0.));
#12722 = FACE_BOUND('',#12723,.F.);
#12723 = EDGE_LOOP('',(#12724));
#12724 = ORIENTED_EDGE('',*,*,#12725,.T.);
#12725 = EDGE_CURVE('',#12726,#12726,#12728,.T.);
#12726 = VERTEX_POINT('',#12727);
#12727 = CARTESIAN_POINT('',(128.38,-129.12,0.));
#12728 = CIRCLE('',#12729,0.42);
#12729 = AXIS2_PLACEMENT_3D('',#12730,#12731,#12732);
#12730 = CARTESIAN_POINT('',(128.38,-128.7,0.));
#12731 = DIRECTION('',(-0.,0.,-1.));
#12732 = DIRECTION('',(-0.,-1.,0.));
#12733 = FACE_BOUND('',#12734,.F.);
#12734 = EDGE_LOOP('',(#12735));
#12735 = ORIENTED_EDGE('',*,*,#12736,.T.);
#12736 = EDGE_CURVE('',#12737,#12737,#12739,.T.);
#12737 = VERTEX_POINT('',#12738);
#12738 = CARTESIAN_POINT('',(128.38,-126.58,0.));
#12739 = CIRCLE('',#12740,0.42);
#12740 = AXIS2_PLACEMENT_3D('',#12741,#12742,#12743);
#12741 = CARTESIAN_POINT('',(128.38,-126.16,0.));
#12742 = DIRECTION('',(-0.,0.,-1.));
#12743 = DIRECTION('',(-0.,-1.,0.));
#12744 = FACE_BOUND('',#12745,.F.);
#12745 = EDGE_LOOP('',(#12746));
#12746 = ORIENTED_EDGE('',*,*,#12747,.T.);
#12747 = EDGE_CURVE('',#12748,#12748,#12750,.T.);
#12748 = VERTEX_POINT('',#12749);
#12749 = CARTESIAN_POINT('',(128.38,-124.04,0.));
#12750 = CIRCLE('',#12751,0.42);
#12751 = AXIS2_PLACEMENT_3D('',#12752,#12753,#12754);
#12752 = CARTESIAN_POINT('',(128.38,-123.62,0.));
#12753 = DIRECTION('',(-0.,0.,-1.));
#12754 = DIRECTION('',(-0.,-1.,0.));
#12755 = FACE_BOUND('',#12756,.F.);
#12756 = EDGE_LOOP('',(#12757));
#12757 = ORIENTED_EDGE('',*,*,#12758,.T.);
#12758 = EDGE_CURVE('',#12759,#12759,#12761,.T.);
#12759 = VERTEX_POINT('',#12760);
#12760 = CARTESIAN_POINT('',(143.62,-141.82,0.));
#12761 = CIRCLE('',#12762,0.42);
#12762 = AXIS2_PLACEMENT_3D('',#12763,#12764,#12765);
#12763 = CARTESIAN_POINT('',(143.62,-141.4,0.));
#12764 = DIRECTION('',(-0.,0.,-1.));
#12765 = DIRECTION('',(-0.,-1.,0.));
#12766 = FACE_BOUND('',#12767,.F.);
#12767 = EDGE_LOOP('',(#12768));
#12768 = ORIENTED_EDGE('',*,*,#12769,.T.);
#12769 = EDGE_CURVE('',#12770,#12770,#12772,.T.);
#12770 = VERTEX_POINT('',#12771);
#12771 = CARTESIAN_POINT('',(143.62,-139.28,0.));
#12772 = CIRCLE('',#12773,0.42);
#12773 = AXIS2_PLACEMENT_3D('',#12774,#12775,#12776);
#12774 = CARTESIAN_POINT('',(143.62,-138.86,0.));
#12775 = DIRECTION('',(-0.,0.,-1.));
#12776 = DIRECTION('',(-0.,-1.,0.));
#12777 = FACE_BOUND('',#12778,.F.);
#12778 = EDGE_LOOP('',(#12779));
#12779 = ORIENTED_EDGE('',*,*,#12780,.T.);
#12780 = EDGE_CURVE('',#12781,#12781,#12783,.T.);
#12781 = VERTEX_POINT('',#12782);
#12782 = CARTESIAN_POINT('',(143.62,-136.74,0.));
#12783 = CIRCLE('',#12784,0.42);
#12784 = AXIS2_PLACEMENT_3D('',#12785,#12786,#12787);
#12785 = CARTESIAN_POINT('',(143.62,-136.32,0.));
#12786 = DIRECTION('',(-0.,0.,-1.));
#12787 = DIRECTION('',(-0.,-1.,0.));
#12788 = FACE_BOUND('',#12789,.F.);
#12789 = EDGE_LOOP('',(#12790));
#12790 = ORIENTED_EDGE('',*,*,#12791,.T.);
#12791 = EDGE_CURVE('',#12792,#12792,#12794,.T.);
#12792 = VERTEX_POINT('',#12793);
#12793 = CARTESIAN_POINT('',(143.62,-134.2,0.));
#12794 = CIRCLE('',#12795,0.42);
#12795 = AXIS2_PLACEMENT_3D('',#12796,#12797,#12798);
#12796 = CARTESIAN_POINT('',(143.62,-133.78,0.));
#12797 = DIRECTION('',(-0.,0.,-1.));
#12798 = DIRECTION('',(-0.,-1.,0.));
#12799 = FACE_BOUND('',#12800,.F.);
#12800 = EDGE_LOOP('',(#12801));
#12801 = ORIENTED_EDGE('',*,*,#12802,.T.);
#12802 = EDGE_CURVE('',#12803,#12803,#12805,.T.);
#12803 = VERTEX_POINT('',#12804);
#12804 = CARTESIAN_POINT('',(143.62,-131.66,0.));
#12805 = CIRCLE('',#12806,0.42);
#12806 = AXIS2_PLACEMENT_3D('',#12807,#12808,#12809);
#12807 = CARTESIAN_POINT('',(143.62,-131.24,0.));
#12808 = DIRECTION('',(-0.,0.,-1.));
#12809 = DIRECTION('',(-0.,-1.,0.));
#12810 = FACE_BOUND('',#12811,.F.);
#12811 = EDGE_LOOP('',(#12812));
#12812 = ORIENTED_EDGE('',*,*,#12813,.T.);
#12813 = EDGE_CURVE('',#12814,#12814,#12816,.T.);
#12814 = VERTEX_POINT('',#12815);
#12815 = CARTESIAN_POINT('',(143.62,-129.12,0.));
#12816 = CIRCLE('',#12817,0.42);
#12817 = AXIS2_PLACEMENT_3D('',#12818,#12819,#12820);
#12818 = CARTESIAN_POINT('',(143.62,-128.7,0.));
#12819 = DIRECTION('',(-0.,0.,-1.));
#12820 = DIRECTION('',(-0.,-1.,0.));
#12821 = FACE_BOUND('',#12822,.F.);
#12822 = EDGE_LOOP('',(#12823));
#12823 = ORIENTED_EDGE('',*,*,#12824,.T.);
#12824 = EDGE_CURVE('',#12825,#12825,#12827,.T.);
#12825 = VERTEX_POINT('',#12826);
#12826 = CARTESIAN_POINT('',(143.62,-126.58,0.));
#12827 = CIRCLE('',#12828,0.42);
#12828 = AXIS2_PLACEMENT_3D('',#12829,#12830,#12831);
#12829 = CARTESIAN_POINT('',(143.62,-126.16,0.));
#12830 = DIRECTION('',(-0.,0.,-1.));
#12831 = DIRECTION('',(-0.,-1.,0.));
#12832 = FACE_BOUND('',#12833,.F.);
#12833 = EDGE_LOOP('',(#12834));
#12834 = ORIENTED_EDGE('',*,*,#12835,.T.);
#12835 = EDGE_CURVE('',#12836,#12836,#12838,.T.);
#12836 = VERTEX_POINT('',#12837);
#12837 = CARTESIAN_POINT('',(143.62,-124.04,0.));
#12838 = CIRCLE('',#12839,0.42);
#12839 = AXIS2_PLACEMENT_3D('',#12840,#12841,#12842);
#12840 = CARTESIAN_POINT('',(143.62,-123.62,0.));
#12841 = DIRECTION('',(-0.,0.,-1.));
#12842 = DIRECTION('',(-0.,-1.,0.));
#12843 = FACE_BOUND('',#12844,.F.);
#12844 = EDGE_LOOP('',(#12845));
#12845 = ORIENTED_EDGE('',*,*,#12846,.T.);
#12846 = EDGE_CURVE('',#12847,#12847,#12849,.T.);
#12847 = VERTEX_POINT('',#12848);
#12848 = CARTESIAN_POINT('',(118.2,-112.9,0.));
#12849 = CIRCLE('',#12850,0.4);
#12850 = AXIS2_PLACEMENT_3D('',#12851,#12852,#12853);
#12851 = CARTESIAN_POINT('',(118.2,-112.5,0.));
#12852 = DIRECTION('',(-0.,0.,-1.));
#12853 = DIRECTION('',(3.5527136788E-14,-1.,-0.));
#12854 = FACE_BOUND('',#12855,.F.);
#12855 = EDGE_LOOP('',(#12856));
#12856 = ORIENTED_EDGE('',*,*,#12857,.T.);
#12857 = EDGE_CURVE('',#12858,#12858,#12860,.T.);
#12858 = VERTEX_POINT('',#12859);
#12859 = CARTESIAN_POINT('',(136.,-100.5,0.));
#12860 = CIRCLE('',#12861,0.5);
#12861 = AXIS2_PLACEMENT_3D('',#12862,#12863,#12864);
#12862 = CARTESIAN_POINT('',(136.,-100.,0.));
#12863 = DIRECTION('',(-0.,0.,-1.));
#12864 = DIRECTION('',(-0.,-1.,0.));
#12865 = FACE_BOUND('',#12866,.F.);
#12866 = EDGE_LOOP('',(#12867));
#12867 = ORIENTED_EDGE('',*,*,#12868,.T.);
#12868 = EDGE_CURVE('',#12869,#12869,#12871,.T.);
#12869 = VERTEX_POINT('',#12870);
#12870 = CARTESIAN_POINT('',(143.6,-100.5,0.));
#12871 = CIRCLE('',#12872,0.5);
#12872 = AXIS2_PLACEMENT_3D('',#12873,#12874,#12875);
#12873 = CARTESIAN_POINT('',(143.6,-100.,0.));
#12874 = DIRECTION('',(-0.,0.,-1.));
#12875 = DIRECTION('',(-0.,-1.,0.));
#12876 = FACE_BOUND('',#12877,.F.);
#12877 = EDGE_LOOP('',(#12878));
#12878 = ORIENTED_EDGE('',*,*,#12879,.T.);
#12879 = EDGE_CURVE('',#12880,#12880,#12882,.T.);
#12880 = VERTEX_POINT('',#12881);
#12881 = CARTESIAN_POINT('',(89.73,-100.03,0.));
#12882 = CIRCLE('',#12883,0.85);
#12883 = AXIS2_PLACEMENT_3D('',#12884,#12885,#12886);
#12884 = CARTESIAN_POINT('',(89.73,-99.18,0.));
#12885 = DIRECTION('',(-0.,0.,-1.));
#12886 = DIRECTION('',(1.671865260612E-14,-1.,-0.));
#12887 = FACE_BOUND('',#12888,.F.);
#12888 = EDGE_LOOP('',(#12889));
#12889 = ORIENTED_EDGE('',*,*,#12890,.T.);
#12890 = EDGE_CURVE('',#12891,#12891,#12893,.T.);
#12891 = VERTEX_POINT('',#12892);
#12892 = CARTESIAN_POINT('',(91.,-97.39,0.));
#12893 = CIRCLE('',#12894,0.75);
#12894 = AXIS2_PLACEMENT_3D('',#12895,#12896,#12897);
#12895 = CARTESIAN_POINT('',(91.,-96.64,0.));
#12896 = DIRECTION('',(-0.,0.,-1.));
#12897 = DIRECTION('',(-0.,-1.,0.));
#12898 = FACE_BOUND('',#12899,.F.);
#12899 = EDGE_LOOP('',(#12900));
#12900 = ORIENTED_EDGE('',*,*,#12901,.T.);
#12901 = EDGE_CURVE('',#12902,#12902,#12904,.T.);
#12902 = VERTEX_POINT('',#12903);
#12903 = CARTESIAN_POINT('',(94.81,-101.18,0.));
#12904 = CIRCLE('',#12905,2.);
#12905 = AXIS2_PLACEMENT_3D('',#12906,#12907,#12908);
#12906 = CARTESIAN_POINT('',(94.81,-99.18,0.));
#12907 = DIRECTION('',(-0.,0.,-1.));
#12908 = DIRECTION('',(-0.,-1.,0.));
#12909 = FACE_BOUND('',#12910,.F.);
#12910 = EDGE_LOOP('',(#12911));
#12911 = ORIENTED_EDGE('',*,*,#12912,.T.);
#12912 = EDGE_CURVE('',#12913,#12913,#12915,.T.);
#12913 = VERTEX_POINT('',#12914);
#12914 = CARTESIAN_POINT('',(97.35,-94.85,0.));
#12915 = CIRCLE('',#12916,0.75);
#12916 = AXIS2_PLACEMENT_3D('',#12917,#12918,#12919);
#12917 = CARTESIAN_POINT('',(97.35,-94.1,0.));
#12918 = DIRECTION('',(-0.,0.,-1.));
#12919 = DIRECTION('',(-0.,-1.,0.));
#12920 = FACE_BOUND('',#12921,.F.);
#12921 = EDGE_LOOP('',(#12922));
#12922 = ORIENTED_EDGE('',*,*,#12923,.T.);
#12923 = EDGE_CURVE('',#12924,#12924,#12926,.T.);
#12924 = VERTEX_POINT('',#12925);
#12925 = CARTESIAN_POINT('',(99.89,-100.03,0.));
#12926 = CIRCLE('',#12927,0.85);
#12927 = AXIS2_PLACEMENT_3D('',#12928,#12929,#12930);
#12928 = CARTESIAN_POINT('',(99.89,-99.18,0.));
#12929 = DIRECTION('',(-0.,0.,-1.));
#12930 = DIRECTION('',(-0.,-1.,0.));
#12931 = FACE_BOUND('',#12932,.F.);
#12932 = EDGE_LOOP('',(#12933));
#12933 = ORIENTED_EDGE('',*,*,#12934,.T.);
#12934 = EDGE_CURVE('',#12935,#12935,#12937,.T.);
#12935 = VERTEX_POINT('',#12936);
#12936 = CARTESIAN_POINT('',(89.73,-80.89,0.));
#12937 = CIRCLE('',#12938,0.85);
#12938 = AXIS2_PLACEMENT_3D('',#12939,#12940,#12941);
#12939 = CARTESIAN_POINT('',(89.73,-80.04,0.));
#12940 = DIRECTION('',(-0.,0.,-1.));
#12941 = DIRECTION('',(1.671865260612E-14,-1.,-0.));
#12942 = FACE_BOUND('',#12943,.F.);
#12943 = EDGE_LOOP('',(#12944));
#12944 = ORIENTED_EDGE('',*,*,#12945,.T.);
#12945 = EDGE_CURVE('',#12946,#12946,#12948,.T.);
#12946 = VERTEX_POINT('',#12947);
#12947 = CARTESIAN_POINT('',(91.,-78.25,0.));
#12948 = CIRCLE('',#12949,0.75);
#12949 = AXIS2_PLACEMENT_3D('',#12950,#12951,#12952);
#12950 = CARTESIAN_POINT('',(91.,-77.5,0.));
#12951 = DIRECTION('',(-0.,0.,-1.));
#12952 = DIRECTION('',(-0.,-1.,0.));
#12953 = FACE_BOUND('',#12954,.F.);
#12954 = EDGE_LOOP('',(#12955));
#12955 = ORIENTED_EDGE('',*,*,#12956,.T.);
#12956 = EDGE_CURVE('',#12957,#12957,#12959,.T.);
#12957 = VERTEX_POINT('',#12958);
#12958 = CARTESIAN_POINT('',(94.81,-82.04,0.));
#12959 = CIRCLE('',#12960,2.);
#12960 = AXIS2_PLACEMENT_3D('',#12961,#12962,#12963);
#12961 = CARTESIAN_POINT('',(94.81,-80.04,0.));
#12962 = DIRECTION('',(-0.,0.,-1.));
#12963 = DIRECTION('',(-0.,-1.,0.));
#12964 = FACE_BOUND('',#12965,.F.);
#12965 = EDGE_LOOP('',(#12966));
#12966 = ORIENTED_EDGE('',*,*,#12967,.T.);
#12967 = EDGE_CURVE('',#12968,#12968,#12970,.T.);
#12968 = VERTEX_POINT('',#12969);
#12969 = CARTESIAN_POINT('',(99.89,-80.89,0.));
#12970 = CIRCLE('',#12971,0.85);
#12971 = AXIS2_PLACEMENT_3D('',#12972,#12973,#12974);
#12972 = CARTESIAN_POINT('',(99.89,-80.04,0.));
#12973 = DIRECTION('',(-0.,0.,-1.));
#12974 = DIRECTION('',(-0.,-1.,0.));
#12975 = FACE_BOUND('',#12976,.F.);
#12976 = EDGE_LOOP('',(#12977));
#12977 = ORIENTED_EDGE('',*,*,#12978,.T.);
#12978 = EDGE_CURVE('',#12979,#12979,#12981,.T.);
#12979 = VERTEX_POINT('',#12980);
#12980 = CARTESIAN_POINT('',(97.35,-75.71,0.));
#12981 = CIRCLE('',#12982,0.75);
#12982 = AXIS2_PLACEMENT_3D('',#12983,#12984,#12985);
#12983 = CARTESIAN_POINT('',(97.35,-74.96,0.));
#12984 = DIRECTION('',(-0.,0.,-1.));
#12985 = DIRECTION('',(-0.,-1.,0.));
#12986 = FACE_BOUND('',#12987,.F.);
#12987 = EDGE_LOOP('',(#12988));
#12988 = ORIENTED_EDGE('',*,*,#12989,.T.);
#12989 = EDGE_CURVE('',#12990,#12990,#12992,.T.);
#12990 = VERTEX_POINT('',#12991);
#12991 = CARTESIAN_POINT('',(89.73,-61.89,0.));
#12992 = CIRCLE('',#12993,0.85);
#12993 = AXIS2_PLACEMENT_3D('',#12994,#12995,#12996);
#12994 = CARTESIAN_POINT('',(89.73,-61.04,0.));
#12995 = DIRECTION('',(-0.,0.,-1.));
#12996 = DIRECTION('',(1.671865260612E-14,-1.,-0.));
#12997 = FACE_BOUND('',#12998,.F.);
#12998 = EDGE_LOOP('',(#12999));
#12999 = ORIENTED_EDGE('',*,*,#13000,.T.);
#13000 = EDGE_CURVE('',#13001,#13001,#13003,.T.);
#13001 = VERTEX_POINT('',#13002);
#13002 = CARTESIAN_POINT('',(91.,-59.25,0.));
#13003 = CIRCLE('',#13004,0.75);
#13004 = AXIS2_PLACEMENT_3D('',#13005,#13006,#13007);
#13005 = CARTESIAN_POINT('',(91.,-58.5,0.));
#13006 = DIRECTION('',(-0.,0.,-1.));
#13007 = DIRECTION('',(-0.,-1.,0.));
#13008 = FACE_BOUND('',#13009,.F.);
#13009 = EDGE_LOOP('',(#13010));
#13010 = ORIENTED_EDGE('',*,*,#13011,.T.);
#13011 = EDGE_CURVE('',#13012,#13012,#13014,.T.);
#13012 = VERTEX_POINT('',#13013);
#13013 = CARTESIAN_POINT('',(94.81,-63.04,0.));
#13014 = CIRCLE('',#13015,2.);
#13015 = AXIS2_PLACEMENT_3D('',#13016,#13017,#13018);
#13016 = CARTESIAN_POINT('',(94.81,-61.04,0.));
#13017 = DIRECTION('',(-0.,0.,-1.));
#13018 = DIRECTION('',(-0.,-1.,0.));
#13019 = FACE_BOUND('',#13020,.F.);
#13020 = EDGE_LOOP('',(#13021));
#13021 = ORIENTED_EDGE('',*,*,#13022,.T.);
#13022 = EDGE_CURVE('',#13023,#13023,#13025,.T.);
#13023 = VERTEX_POINT('',#13024);
#13024 = CARTESIAN_POINT('',(99.89,-61.89,0.));
#13025 = CIRCLE('',#13026,0.85);
#13026 = AXIS2_PLACEMENT_3D('',#13027,#13028,#13029);
#13027 = CARTESIAN_POINT('',(99.89,-61.04,0.));
#13028 = DIRECTION('',(-0.,0.,-1.));
#13029 = DIRECTION('',(-0.,-1.,0.));
#13030 = FACE_BOUND('',#13031,.F.);
#13031 = EDGE_LOOP('',(#13032));
#13032 = ORIENTED_EDGE('',*,*,#13033,.T.);
#13033 = EDGE_CURVE('',#13034,#13034,#13036,.T.);
#13034 = VERTEX_POINT('',#13035);
#13035 = CARTESIAN_POINT('',(97.35,-56.71,0.));
#13036 = CIRCLE('',#13037,0.75);
#13037 = AXIS2_PLACEMENT_3D('',#13038,#13039,#13040);
#13038 = CARTESIAN_POINT('',(97.35,-55.96,0.));
#13039 = DIRECTION('',(-0.,0.,-1.));
#13040 = DIRECTION('',(-0.,-1.,0.));
#13041 = FACE_BOUND('',#13042,.F.);
#13042 = EDGE_LOOP('',(#13043));
#13043 = ORIENTED_EDGE('',*,*,#13044,.T.);
#13044 = EDGE_CURVE('',#13045,#13045,#13047,.T.);
#13045 = VERTEX_POINT('',#13046);
#13046 = CARTESIAN_POINT('',(109.,-75.66,0.));
#13047 = CIRCLE('',#13048,0.5);
#13048 = AXIS2_PLACEMENT_3D('',#13049,#13050,#13051);
#13049 = CARTESIAN_POINT('',(109.,-75.16,0.));
#13050 = DIRECTION('',(-0.,0.,-1.));
#13051 = DIRECTION('',(-0.,-1.,0.));
#13052 = FACE_BOUND('',#13053,.F.);
#13053 = EDGE_LOOP('',(#13054));
#13054 = ORIENTED_EDGE('',*,*,#13055,.T.);
#13055 = EDGE_CURVE('',#13056,#13056,#13058,.T.);
#13056 = VERTEX_POINT('',#13057);
#13057 = CARTESIAN_POINT('',(109.,-73.12,0.));
#13058 = CIRCLE('',#13059,0.5);
#13059 = AXIS2_PLACEMENT_3D('',#13060,#13061,#13062);
#13060 = CARTESIAN_POINT('',(109.,-72.62,0.));
#13061 = DIRECTION('',(-0.,0.,-1.));
#13062 = DIRECTION('',(-0.,-1.,0.));
#13063 = FACE_BOUND('',#13064,.F.);
#13064 = EDGE_LOOP('',(#13065));
#13065 = ORIENTED_EDGE('',*,*,#13066,.T.);
#13066 = EDGE_CURVE('',#13067,#13067,#13069,.T.);
#13067 = VERTEX_POINT('',#13068);
#13068 = CARTESIAN_POINT('',(109.,-70.58,0.));
#13069 = CIRCLE('',#13070,0.5);
#13070 = AXIS2_PLACEMENT_3D('',#13071,#13072,#13073);
#13071 = CARTESIAN_POINT('',(109.,-70.08,0.));
#13072 = DIRECTION('',(-0.,0.,-1.));
#13073 = DIRECTION('',(-0.,-1.,0.));
#13074 = FACE_BOUND('',#13075,.F.);
#13075 = EDGE_LOOP('',(#13076));
#13076 = ORIENTED_EDGE('',*,*,#13077,.T.);
#13077 = EDGE_CURVE('',#13078,#13078,#13080,.T.);
#13078 = VERTEX_POINT('',#13079);
#13079 = CARTESIAN_POINT('',(109.,-68.04,0.));
#13080 = CIRCLE('',#13081,0.5);
#13081 = AXIS2_PLACEMENT_3D('',#13082,#13083,#13084);
#13082 = CARTESIAN_POINT('',(109.,-67.54,0.));
#13083 = DIRECTION('',(-0.,0.,-1.));
#13084 = DIRECTION('',(-0.,-1.,0.));
#13085 = FACE_BOUND('',#13086,.F.);
#13086 = EDGE_LOOP('',(#13087));
#13087 = ORIENTED_EDGE('',*,*,#13088,.T.);
#13088 = EDGE_CURVE('',#13089,#13089,#13091,.T.);
#13089 = VERTEX_POINT('',#13090);
#13090 = CARTESIAN_POINT('',(109.,-65.5,0.));
#13091 = CIRCLE('',#13092,0.5);
#13092 = AXIS2_PLACEMENT_3D('',#13093,#13094,#13095);
#13093 = CARTESIAN_POINT('',(109.,-65.,0.));
#13094 = DIRECTION('',(-0.,0.,-1.));
#13095 = DIRECTION('',(-0.,-1.,0.));
#13096 = FACE_BOUND('',#13097,.F.);
#13097 = EDGE_LOOP('',(#13098));
#13098 = ORIENTED_EDGE('',*,*,#13099,.T.);
#13099 = EDGE_CURVE('',#13100,#13100,#13102,.T.);
#13100 = VERTEX_POINT('',#13101);
#13101 = CARTESIAN_POINT('',(122.42,-66.5,0.));
#13102 = CIRCLE('',#13103,0.5);
#13103 = AXIS2_PLACEMENT_3D('',#13104,#13105,#13106);
#13104 = CARTESIAN_POINT('',(122.42,-66.,0.));
#13105 = DIRECTION('',(-0.,0.,-1.));
#13106 = DIRECTION('',(-0.,-1.,0.));
#13107 = FACE_BOUND('',#13108,.F.);
#13108 = EDGE_LOOP('',(#13109));
#13109 = ORIENTED_EDGE('',*,*,#13110,.T.);
#13110 = EDGE_CURVE('',#13111,#13111,#13113,.T.);
#13111 = VERTEX_POINT('',#13112);
#13112 = CARTESIAN_POINT('',(124.96,-66.5,0.));
#13113 = CIRCLE('',#13114,0.5);
#13114 = AXIS2_PLACEMENT_3D('',#13115,#13116,#13117);
#13115 = CARTESIAN_POINT('',(124.96,-66.,0.));
#13116 = DIRECTION('',(-0.,0.,-1.));
#13117 = DIRECTION('',(-0.,-1.,0.));
#13118 = FACE_BOUND('',#13119,.F.);
#13119 = EDGE_LOOP('',(#13120));
#13120 = ORIENTED_EDGE('',*,*,#13121,.T.);
#13121 = EDGE_CURVE('',#13122,#13122,#13124,.T.);
#13122 = VERTEX_POINT('',#13123);
#13123 = CARTESIAN_POINT('',(127.5,-66.5,0.));
#13124 = CIRCLE('',#13125,0.5);
#13125 = AXIS2_PLACEMENT_3D('',#13126,#13127,#13128);
#13126 = CARTESIAN_POINT('',(127.5,-66.,0.));
#13127 = DIRECTION('',(-0.,0.,-1.));
#13128 = DIRECTION('',(-0.,-1.,0.));
#13129 = FACE_BOUND('',#13130,.F.);
#13130 = EDGE_LOOP('',(#13131));
#13131 = ORIENTED_EDGE('',*,*,#13132,.T.);
#13132 = EDGE_CURVE('',#13133,#13133,#13135,.T.);
#13133 = VERTEX_POINT('',#13134);
#13134 = CARTESIAN_POINT('',(130.04,-66.5,0.));
#13135 = CIRCLE('',#13136,0.5);
#13136 = AXIS2_PLACEMENT_3D('',#13137,#13138,#13139);
#13137 = CARTESIAN_POINT('',(130.04,-66.,0.));
#13138 = DIRECTION('',(-0.,0.,-1.));
#13139 = DIRECTION('',(-0.,-1.,0.));
#13140 = FACE_BOUND('',#13141,.F.);
#13141 = EDGE_LOOP('',(#13142));
#13142 = ORIENTED_EDGE('',*,*,#13143,.T.);
#13143 = EDGE_CURVE('',#13144,#13144,#13146,.T.);
#13144 = VERTEX_POINT('',#13145);
#13145 = CARTESIAN_POINT('',(132.58,-66.5,0.));
#13146 = CIRCLE('',#13147,0.5);
#13147 = AXIS2_PLACEMENT_3D('',#13148,#13149,#13150);
#13148 = CARTESIAN_POINT('',(132.58,-66.,0.));
#13149 = DIRECTION('',(-0.,0.,-1.));
#13150 = DIRECTION('',(-0.,-1.,0.));
#13151 = FACE_BOUND('',#13152,.F.);
#13152 = EDGE_LOOP('',(#13153));
#13153 = ORIENTED_EDGE('',*,*,#13154,.T.);
#13154 = EDGE_CURVE('',#13155,#13155,#13157,.T.);
#13155 = VERTEX_POINT('',#13156);
#13156 = CARTESIAN_POINT('',(135.12,-66.5,0.));
#13157 = CIRCLE('',#13158,0.5);
#13158 = AXIS2_PLACEMENT_3D('',#13159,#13160,#13161);
#13159 = CARTESIAN_POINT('',(135.12,-66.,0.));
#13160 = DIRECTION('',(-0.,0.,-1.));
#13161 = DIRECTION('',(-0.,-1.,0.));
#13162 = FACE_BOUND('',#13163,.F.);
#13163 = EDGE_LOOP('',(#13164));
#13164 = ORIENTED_EDGE('',*,*,#13165,.T.);
#13165 = EDGE_CURVE('',#13166,#13166,#13168,.T.);
#13166 = VERTEX_POINT('',#13167);
#13167 = CARTESIAN_POINT('',(137.66,-66.5,0.));
#13168 = CIRCLE('',#13169,0.5);
#13169 = AXIS2_PLACEMENT_3D('',#13170,#13171,#13172);
#13170 = CARTESIAN_POINT('',(137.66,-66.,0.));
#13171 = DIRECTION('',(-0.,0.,-1.));
#13172 = DIRECTION('',(-0.,-1.,0.));
#13173 = FACE_BOUND('',#13174,.F.);
#13174 = EDGE_LOOP('',(#13175));
#13175 = ORIENTED_EDGE('',*,*,#13176,.T.);
#13176 = EDGE_CURVE('',#13177,#13177,#13179,.T.);
#13177 = VERTEX_POINT('',#13178);
#13178 = CARTESIAN_POINT('',(145.5,-55.6,0.));
#13179 = CIRCLE('',#13180,1.6);
#13180 = AXIS2_PLACEMENT_3D('',#13181,#13182,#13183);
#13181 = CARTESIAN_POINT('',(145.5,-54.,0.));
#13182 = DIRECTION('',(-0.,0.,-1.));
#13183 = DIRECTION('',(-0.,-1.,0.));
#13184 = PLANE('',#13185);
#13185 = AXIS2_PLACEMENT_3D('',#13186,#13187,#13188);
#13186 = CARTESIAN_POINT('',(0.,0.,0.));
#13187 = DIRECTION('',(0.,0.,1.));
#13188 = DIRECTION('',(1.,0.,-0.));
#13189 = ADVANCED_FACE('',(#13190,#13236,#13247,#13258,#13269,#13280,
    #13291,#13302,#13313,#13324,#13335,#13346,#13357,#13368,#13379,
    #13390,#13401,#13412,#13423,#13434,#13445,#13456,#13467,#13478,
    #13489,#13500,#13511,#13522,#13533,#13544,#13555,#13566,#13577,
    #13588,#13599,#13610,#13621,#13632,#13643,#13654,#13665,#13676,
    #13687,#13698,#13709,#13720,#13731,#13742,#13753,#13764,#13775,
    #13786,#13797,#13808,#13819,#13830,#13841,#13852,#13863,#13874,
    #13885,#13896,#13907,#13918,#13929,#13940,#13951,#13962,#13973,
    #13984),#13995,.T.);
#13190 = FACE_BOUND('',#13191,.T.);
#13191 = EDGE_LOOP('',(#13192,#13193,#13194,#13203,#13211,#13220,#13228,
    #13235));
#13192 = ORIENTED_EDGE('',*,*,#12288,.F.);
#13193 = ORIENTED_EDGE('',*,*,#12330,.F.);
#13194 = ORIENTED_EDGE('',*,*,#13195,.F.);
#13195 = EDGE_CURVE('',#13196,#12323,#13198,.T.);
#13196 = VERTEX_POINT('',#13197);
#13197 = CARTESIAN_POINT('',(83.,-57.5,1.51));
#13198 = CIRCLE('',#13199,8.00000085182);
#13199 = AXIS2_PLACEMENT_3D('',#13200,#13201,#13202);
#13200 = CARTESIAN_POINT('',(91.00000085182,-57.50000085182,1.51));
#13201 = DIRECTION('',(0.,0.,-1.));
#13202 = DIRECTION('',(-1.,1.064775363303E-07,0.));
#13203 = ORIENTED_EDGE('',*,*,#13204,.F.);
#13204 = EDGE_CURVE('',#13205,#13196,#13207,.T.);
#13205 = VERTEX_POINT('',#13206);
#13206 = CARTESIAN_POINT('',(83.,-141.5,1.51));
#13207 = LINE('',#13208,#13209);
#13208 = CARTESIAN_POINT('',(83.,-141.5,1.51));
#13209 = VECTOR('',#13210,1.);
#13210 = DIRECTION('',(0.,1.,0.));
#13211 = ORIENTED_EDGE('',*,*,#13212,.F.);
#13212 = EDGE_CURVE('',#13213,#13205,#13215,.T.);
#13213 = VERTEX_POINT('',#13214);
#13214 = CARTESIAN_POINT('',(91.,-149.5,1.51));
#13215 = CIRCLE('',#13216,8.00000085182);
#13216 = AXIS2_PLACEMENT_3D('',#13217,#13218,#13219);
#13217 = CARTESIAN_POINT('',(91.00000085182,-141.4999991481,1.51));
#13218 = DIRECTION('',(0.,0.,-1.));
#13219 = DIRECTION('',(-1.064775336658E-07,-1.,-0.));
#13220 = ORIENTED_EDGE('',*,*,#13221,.F.);
#13221 = EDGE_CURVE('',#13222,#13213,#13224,.T.);
#13222 = VERTEX_POINT('',#13223);
#13223 = CARTESIAN_POINT('',(145.,-149.5,1.51));
#13224 = LINE('',#13225,#13226);
#13225 = CARTESIAN_POINT('',(145.,-149.5,1.51));
#13226 = VECTOR('',#13227,1.);
#13227 = DIRECTION('',(-1.,0.,0.));
#13228 = ORIENTED_EDGE('',*,*,#13229,.F.);
#13229 = EDGE_CURVE('',#12353,#13222,#13230,.T.);
#13230 = CIRCLE('',#13231,8.00000085182);
#13231 = AXIS2_PLACEMENT_3D('',#13232,#13233,#13234);
#13232 = CARTESIAN_POINT('',(144.99999914818,-141.4999991481,1.51));
#13233 = DIRECTION('',(0.,0.,-1.));
#13234 = DIRECTION('',(1.,-1.064775318894E-07,0.));
#13235 = ORIENTED_EDGE('',*,*,#12352,.F.);
#13236 = FACE_BOUND('',#13237,.T.);
#13237 = EDGE_LOOP('',(#13238));
#13238 = ORIENTED_EDGE('',*,*,#13239,.T.);
#13239 = EDGE_CURVE('',#13240,#13240,#13242,.T.);
#13240 = VERTEX_POINT('',#13241);
#13241 = CARTESIAN_POINT('',(92.,-147.1,1.51));
#13242 = CIRCLE('',#13243,1.6);
#13243 = AXIS2_PLACEMENT_3D('',#13244,#13245,#13246);
#13244 = CARTESIAN_POINT('',(92.,-145.5,1.51));
#13245 = DIRECTION('',(-0.,0.,-1.));
#13246 = DIRECTION('',(-0.,-1.,0.));
#13247 = FACE_BOUND('',#13248,.T.);
#13248 = EDGE_LOOP('',(#13249));
#13249 = ORIENTED_EDGE('',*,*,#13250,.T.);
#13250 = EDGE_CURVE('',#13251,#13251,#13253,.T.);
#13251 = VERTEX_POINT('',#13252);
#13252 = CARTESIAN_POINT('',(88.27,-140.12,1.51));
#13253 = CIRCLE('',#13254,0.5);
#13254 = AXIS2_PLACEMENT_3D('',#13255,#13256,#13257);
#13255 = CARTESIAN_POINT('',(88.27,-139.62,1.51));
#13256 = DIRECTION('',(-0.,0.,-1.));
#13257 = DIRECTION('',(-0.,-1.,0.));
#13258 = FACE_BOUND('',#13259,.T.);
#13259 = EDGE_LOOP('',(#13260));
#13260 = ORIENTED_EDGE('',*,*,#13261,.T.);
#13261 = EDGE_CURVE('',#13262,#13262,#13264,.T.);
#13262 = VERTEX_POINT('',#13263);
#13263 = CARTESIAN_POINT('',(88.27,-137.58,1.51));
#13264 = CIRCLE('',#13265,0.5);
#13265 = AXIS2_PLACEMENT_3D('',#13266,#13267,#13268);
#13266 = CARTESIAN_POINT('',(88.27,-137.08,1.51));
#13267 = DIRECTION('',(-0.,0.,-1.));
#13268 = DIRECTION('',(-0.,-1.,0.));
#13269 = FACE_BOUND('',#13270,.T.);
#13270 = EDGE_LOOP('',(#13271));
#13271 = ORIENTED_EDGE('',*,*,#13272,.T.);
#13272 = EDGE_CURVE('',#13273,#13273,#13275,.T.);
#13273 = VERTEX_POINT('',#13274);
#13274 = CARTESIAN_POINT('',(97.,-140.12,1.51));
#13275 = CIRCLE('',#13276,0.5);
#13276 = AXIS2_PLACEMENT_3D('',#13277,#13278,#13279);
#13277 = CARTESIAN_POINT('',(97.,-139.62,1.51));
#13278 = DIRECTION('',(-0.,0.,-1.));
#13279 = DIRECTION('',(-0.,-1.,0.));
#13280 = FACE_BOUND('',#13281,.T.);
#13281 = EDGE_LOOP('',(#13282));
#13282 = ORIENTED_EDGE('',*,*,#13283,.T.);
#13283 = EDGE_CURVE('',#13284,#13284,#13286,.T.);
#13284 = VERTEX_POINT('',#13285);
#13285 = CARTESIAN_POINT('',(97.,-137.58,1.51));
#13286 = CIRCLE('',#13287,0.5);
#13287 = AXIS2_PLACEMENT_3D('',#13288,#13289,#13290);
#13288 = CARTESIAN_POINT('',(97.,-137.08,1.51));
#13289 = DIRECTION('',(-0.,0.,-1.));
#13290 = DIRECTION('',(-0.,-1.,0.));
#13291 = FACE_BOUND('',#13292,.T.);
#13292 = EDGE_LOOP('',(#13293));
#13293 = ORIENTED_EDGE('',*,*,#13294,.T.);
#13294 = EDGE_CURVE('',#13295,#13295,#13297,.T.);
#13295 = VERTEX_POINT('',#13296);
#13296 = CARTESIAN_POINT('',(88.27,-135.04,1.51));
#13297 = CIRCLE('',#13298,0.5);
#13298 = AXIS2_PLACEMENT_3D('',#13299,#13300,#13301);
#13299 = CARTESIAN_POINT('',(88.27,-134.54,1.51));
#13300 = DIRECTION('',(-0.,0.,-1.));
#13301 = DIRECTION('',(-0.,-1.,0.));
#13302 = FACE_BOUND('',#13303,.T.);
#13303 = EDGE_LOOP('',(#13304));
#13304 = ORIENTED_EDGE('',*,*,#13305,.T.);
#13305 = EDGE_CURVE('',#13306,#13306,#13308,.T.);
#13306 = VERTEX_POINT('',#13307);
#13307 = CARTESIAN_POINT('',(88.27,-132.5,1.51));
#13308 = CIRCLE('',#13309,0.5);
#13309 = AXIS2_PLACEMENT_3D('',#13310,#13311,#13312);
#13310 = CARTESIAN_POINT('',(88.27,-132.,1.51));
#13311 = DIRECTION('',(-0.,0.,-1.));
#13312 = DIRECTION('',(-0.,-1.,0.));
#13313 = FACE_BOUND('',#13314,.T.);
#13314 = EDGE_LOOP('',(#13315));
#13315 = ORIENTED_EDGE('',*,*,#13316,.T.);
#13316 = EDGE_CURVE('',#13317,#13317,#13319,.T.);
#13317 = VERTEX_POINT('',#13318);
#13318 = CARTESIAN_POINT('',(97.,-135.04,1.51));
#13319 = CIRCLE('',#13320,0.5);
#13320 = AXIS2_PLACEMENT_3D('',#13321,#13322,#13323);
#13321 = CARTESIAN_POINT('',(97.,-134.54,1.51));
#13322 = DIRECTION('',(-0.,0.,-1.));
#13323 = DIRECTION('',(-0.,-1.,0.));
#13324 = FACE_BOUND('',#13325,.T.);
#13325 = EDGE_LOOP('',(#13326));
#13326 = ORIENTED_EDGE('',*,*,#13327,.T.);
#13327 = EDGE_CURVE('',#13328,#13328,#13330,.T.);
#13328 = VERTEX_POINT('',#13329);
#13329 = CARTESIAN_POINT('',(97.,-132.5,1.51));
#13330 = CIRCLE('',#13331,0.5);
#13331 = AXIS2_PLACEMENT_3D('',#13332,#13333,#13334);
#13332 = CARTESIAN_POINT('',(97.,-132.,1.51));
#13333 = DIRECTION('',(-0.,0.,-1.));
#13334 = DIRECTION('',(-0.,-1.,0.));
#13335 = FACE_BOUND('',#13336,.T.);
#13336 = EDGE_LOOP('',(#13337));
#13337 = ORIENTED_EDGE('',*,*,#13338,.T.);
#13338 = EDGE_CURVE('',#13339,#13339,#13341,.T.);
#13339 = VERTEX_POINT('',#13340);
#13340 = CARTESIAN_POINT('',(109.5,-125.5,1.51));
#13341 = CIRCLE('',#13342,0.5);
#13342 = AXIS2_PLACEMENT_3D('',#13343,#13344,#13345);
#13343 = CARTESIAN_POINT('',(109.5,-125.,1.51));
#13344 = DIRECTION('',(-0.,0.,-1.));
#13345 = DIRECTION('',(-0.,-1.,0.));
#13346 = FACE_BOUND('',#13347,.T.);
#13347 = EDGE_LOOP('',(#13348));
#13348 = ORIENTED_EDGE('',*,*,#13349,.T.);
#13349 = EDGE_CURVE('',#13350,#13350,#13352,.T.);
#13350 = VERTEX_POINT('',#13351);
#13351 = CARTESIAN_POINT('',(117.,-134.4,1.51));
#13352 = CIRCLE('',#13353,0.4);
#13353 = AXIS2_PLACEMENT_3D('',#13354,#13355,#13356);
#13354 = CARTESIAN_POINT('',(117.,-134.,1.51));
#13355 = DIRECTION('',(-0.,0.,-1.));
#13356 = DIRECTION('',(-0.,-1.,0.));
#13357 = FACE_BOUND('',#13358,.T.);
#13358 = EDGE_LOOP('',(#13359));
#13359 = ORIENTED_EDGE('',*,*,#13360,.T.);
#13360 = EDGE_CURVE('',#13361,#13361,#13363,.T.);
#13361 = VERTEX_POINT('',#13362);
#13362 = CARTESIAN_POINT('',(89.73,-119.39,1.51));
#13363 = CIRCLE('',#13364,0.85);
#13364 = AXIS2_PLACEMENT_3D('',#13365,#13366,#13367);
#13365 = CARTESIAN_POINT('',(89.73,-118.54,1.51));
#13366 = DIRECTION('',(-0.,0.,-1.));
#13367 = DIRECTION('',(1.671865260612E-14,-1.,-0.));
#13368 = FACE_BOUND('',#13369,.T.);
#13369 = EDGE_LOOP('',(#13370));
#13370 = ORIENTED_EDGE('',*,*,#13371,.T.);
#13371 = EDGE_CURVE('',#13372,#13372,#13374,.T.);
#13372 = VERTEX_POINT('',#13373);
#13373 = CARTESIAN_POINT('',(94.81,-120.54,1.51));
#13374 = CIRCLE('',#13375,2.);
#13375 = AXIS2_PLACEMENT_3D('',#13376,#13377,#13378);
#13376 = CARTESIAN_POINT('',(94.81,-118.54,1.51));
#13377 = DIRECTION('',(-0.,0.,-1.));
#13378 = DIRECTION('',(-0.,-1.,0.));
#13379 = FACE_BOUND('',#13380,.T.);
#13380 = EDGE_LOOP('',(#13381));
#13381 = ORIENTED_EDGE('',*,*,#13382,.T.);
#13382 = EDGE_CURVE('',#13383,#13383,#13385,.T.);
#13383 = VERTEX_POINT('',#13384);
#13384 = CARTESIAN_POINT('',(91.,-116.75,1.51));
#13385 = CIRCLE('',#13386,0.75);
#13386 = AXIS2_PLACEMENT_3D('',#13387,#13388,#13389);
#13387 = CARTESIAN_POINT('',(91.,-116.,1.51));
#13388 = DIRECTION('',(-0.,0.,-1.));
#13389 = DIRECTION('',(-0.,-1.,0.));
#13390 = FACE_BOUND('',#13391,.T.);
#13391 = EDGE_LOOP('',(#13392));
#13392 = ORIENTED_EDGE('',*,*,#13393,.T.);
#13393 = EDGE_CURVE('',#13394,#13394,#13396,.T.);
#13394 = VERTEX_POINT('',#13395);
#13395 = CARTESIAN_POINT('',(99.89,-119.39,1.51));
#13396 = CIRCLE('',#13397,0.85);
#13397 = AXIS2_PLACEMENT_3D('',#13398,#13399,#13400);
#13398 = CARTESIAN_POINT('',(99.89,-118.54,1.51));
#13399 = DIRECTION('',(-0.,0.,-1.));
#13400 = DIRECTION('',(-0.,-1.,0.));
#13401 = FACE_BOUND('',#13402,.T.);
#13402 = EDGE_LOOP('',(#13403));
#13403 = ORIENTED_EDGE('',*,*,#13404,.T.);
#13404 = EDGE_CURVE('',#13405,#13405,#13407,.T.);
#13405 = VERTEX_POINT('',#13406);
#13406 = CARTESIAN_POINT('',(97.35,-114.21,1.51));
#13407 = CIRCLE('',#13408,0.75);
#13408 = AXIS2_PLACEMENT_3D('',#13409,#13410,#13411);
#13409 = CARTESIAN_POINT('',(97.35,-113.46,1.51));
#13410 = DIRECTION('',(-0.,0.,-1.));
#13411 = DIRECTION('',(-0.,-1.,0.));
#13412 = FACE_BOUND('',#13413,.T.);
#13413 = EDGE_LOOP('',(#13414));
#13414 = ORIENTED_EDGE('',*,*,#13415,.T.);
#13415 = EDGE_CURVE('',#13416,#13416,#13418,.T.);
#13416 = VERTEX_POINT('',#13417);
#13417 = CARTESIAN_POINT('',(109.5,-122.96,1.51));
#13418 = CIRCLE('',#13419,0.5);
#13419 = AXIS2_PLACEMENT_3D('',#13420,#13421,#13422);
#13420 = CARTESIAN_POINT('',(109.5,-122.46,1.51));
#13421 = DIRECTION('',(-0.,0.,-1.));
#13422 = DIRECTION('',(-0.,-1.,0.));
#13423 = FACE_BOUND('',#13424,.T.);
#13424 = EDGE_LOOP('',(#13425));
#13425 = ORIENTED_EDGE('',*,*,#13426,.T.);
#13426 = EDGE_CURVE('',#13427,#13427,#13429,.T.);
#13427 = VERTEX_POINT('',#13428);
#13428 = CARTESIAN_POINT('',(109.5,-120.42,1.51));
#13429 = CIRCLE('',#13430,0.5);
#13430 = AXIS2_PLACEMENT_3D('',#13431,#13432,#13433);
#13431 = CARTESIAN_POINT('',(109.5,-119.92,1.51));
#13432 = DIRECTION('',(-0.,0.,-1.));
#13433 = DIRECTION('',(-0.,-1.,0.));
#13434 = FACE_BOUND('',#13435,.T.);
#13435 = EDGE_LOOP('',(#13436));
#13436 = ORIENTED_EDGE('',*,*,#13437,.T.);
#13437 = EDGE_CURVE('',#13438,#13438,#13440,.T.);
#13438 = VERTEX_POINT('',#13439);
#13439 = CARTESIAN_POINT('',(105.5,-112.9,1.51));
#13440 = CIRCLE('',#13441,0.4);
#13441 = AXIS2_PLACEMENT_3D('',#13442,#13443,#13444);
#13442 = CARTESIAN_POINT('',(105.5,-112.5,1.51));
#13443 = DIRECTION('',(-0.,0.,-1.));
#13444 = DIRECTION('',(-0.,-1.,0.));
#13445 = FACE_BOUND('',#13446,.T.);
#13446 = EDGE_LOOP('',(#13447));
#13447 = ORIENTED_EDGE('',*,*,#13448,.T.);
#13448 = EDGE_CURVE('',#13449,#13449,#13451,.T.);
#13449 = VERTEX_POINT('',#13450);
#13450 = CARTESIAN_POINT('',(109.5,-117.88,1.51));
#13451 = CIRCLE('',#13452,0.5);
#13452 = AXIS2_PLACEMENT_3D('',#13453,#13454,#13455);
#13453 = CARTESIAN_POINT('',(109.5,-117.38,1.51));
#13454 = DIRECTION('',(-0.,0.,-1.));
#13455 = DIRECTION('',(-0.,-1.,0.));
#13456 = FACE_BOUND('',#13457,.T.);
#13457 = EDGE_LOOP('',(#13458));
#13458 = ORIENTED_EDGE('',*,*,#13459,.T.);
#13459 = EDGE_CURVE('',#13460,#13460,#13462,.T.);
#13460 = VERTEX_POINT('',#13461);
#13461 = CARTESIAN_POINT('',(109.5,-115.34,1.51));
#13462 = CIRCLE('',#13463,0.5);
#13463 = AXIS2_PLACEMENT_3D('',#13464,#13465,#13466);
#13464 = CARTESIAN_POINT('',(109.5,-114.84,1.51));
#13465 = DIRECTION('',(-0.,0.,-1.));
#13466 = DIRECTION('',(-0.,-1.,0.));
#13467 = FACE_BOUND('',#13468,.T.);
#13468 = EDGE_LOOP('',(#13469));
#13469 = ORIENTED_EDGE('',*,*,#13470,.T.);
#13470 = EDGE_CURVE('',#13471,#13471,#13473,.T.);
#13471 = VERTEX_POINT('',#13472);
#13472 = CARTESIAN_POINT('',(128.38,-141.82,1.51));
#13473 = CIRCLE('',#13474,0.42);
#13474 = AXIS2_PLACEMENT_3D('',#13475,#13476,#13477);
#13475 = CARTESIAN_POINT('',(128.38,-141.4,1.51));
#13476 = DIRECTION('',(-0.,0.,-1.));
#13477 = DIRECTION('',(-0.,-1.,0.));
#13478 = FACE_BOUND('',#13479,.T.);
#13479 = EDGE_LOOP('',(#13480));
#13480 = ORIENTED_EDGE('',*,*,#13481,.T.);
#13481 = EDGE_CURVE('',#13482,#13482,#13484,.T.);
#13482 = VERTEX_POINT('',#13483);
#13483 = CARTESIAN_POINT('',(128.38,-139.28,1.51));
#13484 = CIRCLE('',#13485,0.42);
#13485 = AXIS2_PLACEMENT_3D('',#13486,#13487,#13488);
#13486 = CARTESIAN_POINT('',(128.38,-138.86,1.51));
#13487 = DIRECTION('',(-0.,0.,-1.));
#13488 = DIRECTION('',(-0.,-1.,0.));
#13489 = FACE_BOUND('',#13490,.T.);
#13490 = EDGE_LOOP('',(#13491));
#13491 = ORIENTED_EDGE('',*,*,#13492,.T.);
#13492 = EDGE_CURVE('',#13493,#13493,#13495,.T.);
#13493 = VERTEX_POINT('',#13494);
#13494 = CARTESIAN_POINT('',(128.38,-136.74,1.51));
#13495 = CIRCLE('',#13496,0.42);
#13496 = AXIS2_PLACEMENT_3D('',#13497,#13498,#13499);
#13497 = CARTESIAN_POINT('',(128.38,-136.32,1.51));
#13498 = DIRECTION('',(-0.,0.,-1.));
#13499 = DIRECTION('',(-0.,-1.,0.));
#13500 = FACE_BOUND('',#13501,.T.);
#13501 = EDGE_LOOP('',(#13502));
#13502 = ORIENTED_EDGE('',*,*,#13503,.T.);
#13503 = EDGE_CURVE('',#13504,#13504,#13506,.T.);
#13504 = VERTEX_POINT('',#13505);
#13505 = CARTESIAN_POINT('',(124.62,-134.4,1.51));
#13506 = CIRCLE('',#13507,0.4);
#13507 = AXIS2_PLACEMENT_3D('',#13508,#13509,#13510);
#13508 = CARTESIAN_POINT('',(124.62,-134.,1.51));
#13509 = DIRECTION('',(-0.,0.,-1.));
#13510 = DIRECTION('',(-0.,-1.,0.));
#13511 = FACE_BOUND('',#13512,.T.);
#13512 = EDGE_LOOP('',(#13513));
#13513 = ORIENTED_EDGE('',*,*,#13514,.T.);
#13514 = EDGE_CURVE('',#13515,#13515,#13517,.T.);
#13515 = VERTEX_POINT('',#13516);
#13516 = CARTESIAN_POINT('',(128.38,-134.2,1.51));
#13517 = CIRCLE('',#13518,0.42);
#13518 = AXIS2_PLACEMENT_3D('',#13519,#13520,#13521);
#13519 = CARTESIAN_POINT('',(128.38,-133.78,1.51));
#13520 = DIRECTION('',(-0.,0.,-1.));
#13521 = DIRECTION('',(-0.,-1.,0.));
#13522 = FACE_BOUND('',#13523,.T.);
#13523 = EDGE_LOOP('',(#13524));
#13524 = ORIENTED_EDGE('',*,*,#13525,.T.);
#13525 = EDGE_CURVE('',#13526,#13526,#13528,.T.);
#13526 = VERTEX_POINT('',#13527);
#13527 = CARTESIAN_POINT('',(128.38,-131.66,1.51));
#13528 = CIRCLE('',#13529,0.42);
#13529 = AXIS2_PLACEMENT_3D('',#13530,#13531,#13532);
#13530 = CARTESIAN_POINT('',(128.38,-131.24,1.51));
#13531 = DIRECTION('',(-0.,0.,-1.));
#13532 = DIRECTION('',(-0.,-1.,0.));
#13533 = FACE_BOUND('',#13534,.T.);
#13534 = EDGE_LOOP('',(#13535));
#13535 = ORIENTED_EDGE('',*,*,#13536,.T.);
#13536 = EDGE_CURVE('',#13537,#13537,#13539,.T.);
#13537 = VERTEX_POINT('',#13538);
#13538 = CARTESIAN_POINT('',(128.38,-129.12,1.51));
#13539 = CIRCLE('',#13540,0.42);
#13540 = AXIS2_PLACEMENT_3D('',#13541,#13542,#13543);
#13541 = CARTESIAN_POINT('',(128.38,-128.7,1.51));
#13542 = DIRECTION('',(-0.,0.,-1.));
#13543 = DIRECTION('',(-0.,-1.,0.));
#13544 = FACE_BOUND('',#13545,.T.);
#13545 = EDGE_LOOP('',(#13546));
#13546 = ORIENTED_EDGE('',*,*,#13547,.T.);
#13547 = EDGE_CURVE('',#13548,#13548,#13550,.T.);
#13548 = VERTEX_POINT('',#13549);
#13549 = CARTESIAN_POINT('',(128.38,-126.58,1.51));
#13550 = CIRCLE('',#13551,0.42);
#13551 = AXIS2_PLACEMENT_3D('',#13552,#13553,#13554);
#13552 = CARTESIAN_POINT('',(128.38,-126.16,1.51));
#13553 = DIRECTION('',(-0.,0.,-1.));
#13554 = DIRECTION('',(-0.,-1.,0.));
#13555 = FACE_BOUND('',#13556,.T.);
#13556 = EDGE_LOOP('',(#13557));
#13557 = ORIENTED_EDGE('',*,*,#13558,.T.);
#13558 = EDGE_CURVE('',#13559,#13559,#13561,.T.);
#13559 = VERTEX_POINT('',#13560);
#13560 = CARTESIAN_POINT('',(128.38,-124.04,1.51));
#13561 = CIRCLE('',#13562,0.42);
#13562 = AXIS2_PLACEMENT_3D('',#13563,#13564,#13565);
#13563 = CARTESIAN_POINT('',(128.38,-123.62,1.51));
#13564 = DIRECTION('',(-0.,0.,-1.));
#13565 = DIRECTION('',(-0.,-1.,0.));
#13566 = FACE_BOUND('',#13567,.T.);
#13567 = EDGE_LOOP('',(#13568));
#13568 = ORIENTED_EDGE('',*,*,#13569,.T.);
#13569 = EDGE_CURVE('',#13570,#13570,#13572,.T.);
#13570 = VERTEX_POINT('',#13571);
#13571 = CARTESIAN_POINT('',(143.62,-141.82,1.51));
#13572 = CIRCLE('',#13573,0.42);
#13573 = AXIS2_PLACEMENT_3D('',#13574,#13575,#13576);
#13574 = CARTESIAN_POINT('',(143.62,-141.4,1.51));
#13575 = DIRECTION('',(-0.,0.,-1.));
#13576 = DIRECTION('',(-0.,-1.,0.));
#13577 = FACE_BOUND('',#13578,.T.);
#13578 = EDGE_LOOP('',(#13579));
#13579 = ORIENTED_EDGE('',*,*,#13580,.T.);
#13580 = EDGE_CURVE('',#13581,#13581,#13583,.T.);
#13581 = VERTEX_POINT('',#13582);
#13582 = CARTESIAN_POINT('',(143.62,-139.28,1.51));
#13583 = CIRCLE('',#13584,0.42);
#13584 = AXIS2_PLACEMENT_3D('',#13585,#13586,#13587);
#13585 = CARTESIAN_POINT('',(143.62,-138.86,1.51));
#13586 = DIRECTION('',(-0.,0.,-1.));
#13587 = DIRECTION('',(-0.,-1.,0.));
#13588 = FACE_BOUND('',#13589,.T.);
#13589 = EDGE_LOOP('',(#13590));
#13590 = ORIENTED_EDGE('',*,*,#13591,.T.);
#13591 = EDGE_CURVE('',#13592,#13592,#13594,.T.);
#13592 = VERTEX_POINT('',#13593);
#13593 = CARTESIAN_POINT('',(143.62,-136.74,1.51));
#13594 = CIRCLE('',#13595,0.42);
#13595 = AXIS2_PLACEMENT_3D('',#13596,#13597,#13598);
#13596 = CARTESIAN_POINT('',(143.62,-136.32,1.51));
#13597 = DIRECTION('',(-0.,0.,-1.));
#13598 = DIRECTION('',(-0.,-1.,0.));
#13599 = FACE_BOUND('',#13600,.T.);
#13600 = EDGE_LOOP('',(#13601));
#13601 = ORIENTED_EDGE('',*,*,#13602,.T.);
#13602 = EDGE_CURVE('',#13603,#13603,#13605,.T.);
#13603 = VERTEX_POINT('',#13604);
#13604 = CARTESIAN_POINT('',(143.62,-134.2,1.51));
#13605 = CIRCLE('',#13606,0.42);
#13606 = AXIS2_PLACEMENT_3D('',#13607,#13608,#13609);
#13607 = CARTESIAN_POINT('',(143.62,-133.78,1.51));
#13608 = DIRECTION('',(-0.,0.,-1.));
#13609 = DIRECTION('',(-0.,-1.,0.));
#13610 = FACE_BOUND('',#13611,.T.);
#13611 = EDGE_LOOP('',(#13612));
#13612 = ORIENTED_EDGE('',*,*,#13613,.T.);
#13613 = EDGE_CURVE('',#13614,#13614,#13616,.T.);
#13614 = VERTEX_POINT('',#13615);
#13615 = CARTESIAN_POINT('',(143.62,-131.66,1.51));
#13616 = CIRCLE('',#13617,0.42);
#13617 = AXIS2_PLACEMENT_3D('',#13618,#13619,#13620);
#13618 = CARTESIAN_POINT('',(143.62,-131.24,1.51));
#13619 = DIRECTION('',(-0.,0.,-1.));
#13620 = DIRECTION('',(-0.,-1.,0.));
#13621 = FACE_BOUND('',#13622,.T.);
#13622 = EDGE_LOOP('',(#13623));
#13623 = ORIENTED_EDGE('',*,*,#13624,.T.);
#13624 = EDGE_CURVE('',#13625,#13625,#13627,.T.);
#13625 = VERTEX_POINT('',#13626);
#13626 = CARTESIAN_POINT('',(143.62,-129.12,1.51));
#13627 = CIRCLE('',#13628,0.42);
#13628 = AXIS2_PLACEMENT_3D('',#13629,#13630,#13631);
#13629 = CARTESIAN_POINT('',(143.62,-128.7,1.51));
#13630 = DIRECTION('',(-0.,0.,-1.));
#13631 = DIRECTION('',(-0.,-1.,0.));
#13632 = FACE_BOUND('',#13633,.T.);
#13633 = EDGE_LOOP('',(#13634));
#13634 = ORIENTED_EDGE('',*,*,#13635,.T.);
#13635 = EDGE_CURVE('',#13636,#13636,#13638,.T.);
#13636 = VERTEX_POINT('',#13637);
#13637 = CARTESIAN_POINT('',(143.62,-126.58,1.51));
#13638 = CIRCLE('',#13639,0.42);
#13639 = AXIS2_PLACEMENT_3D('',#13640,#13641,#13642);
#13640 = CARTESIAN_POINT('',(143.62,-126.16,1.51));
#13641 = DIRECTION('',(-0.,0.,-1.));
#13642 = DIRECTION('',(-0.,-1.,0.));
#13643 = FACE_BOUND('',#13644,.T.);
#13644 = EDGE_LOOP('',(#13645));
#13645 = ORIENTED_EDGE('',*,*,#13646,.T.);
#13646 = EDGE_CURVE('',#13647,#13647,#13649,.T.);
#13647 = VERTEX_POINT('',#13648);
#13648 = CARTESIAN_POINT('',(143.62,-124.04,1.51));
#13649 = CIRCLE('',#13650,0.42);
#13650 = AXIS2_PLACEMENT_3D('',#13651,#13652,#13653);
#13651 = CARTESIAN_POINT('',(143.62,-123.62,1.51));
#13652 = DIRECTION('',(-0.,0.,-1.));
#13653 = DIRECTION('',(-0.,-1.,0.));
#13654 = FACE_BOUND('',#13655,.T.);
#13655 = EDGE_LOOP('',(#13656));
#13656 = ORIENTED_EDGE('',*,*,#13657,.T.);
#13657 = EDGE_CURVE('',#13658,#13658,#13660,.T.);
#13658 = VERTEX_POINT('',#13659);
#13659 = CARTESIAN_POINT('',(118.2,-112.9,1.51));
#13660 = CIRCLE('',#13661,0.4);
#13661 = AXIS2_PLACEMENT_3D('',#13662,#13663,#13664);
#13662 = CARTESIAN_POINT('',(118.2,-112.5,1.51));
#13663 = DIRECTION('',(-0.,0.,-1.));
#13664 = DIRECTION('',(3.5527136788E-14,-1.,-0.));
#13665 = FACE_BOUND('',#13666,.T.);
#13666 = EDGE_LOOP('',(#13667));
#13667 = ORIENTED_EDGE('',*,*,#13668,.T.);
#13668 = EDGE_CURVE('',#13669,#13669,#13671,.T.);
#13669 = VERTEX_POINT('',#13670);
#13670 = CARTESIAN_POINT('',(136.,-100.5,1.51));
#13671 = CIRCLE('',#13672,0.5);
#13672 = AXIS2_PLACEMENT_3D('',#13673,#13674,#13675);
#13673 = CARTESIAN_POINT('',(136.,-100.,1.51));
#13674 = DIRECTION('',(-0.,0.,-1.));
#13675 = DIRECTION('',(-0.,-1.,0.));
#13676 = FACE_BOUND('',#13677,.T.);
#13677 = EDGE_LOOP('',(#13678));
#13678 = ORIENTED_EDGE('',*,*,#13679,.T.);
#13679 = EDGE_CURVE('',#13680,#13680,#13682,.T.);
#13680 = VERTEX_POINT('',#13681);
#13681 = CARTESIAN_POINT('',(143.6,-100.5,1.51));
#13682 = CIRCLE('',#13683,0.5);
#13683 = AXIS2_PLACEMENT_3D('',#13684,#13685,#13686);
#13684 = CARTESIAN_POINT('',(143.6,-100.,1.51));
#13685 = DIRECTION('',(-0.,0.,-1.));
#13686 = DIRECTION('',(-0.,-1.,0.));
#13687 = FACE_BOUND('',#13688,.T.);
#13688 = EDGE_LOOP('',(#13689));
#13689 = ORIENTED_EDGE('',*,*,#13690,.T.);
#13690 = EDGE_CURVE('',#13691,#13691,#13693,.T.);
#13691 = VERTEX_POINT('',#13692);
#13692 = CARTESIAN_POINT('',(89.73,-100.03,1.51));
#13693 = CIRCLE('',#13694,0.85);
#13694 = AXIS2_PLACEMENT_3D('',#13695,#13696,#13697);
#13695 = CARTESIAN_POINT('',(89.73,-99.18,1.51));
#13696 = DIRECTION('',(-0.,0.,-1.));
#13697 = DIRECTION('',(1.671865260612E-14,-1.,-0.));
#13698 = FACE_BOUND('',#13699,.T.);
#13699 = EDGE_LOOP('',(#13700));
#13700 = ORIENTED_EDGE('',*,*,#13701,.T.);
#13701 = EDGE_CURVE('',#13702,#13702,#13704,.T.);
#13702 = VERTEX_POINT('',#13703);
#13703 = CARTESIAN_POINT('',(91.,-97.39,1.51));
#13704 = CIRCLE('',#13705,0.75);
#13705 = AXIS2_PLACEMENT_3D('',#13706,#13707,#13708);
#13706 = CARTESIAN_POINT('',(91.,-96.64,1.51));
#13707 = DIRECTION('',(-0.,0.,-1.));
#13708 = DIRECTION('',(-0.,-1.,0.));
#13709 = FACE_BOUND('',#13710,.T.);
#13710 = EDGE_LOOP('',(#13711));
#13711 = ORIENTED_EDGE('',*,*,#13712,.T.);
#13712 = EDGE_CURVE('',#13713,#13713,#13715,.T.);
#13713 = VERTEX_POINT('',#13714);
#13714 = CARTESIAN_POINT('',(94.81,-101.18,1.51));
#13715 = CIRCLE('',#13716,2.);
#13716 = AXIS2_PLACEMENT_3D('',#13717,#13718,#13719);
#13717 = CARTESIAN_POINT('',(94.81,-99.18,1.51));
#13718 = DIRECTION('',(-0.,0.,-1.));
#13719 = DIRECTION('',(-0.,-1.,0.));
#13720 = FACE_BOUND('',#13721,.T.);
#13721 = EDGE_LOOP('',(#13722));
#13722 = ORIENTED_EDGE('',*,*,#13723,.T.);
#13723 = EDGE_CURVE('',#13724,#13724,#13726,.T.);
#13724 = VERTEX_POINT('',#13725);
#13725 = CARTESIAN_POINT('',(97.35,-94.85,1.51));
#13726 = CIRCLE('',#13727,0.75);
#13727 = AXIS2_PLACEMENT_3D('',#13728,#13729,#13730);
#13728 = CARTESIAN_POINT('',(97.35,-94.1,1.51));
#13729 = DIRECTION('',(-0.,0.,-1.));
#13730 = DIRECTION('',(-0.,-1.,0.));
#13731 = FACE_BOUND('',#13732,.T.);
#13732 = EDGE_LOOP('',(#13733));
#13733 = ORIENTED_EDGE('',*,*,#13734,.T.);
#13734 = EDGE_CURVE('',#13735,#13735,#13737,.T.);
#13735 = VERTEX_POINT('',#13736);
#13736 = CARTESIAN_POINT('',(99.89,-100.03,1.51));
#13737 = CIRCLE('',#13738,0.85);
#13738 = AXIS2_PLACEMENT_3D('',#13739,#13740,#13741);
#13739 = CARTESIAN_POINT('',(99.89,-99.18,1.51));
#13740 = DIRECTION('',(-0.,0.,-1.));
#13741 = DIRECTION('',(-0.,-1.,0.));
#13742 = FACE_BOUND('',#13743,.T.);
#13743 = EDGE_LOOP('',(#13744));
#13744 = ORIENTED_EDGE('',*,*,#13745,.T.);
#13745 = EDGE_CURVE('',#13746,#13746,#13748,.T.);
#13746 = VERTEX_POINT('',#13747);
#13747 = CARTESIAN_POINT('',(89.73,-80.89,1.51));
#13748 = CIRCLE('',#13749,0.85);
#13749 = AXIS2_PLACEMENT_3D('',#13750,#13751,#13752);
#13750 = CARTESIAN_POINT('',(89.73,-80.04,1.51));
#13751 = DIRECTION('',(-0.,0.,-1.));
#13752 = DIRECTION('',(1.671865260612E-14,-1.,-0.));
#13753 = FACE_BOUND('',#13754,.T.);
#13754 = EDGE_LOOP('',(#13755));
#13755 = ORIENTED_EDGE('',*,*,#13756,.T.);
#13756 = EDGE_CURVE('',#13757,#13757,#13759,.T.);
#13757 = VERTEX_POINT('',#13758);
#13758 = CARTESIAN_POINT('',(91.,-78.25,1.51));
#13759 = CIRCLE('',#13760,0.75);
#13760 = AXIS2_PLACEMENT_3D('',#13761,#13762,#13763);
#13761 = CARTESIAN_POINT('',(91.,-77.5,1.51));
#13762 = DIRECTION('',(-0.,0.,-1.));
#13763 = DIRECTION('',(-0.,-1.,0.));
#13764 = FACE_BOUND('',#13765,.T.);
#13765 = EDGE_LOOP('',(#13766));
#13766 = ORIENTED_EDGE('',*,*,#13767,.T.);
#13767 = EDGE_CURVE('',#13768,#13768,#13770,.T.);
#13768 = VERTEX_POINT('',#13769);
#13769 = CARTESIAN_POINT('',(94.81,-82.04,1.51));
#13770 = CIRCLE('',#13771,2.);
#13771 = AXIS2_PLACEMENT_3D('',#13772,#13773,#13774);
#13772 = CARTESIAN_POINT('',(94.81,-80.04,1.51));
#13773 = DIRECTION('',(-0.,0.,-1.));
#13774 = DIRECTION('',(-0.,-1.,0.));
#13775 = FACE_BOUND('',#13776,.T.);
#13776 = EDGE_LOOP('',(#13777));
#13777 = ORIENTED_EDGE('',*,*,#13778,.T.);
#13778 = EDGE_CURVE('',#13779,#13779,#13781,.T.);
#13779 = VERTEX_POINT('',#13780);
#13780 = CARTESIAN_POINT('',(99.89,-80.89,1.51));
#13781 = CIRCLE('',#13782,0.85);
#13782 = AXIS2_PLACEMENT_3D('',#13783,#13784,#13785);
#13783 = CARTESIAN_POINT('',(99.89,-80.04,1.51));
#13784 = DIRECTION('',(-0.,0.,-1.));
#13785 = DIRECTION('',(-0.,-1.,0.));
#13786 = FACE_BOUND('',#13787,.T.);
#13787 = EDGE_LOOP('',(#13788));
#13788 = ORIENTED_EDGE('',*,*,#13789,.T.);
#13789 = EDGE_CURVE('',#13790,#13790,#13792,.T.);
#13790 = VERTEX_POINT('',#13791);
#13791 = CARTESIAN_POINT('',(97.35,-75.71,1.51));
#13792 = CIRCLE('',#13793,0.75);
#13793 = AXIS2_PLACEMENT_3D('',#13794,#13795,#13796);
#13794 = CARTESIAN_POINT('',(97.35,-74.96,1.51));
#13795 = DIRECTION('',(-0.,0.,-1.));
#13796 = DIRECTION('',(-0.,-1.,0.));
#13797 = FACE_BOUND('',#13798,.T.);
#13798 = EDGE_LOOP('',(#13799));
#13799 = ORIENTED_EDGE('',*,*,#13800,.T.);
#13800 = EDGE_CURVE('',#13801,#13801,#13803,.T.);
#13801 = VERTEX_POINT('',#13802);
#13802 = CARTESIAN_POINT('',(89.73,-61.89,1.51));
#13803 = CIRCLE('',#13804,0.85);
#13804 = AXIS2_PLACEMENT_3D('',#13805,#13806,#13807);
#13805 = CARTESIAN_POINT('',(89.73,-61.04,1.51));
#13806 = DIRECTION('',(-0.,0.,-1.));
#13807 = DIRECTION('',(1.671865260612E-14,-1.,-0.));
#13808 = FACE_BOUND('',#13809,.T.);
#13809 = EDGE_LOOP('',(#13810));
#13810 = ORIENTED_EDGE('',*,*,#13811,.T.);
#13811 = EDGE_CURVE('',#13812,#13812,#13814,.T.);
#13812 = VERTEX_POINT('',#13813);
#13813 = CARTESIAN_POINT('',(91.,-59.25,1.51));
#13814 = CIRCLE('',#13815,0.75);
#13815 = AXIS2_PLACEMENT_3D('',#13816,#13817,#13818);
#13816 = CARTESIAN_POINT('',(91.,-58.5,1.51));
#13817 = DIRECTION('',(-0.,0.,-1.));
#13818 = DIRECTION('',(-0.,-1.,0.));
#13819 = FACE_BOUND('',#13820,.T.);
#13820 = EDGE_LOOP('',(#13821));
#13821 = ORIENTED_EDGE('',*,*,#13822,.T.);
#13822 = EDGE_CURVE('',#13823,#13823,#13825,.T.);
#13823 = VERTEX_POINT('',#13824);
#13824 = CARTESIAN_POINT('',(94.81,-63.04,1.51));
#13825 = CIRCLE('',#13826,2.);
#13826 = AXIS2_PLACEMENT_3D('',#13827,#13828,#13829);
#13827 = CARTESIAN_POINT('',(94.81,-61.04,1.51));
#13828 = DIRECTION('',(-0.,0.,-1.));
#13829 = DIRECTION('',(-0.,-1.,0.));
#13830 = FACE_BOUND('',#13831,.T.);
#13831 = EDGE_LOOP('',(#13832));
#13832 = ORIENTED_EDGE('',*,*,#13833,.T.);
#13833 = EDGE_CURVE('',#13834,#13834,#13836,.T.);
#13834 = VERTEX_POINT('',#13835);
#13835 = CARTESIAN_POINT('',(99.89,-61.89,1.51));
#13836 = CIRCLE('',#13837,0.85);
#13837 = AXIS2_PLACEMENT_3D('',#13838,#13839,#13840);
#13838 = CARTESIAN_POINT('',(99.89,-61.04,1.51));
#13839 = DIRECTION('',(-0.,0.,-1.));
#13840 = DIRECTION('',(-0.,-1.,0.));
#13841 = FACE_BOUND('',#13842,.T.);
#13842 = EDGE_LOOP('',(#13843));
#13843 = ORIENTED_EDGE('',*,*,#13844,.T.);
#13844 = EDGE_CURVE('',#13845,#13845,#13847,.T.);
#13845 = VERTEX_POINT('',#13846);
#13846 = CARTESIAN_POINT('',(97.35,-56.71,1.51));
#13847 = CIRCLE('',#13848,0.75);
#13848 = AXIS2_PLACEMENT_3D('',#13849,#13850,#13851);
#13849 = CARTESIAN_POINT('',(97.35,-55.96,1.51));
#13850 = DIRECTION('',(-0.,0.,-1.));
#13851 = DIRECTION('',(-0.,-1.,0.));
#13852 = FACE_BOUND('',#13853,.T.);
#13853 = EDGE_LOOP('',(#13854));
#13854 = ORIENTED_EDGE('',*,*,#13855,.T.);
#13855 = EDGE_CURVE('',#13856,#13856,#13858,.T.);
#13856 = VERTEX_POINT('',#13857);
#13857 = CARTESIAN_POINT('',(109.,-75.66,1.51));
#13858 = CIRCLE('',#13859,0.5);
#13859 = AXIS2_PLACEMENT_3D('',#13860,#13861,#13862);
#13860 = CARTESIAN_POINT('',(109.,-75.16,1.51));
#13861 = DIRECTION('',(-0.,0.,-1.));
#13862 = DIRECTION('',(-0.,-1.,0.));
#13863 = FACE_BOUND('',#13864,.T.);
#13864 = EDGE_LOOP('',(#13865));
#13865 = ORIENTED_EDGE('',*,*,#13866,.T.);
#13866 = EDGE_CURVE('',#13867,#13867,#13869,.T.);
#13867 = VERTEX_POINT('',#13868);
#13868 = CARTESIAN_POINT('',(109.,-73.12,1.51));
#13869 = CIRCLE('',#13870,0.5);
#13870 = AXIS2_PLACEMENT_3D('',#13871,#13872,#13873);
#13871 = CARTESIAN_POINT('',(109.,-72.62,1.51));
#13872 = DIRECTION('',(-0.,0.,-1.));
#13873 = DIRECTION('',(-0.,-1.,0.));
#13874 = FACE_BOUND('',#13875,.T.);
#13875 = EDGE_LOOP('',(#13876));
#13876 = ORIENTED_EDGE('',*,*,#13877,.T.);
#13877 = EDGE_CURVE('',#13878,#13878,#13880,.T.);
#13878 = VERTEX_POINT('',#13879);
#13879 = CARTESIAN_POINT('',(109.,-70.58,1.51));
#13880 = CIRCLE('',#13881,0.5);
#13881 = AXIS2_PLACEMENT_3D('',#13882,#13883,#13884);
#13882 = CARTESIAN_POINT('',(109.,-70.08,1.51));
#13883 = DIRECTION('',(-0.,0.,-1.));
#13884 = DIRECTION('',(-0.,-1.,0.));
#13885 = FACE_BOUND('',#13886,.T.);
#13886 = EDGE_LOOP('',(#13887));
#13887 = ORIENTED_EDGE('',*,*,#13888,.T.);
#13888 = EDGE_CURVE('',#13889,#13889,#13891,.T.);
#13889 = VERTEX_POINT('',#13890);
#13890 = CARTESIAN_POINT('',(109.,-68.04,1.51));
#13891 = CIRCLE('',#13892,0.5);
#13892 = AXIS2_PLACEMENT_3D('',#13893,#13894,#13895);
#13893 = CARTESIAN_POINT('',(109.,-67.54,1.51));
#13894 = DIRECTION('',(-0.,0.,-1.));
#13895 = DIRECTION('',(-0.,-1.,0.));
#13896 = FACE_BOUND('',#13897,.T.);
#13897 = EDGE_LOOP('',(#13898));
#13898 = ORIENTED_EDGE('',*,*,#13899,.T.);
#13899 = EDGE_CURVE('',#13900,#13900,#13902,.T.);
#13900 = VERTEX_POINT('',#13901);
#13901 = CARTESIAN_POINT('',(109.,-65.5,1.51));
#13902 = CIRCLE('',#13903,0.5);
#13903 = AXIS2_PLACEMENT_3D('',#13904,#13905,#13906);
#13904 = CARTESIAN_POINT('',(109.,-65.,1.51));
#13905 = DIRECTION('',(-0.,0.,-1.));
#13906 = DIRECTION('',(-0.,-1.,0.));
#13907 = FACE_BOUND('',#13908,.T.);
#13908 = EDGE_LOOP('',(#13909));
#13909 = ORIENTED_EDGE('',*,*,#13910,.T.);
#13910 = EDGE_CURVE('',#13911,#13911,#13913,.T.);
#13911 = VERTEX_POINT('',#13912);
#13912 = CARTESIAN_POINT('',(122.42,-66.5,1.51));
#13913 = CIRCLE('',#13914,0.5);
#13914 = AXIS2_PLACEMENT_3D('',#13915,#13916,#13917);
#13915 = CARTESIAN_POINT('',(122.42,-66.,1.51));
#13916 = DIRECTION('',(-0.,0.,-1.));
#13917 = DIRECTION('',(-0.,-1.,0.));
#13918 = FACE_BOUND('',#13919,.T.);
#13919 = EDGE_LOOP('',(#13920));
#13920 = ORIENTED_EDGE('',*,*,#13921,.T.);
#13921 = EDGE_CURVE('',#13922,#13922,#13924,.T.);
#13922 = VERTEX_POINT('',#13923);
#13923 = CARTESIAN_POINT('',(124.96,-66.5,1.51));
#13924 = CIRCLE('',#13925,0.5);
#13925 = AXIS2_PLACEMENT_3D('',#13926,#13927,#13928);
#13926 = CARTESIAN_POINT('',(124.96,-66.,1.51));
#13927 = DIRECTION('',(-0.,0.,-1.));
#13928 = DIRECTION('',(-0.,-1.,0.));
#13929 = FACE_BOUND('',#13930,.T.);
#13930 = EDGE_LOOP('',(#13931));
#13931 = ORIENTED_EDGE('',*,*,#13932,.T.);
#13932 = EDGE_CURVE('',#13933,#13933,#13935,.T.);
#13933 = VERTEX_POINT('',#13934);
#13934 = CARTESIAN_POINT('',(127.5,-66.5,1.51));
#13935 = CIRCLE('',#13936,0.5);
#13936 = AXIS2_PLACEMENT_3D('',#13937,#13938,#13939);
#13937 = CARTESIAN_POINT('',(127.5,-66.,1.51));
#13938 = DIRECTION('',(-0.,0.,-1.));
#13939 = DIRECTION('',(-0.,-1.,0.));
#13940 = FACE_BOUND('',#13941,.T.);
#13941 = EDGE_LOOP('',(#13942));
#13942 = ORIENTED_EDGE('',*,*,#13943,.T.);
#13943 = EDGE_CURVE('',#13944,#13944,#13946,.T.);
#13944 = VERTEX_POINT('',#13945);
#13945 = CARTESIAN_POINT('',(130.04,-66.5,1.51));
#13946 = CIRCLE('',#13947,0.5);
#13947 = AXIS2_PLACEMENT_3D('',#13948,#13949,#13950);
#13948 = CARTESIAN_POINT('',(130.04,-66.,1.51));
#13949 = DIRECTION('',(-0.,0.,-1.));
#13950 = DIRECTION('',(-0.,-1.,0.));
#13951 = FACE_BOUND('',#13952,.T.);
#13952 = EDGE_LOOP('',(#13953));
#13953 = ORIENTED_EDGE('',*,*,#13954,.T.);
#13954 = EDGE_CURVE('',#13955,#13955,#13957,.T.);
#13955 = VERTEX_POINT('',#13956);
#13956 = CARTESIAN_POINT('',(132.58,-66.5,1.51));
#13957 = CIRCLE('',#13958,0.5);
#13958 = AXIS2_PLACEMENT_3D('',#13959,#13960,#13961);
#13959 = CARTESIAN_POINT('',(132.58,-66.,1.51));
#13960 = DIRECTION('',(-0.,0.,-1.));
#13961 = DIRECTION('',(-0.,-1.,0.));
#13962 = FACE_BOUND('',#13963,.T.);
#13963 = EDGE_LOOP('',(#13964));
#13964 = ORIENTED_EDGE('',*,*,#13965,.T.);
#13965 = EDGE_CURVE('',#13966,#13966,#13968,.T.);
#13966 = VERTEX_POINT('',#13967);
#13967 = CARTESIAN_POINT('',(135.12,-66.5,1.51));
#13968 = CIRCLE('',#13969,0.5);
#13969 = AXIS2_PLACEMENT_3D('',#13970,#13971,#13972);
#13970 = CARTESIAN_POINT('',(135.12,-66.,1.51));
#13971 = DIRECTION('',(-0.,0.,-1.));
#13972 = DIRECTION('',(-0.,-1.,0.));
#13973 = FACE_BOUND('',#13974,.T.);
#13974 = EDGE_LOOP('',(#13975));
#13975 = ORIENTED_EDGE('',*,*,#13976,.T.);
#13976 = EDGE_CURVE('',#13977,#13977,#13979,.T.);
#13977 = VERTEX_POINT('',#13978);
#13978 = CARTESIAN_POINT('',(137.66,-66.5,1.51));
#13979 = CIRCLE('',#13980,0.5);
#13980 = AXIS2_PLACEMENT_3D('',#13981,#13982,#13983);
#13981 = CARTESIAN_POINT('',(137.66,-66.,1.51));
#13982 = DIRECTION('',(-0.,0.,-1.));
#13983 = DIRECTION('',(-0.,-1.,0.));
#13984 = FACE_BOUND('',#13985,.T.);
#13985 = EDGE_LOOP('',(#13986));
#13986 = ORIENTED_EDGE('',*,*,#13987,.T.);
#13987 = EDGE_CURVE('',#13988,#13988,#13990,.T.);
#13988 = VERTEX_POINT('',#13989);
#13989 = CARTESIAN_POINT('',(145.5,-55.6,1.51));
#13990 = CIRCLE('',#13991,1.6);
#13991 = AXIS2_PLACEMENT_3D('',#13992,#13993,#13994);
#13992 = CARTESIAN_POINT('',(145.5,-54.,1.51));
#13993 = DIRECTION('',(-0.,0.,-1.));
#13994 = DIRECTION('',(-0.,-1.,0.));
#13995 = PLANE('',#13996);
#13996 = AXIS2_PLACEMENT_3D('',#13997,#13998,#13999);
#13997 = CARTESIAN_POINT('',(0.,0.,1.51));
#13998 = DIRECTION('',(0.,0.,1.));
#13999 = DIRECTION('',(1.,0.,-0.));
#14000 = ADVANCED_FACE('',(#14001),#14012,.T.);
#14001 = FACE_BOUND('',#14002,.T.);
#14002 = EDGE_LOOP('',(#14003,#14009,#14010,#14011));
#14003 = ORIENTED_EDGE('',*,*,#14004,.T.);
#14004 = EDGE_CURVE('',#12385,#13196,#14005,.T.);
#14005 = LINE('',#14006,#14007);
#14006 = CARTESIAN_POINT('',(83.,-57.5,0.));
#14007 = VECTOR('',#14008,1.);
#14008 = DIRECTION('',(0.,0.,1.));
#14009 = ORIENTED_EDGE('',*,*,#13195,.T.);
#14010 = ORIENTED_EDGE('',*,*,#12320,.F.);
#14011 = ORIENTED_EDGE('',*,*,#12384,.F.);
#14012 = CYLINDRICAL_SURFACE('',#14013,8.00000085182);
#14013 = AXIS2_PLACEMENT_3D('',#14014,#14015,#14016);
#14014 = CARTESIAN_POINT('',(91.00000085182,-57.50000085182,0.));
#14015 = DIRECTION('',(0.,0.,-1.));
#14016 = DIRECTION('',(-1.,1.064775363303E-07,0.));
#14017 = ADVANCED_FACE('',(#14018),#14029,.T.);
#14018 = FACE_BOUND('',#14019,.T.);
#14019 = EDGE_LOOP('',(#14020,#14021,#14022,#14028));
#14020 = ORIENTED_EDGE('',*,*,#12360,.T.);
#14021 = ORIENTED_EDGE('',*,*,#13229,.T.);
#14022 = ORIENTED_EDGE('',*,*,#14023,.F.);
#14023 = EDGE_CURVE('',#12411,#13222,#14024,.T.);
#14024 = LINE('',#14025,#14026);
#14025 = CARTESIAN_POINT('',(145.,-149.5,0.));
#14026 = VECTOR('',#14027,1.);
#14027 = DIRECTION('',(0.,0.,1.));
#14028 = ORIENTED_EDGE('',*,*,#12418,.F.);
#14029 = CYLINDRICAL_SURFACE('',#14030,8.00000085182);
#14030 = AXIS2_PLACEMENT_3D('',#14031,#14032,#14033);
#14031 = CARTESIAN_POINT('',(144.99999914818,-141.4999991481,0.));
#14032 = DIRECTION('',(0.,0.,-1.));
#14033 = DIRECTION('',(1.,-1.064775318894E-07,0.));
#14034 = ADVANCED_FACE('',(#14035),#14046,.T.);
#14035 = FACE_BOUND('',#14036,.T.);
#14036 = EDGE_LOOP('',(#14037,#14043,#14044,#14045));
#14037 = ORIENTED_EDGE('',*,*,#14038,.T.);
#14038 = EDGE_CURVE('',#12394,#13205,#14039,.T.);
#14039 = LINE('',#14040,#14041);
#14040 = CARTESIAN_POINT('',(83.,-141.5,0.));
#14041 = VECTOR('',#14042,1.);
#14042 = DIRECTION('',(0.,0.,1.));
#14043 = ORIENTED_EDGE('',*,*,#13204,.T.);
#14044 = ORIENTED_EDGE('',*,*,#14004,.F.);
#14045 = ORIENTED_EDGE('',*,*,#12393,.F.);
#14046 = PLANE('',#14047);
#14047 = AXIS2_PLACEMENT_3D('',#14048,#14049,#14050);
#14048 = CARTESIAN_POINT('',(83.,-141.5,0.));
#14049 = DIRECTION('',(-1.,0.,0.));
#14050 = DIRECTION('',(0.,1.,0.));
#14051 = ADVANCED_FACE('',(#14052),#14063,.T.);
#14052 = FACE_BOUND('',#14053,.T.);
#14053 = EDGE_LOOP('',(#14054,#14055,#14056,#14062));
#14054 = ORIENTED_EDGE('',*,*,#14023,.T.);
#14055 = ORIENTED_EDGE('',*,*,#13221,.T.);
#14056 = ORIENTED_EDGE('',*,*,#14057,.F.);
#14057 = EDGE_CURVE('',#12402,#13213,#14058,.T.);
#14058 = LINE('',#14059,#14060);
#14059 = CARTESIAN_POINT('',(91.,-149.5,0.));
#14060 = VECTOR('',#14061,1.);
#14061 = DIRECTION('',(0.,0.,1.));
#14062 = ORIENTED_EDGE('',*,*,#12410,.F.);
#14063 = PLANE('',#14064);
#14064 = AXIS2_PLACEMENT_3D('',#14065,#14066,#14067);
#14065 = CARTESIAN_POINT('',(145.,-149.5,0.));
#14066 = DIRECTION('',(0.,-1.,0.));
#14067 = DIRECTION('',(-1.,0.,0.));
#14068 = ADVANCED_FACE('',(#14069),#14075,.T.);
#14069 = FACE_BOUND('',#14070,.T.);
#14070 = EDGE_LOOP('',(#14071,#14072,#14073,#14074));
#14071 = ORIENTED_EDGE('',*,*,#14057,.T.);
#14072 = ORIENTED_EDGE('',*,*,#13212,.T.);
#14073 = ORIENTED_EDGE('',*,*,#14038,.F.);
#14074 = ORIENTED_EDGE('',*,*,#12401,.F.);
#14075 = CYLINDRICAL_SURFACE('',#14076,8.00000085182);
#14076 = AXIS2_PLACEMENT_3D('',#14077,#14078,#14079);
#14077 = CARTESIAN_POINT('',(91.00000085182,-141.4999991481,0.));
#14078 = DIRECTION('',(0.,0.,-1.));
#14079 = DIRECTION('',(-1.064775336658E-07,-1.,-0.));
#14080 = ADVANCED_FACE('',(#14081),#14092,.F.);
#14081 = FACE_BOUND('',#14082,.T.);
#14082 = EDGE_LOOP('',(#14083,#14084,#14090,#14091));
#14083 = ORIENTED_EDGE('',*,*,#12428,.T.);
#14084 = ORIENTED_EDGE('',*,*,#14085,.T.);
#14085 = EDGE_CURVE('',#12429,#13240,#14086,.T.);
#14086 = LINE('',#14087,#14088);
#14087 = CARTESIAN_POINT('',(92.,-147.1,-4.6E-02));
#14088 = VECTOR('',#14089,1.);
#14089 = DIRECTION('',(0.,0.,1.));
#14090 = ORIENTED_EDGE('',*,*,#13239,.F.);
#14091 = ORIENTED_EDGE('',*,*,#14085,.F.);
#14092 = CYLINDRICAL_SURFACE('',#14093,1.6);
#14093 = AXIS2_PLACEMENT_3D('',#14094,#14095,#14096);
#14094 = CARTESIAN_POINT('',(92.,-145.5,-4.6E-02));
#14095 = DIRECTION('',(-0.,-0.,-1.));
#14096 = DIRECTION('',(-0.,-1.,0.));
#14097 = ADVANCED_FACE('',(#14098),#14109,.F.);
#14098 = FACE_BOUND('',#14099,.T.);
#14099 = EDGE_LOOP('',(#14100,#14101,#14107,#14108));
#14100 = ORIENTED_EDGE('',*,*,#12439,.T.);
#14101 = ORIENTED_EDGE('',*,*,#14102,.T.);
#14102 = EDGE_CURVE('',#12440,#13251,#14103,.T.);
#14103 = LINE('',#14104,#14105);
#14104 = CARTESIAN_POINT('',(88.27,-140.12,-4.6E-02));
#14105 = VECTOR('',#14106,1.);
#14106 = DIRECTION('',(0.,0.,1.));
#14107 = ORIENTED_EDGE('',*,*,#13250,.F.);
#14108 = ORIENTED_EDGE('',*,*,#14102,.F.);
#14109 = CYLINDRICAL_SURFACE('',#14110,0.5);
#14110 = AXIS2_PLACEMENT_3D('',#14111,#14112,#14113);
#14111 = CARTESIAN_POINT('',(88.27,-139.62,-4.6E-02));
#14112 = DIRECTION('',(-0.,-0.,-1.));
#14113 = DIRECTION('',(-0.,-1.,0.));
#14114 = ADVANCED_FACE('',(#14115),#14126,.F.);
#14115 = FACE_BOUND('',#14116,.T.);
#14116 = EDGE_LOOP('',(#14117,#14118,#14124,#14125));
#14117 = ORIENTED_EDGE('',*,*,#12450,.T.);
#14118 = ORIENTED_EDGE('',*,*,#14119,.T.);
#14119 = EDGE_CURVE('',#12451,#13262,#14120,.T.);
#14120 = LINE('',#14121,#14122);
#14121 = CARTESIAN_POINT('',(88.27,-137.58,-4.6E-02));
#14122 = VECTOR('',#14123,1.);
#14123 = DIRECTION('',(0.,0.,1.));
#14124 = ORIENTED_EDGE('',*,*,#13261,.F.);
#14125 = ORIENTED_EDGE('',*,*,#14119,.F.);
#14126 = CYLINDRICAL_SURFACE('',#14127,0.5);
#14127 = AXIS2_PLACEMENT_3D('',#14128,#14129,#14130);
#14128 = CARTESIAN_POINT('',(88.27,-137.08,-4.6E-02));
#14129 = DIRECTION('',(-0.,-0.,-1.));
#14130 = DIRECTION('',(-0.,-1.,0.));
#14131 = ADVANCED_FACE('',(#14132),#14143,.F.);
#14132 = FACE_BOUND('',#14133,.T.);
#14133 = EDGE_LOOP('',(#14134,#14135,#14141,#14142));
#14134 = ORIENTED_EDGE('',*,*,#12461,.T.);
#14135 = ORIENTED_EDGE('',*,*,#14136,.T.);
#14136 = EDGE_CURVE('',#12462,#13273,#14137,.T.);
#14137 = LINE('',#14138,#14139);
#14138 = CARTESIAN_POINT('',(97.,-140.12,-4.6E-02));
#14139 = VECTOR('',#14140,1.);
#14140 = DIRECTION('',(0.,0.,1.));
#14141 = ORIENTED_EDGE('',*,*,#13272,.F.);
#14142 = ORIENTED_EDGE('',*,*,#14136,.F.);
#14143 = CYLINDRICAL_SURFACE('',#14144,0.5);
#14144 = AXIS2_PLACEMENT_3D('',#14145,#14146,#14147);
#14145 = CARTESIAN_POINT('',(97.,-139.62,-4.6E-02));
#14146 = DIRECTION('',(-0.,-0.,-1.));
#14147 = DIRECTION('',(-0.,-1.,0.));
#14148 = ADVANCED_FACE('',(#14149),#14160,.F.);
#14149 = FACE_BOUND('',#14150,.T.);
#14150 = EDGE_LOOP('',(#14151,#14152,#14158,#14159));
#14151 = ORIENTED_EDGE('',*,*,#12472,.T.);
#14152 = ORIENTED_EDGE('',*,*,#14153,.T.);
#14153 = EDGE_CURVE('',#12473,#13284,#14154,.T.);
#14154 = LINE('',#14155,#14156);
#14155 = CARTESIAN_POINT('',(97.,-137.58,-4.6E-02));
#14156 = VECTOR('',#14157,1.);
#14157 = DIRECTION('',(0.,0.,1.));
#14158 = ORIENTED_EDGE('',*,*,#13283,.F.);
#14159 = ORIENTED_EDGE('',*,*,#14153,.F.);
#14160 = CYLINDRICAL_SURFACE('',#14161,0.5);
#14161 = AXIS2_PLACEMENT_3D('',#14162,#14163,#14164);
#14162 = CARTESIAN_POINT('',(97.,-137.08,-4.6E-02));
#14163 = DIRECTION('',(-0.,-0.,-1.));
#14164 = DIRECTION('',(-0.,-1.,0.));
#14165 = ADVANCED_FACE('',(#14166),#14177,.F.);
#14166 = FACE_BOUND('',#14167,.T.);
#14167 = EDGE_LOOP('',(#14168,#14169,#14175,#14176));
#14168 = ORIENTED_EDGE('',*,*,#12483,.T.);
#14169 = ORIENTED_EDGE('',*,*,#14170,.T.);
#14170 = EDGE_CURVE('',#12484,#13295,#14171,.T.);
#14171 = LINE('',#14172,#14173);
#14172 = CARTESIAN_POINT('',(88.27,-135.04,-4.6E-02));
#14173 = VECTOR('',#14174,1.);
#14174 = DIRECTION('',(0.,0.,1.));
#14175 = ORIENTED_EDGE('',*,*,#13294,.F.);
#14176 = ORIENTED_EDGE('',*,*,#14170,.F.);
#14177 = CYLINDRICAL_SURFACE('',#14178,0.5);
#14178 = AXIS2_PLACEMENT_3D('',#14179,#14180,#14181);
#14179 = CARTESIAN_POINT('',(88.27,-134.54,-4.6E-02));
#14180 = DIRECTION('',(-0.,-0.,-1.));
#14181 = DIRECTION('',(-0.,-1.,0.));
#14182 = ADVANCED_FACE('',(#14183),#14194,.F.);
#14183 = FACE_BOUND('',#14184,.T.);
#14184 = EDGE_LOOP('',(#14185,#14186,#14192,#14193));
#14185 = ORIENTED_EDGE('',*,*,#12494,.T.);
#14186 = ORIENTED_EDGE('',*,*,#14187,.T.);
#14187 = EDGE_CURVE('',#12495,#13306,#14188,.T.);
#14188 = LINE('',#14189,#14190);
#14189 = CARTESIAN_POINT('',(88.27,-132.5,-4.6E-02));
#14190 = VECTOR('',#14191,1.);
#14191 = DIRECTION('',(0.,0.,1.));
#14192 = ORIENTED_EDGE('',*,*,#13305,.F.);
#14193 = ORIENTED_EDGE('',*,*,#14187,.F.);
#14194 = CYLINDRICAL_SURFACE('',#14195,0.5);
#14195 = AXIS2_PLACEMENT_3D('',#14196,#14197,#14198);
#14196 = CARTESIAN_POINT('',(88.27,-132.,-4.6E-02));
#14197 = DIRECTION('',(-0.,-0.,-1.));
#14198 = DIRECTION('',(-0.,-1.,0.));
#14199 = ADVANCED_FACE('',(#14200),#14211,.F.);
#14200 = FACE_BOUND('',#14201,.T.);
#14201 = EDGE_LOOP('',(#14202,#14203,#14209,#14210));
#14202 = ORIENTED_EDGE('',*,*,#12505,.T.);
#14203 = ORIENTED_EDGE('',*,*,#14204,.T.);
#14204 = EDGE_CURVE('',#12506,#13317,#14205,.T.);
#14205 = LINE('',#14206,#14207);
#14206 = CARTESIAN_POINT('',(97.,-135.04,-4.6E-02));
#14207 = VECTOR('',#14208,1.);
#14208 = DIRECTION('',(0.,0.,1.));
#14209 = ORIENTED_EDGE('',*,*,#13316,.F.);
#14210 = ORIENTED_EDGE('',*,*,#14204,.F.);
#14211 = CYLINDRICAL_SURFACE('',#14212,0.5);
#14212 = AXIS2_PLACEMENT_3D('',#14213,#14214,#14215);
#14213 = CARTESIAN_POINT('',(97.,-134.54,-4.6E-02));
#14214 = DIRECTION('',(-0.,-0.,-1.));
#14215 = DIRECTION('',(-0.,-1.,0.));
#14216 = ADVANCED_FACE('',(#14217),#14228,.F.);
#14217 = FACE_BOUND('',#14218,.T.);
#14218 = EDGE_LOOP('',(#14219,#14220,#14226,#14227));
#14219 = ORIENTED_EDGE('',*,*,#12516,.T.);
#14220 = ORIENTED_EDGE('',*,*,#14221,.T.);
#14221 = EDGE_CURVE('',#12517,#13328,#14222,.T.);
#14222 = LINE('',#14223,#14224);
#14223 = CARTESIAN_POINT('',(97.,-132.5,-4.6E-02));
#14224 = VECTOR('',#14225,1.);
#14225 = DIRECTION('',(0.,0.,1.));
#14226 = ORIENTED_EDGE('',*,*,#13327,.F.);
#14227 = ORIENTED_EDGE('',*,*,#14221,.F.);
#14228 = CYLINDRICAL_SURFACE('',#14229,0.5);
#14229 = AXIS2_PLACEMENT_3D('',#14230,#14231,#14232);
#14230 = CARTESIAN_POINT('',(97.,-132.,-4.6E-02));
#14231 = DIRECTION('',(-0.,-0.,-1.));
#14232 = DIRECTION('',(-0.,-1.,0.));
#14233 = ADVANCED_FACE('',(#14234),#14245,.F.);
#14234 = FACE_BOUND('',#14235,.T.);
#14235 = EDGE_LOOP('',(#14236,#14237,#14243,#14244));
#14236 = ORIENTED_EDGE('',*,*,#12527,.T.);
#14237 = ORIENTED_EDGE('',*,*,#14238,.T.);
#14238 = EDGE_CURVE('',#12528,#13339,#14239,.T.);
#14239 = LINE('',#14240,#14241);
#14240 = CARTESIAN_POINT('',(109.5,-125.5,-4.6E-02));
#14241 = VECTOR('',#14242,1.);
#14242 = DIRECTION('',(0.,0.,1.));
#14243 = ORIENTED_EDGE('',*,*,#13338,.F.);
#14244 = ORIENTED_EDGE('',*,*,#14238,.F.);
#14245 = CYLINDRICAL_SURFACE('',#14246,0.5);
#14246 = AXIS2_PLACEMENT_3D('',#14247,#14248,#14249);
#14247 = CARTESIAN_POINT('',(109.5,-125.,-4.6E-02));
#14248 = DIRECTION('',(-0.,-0.,-1.));
#14249 = DIRECTION('',(-0.,-1.,0.));
#14250 = ADVANCED_FACE('',(#14251),#14262,.F.);
#14251 = FACE_BOUND('',#14252,.T.);
#14252 = EDGE_LOOP('',(#14253,#14254,#14260,#14261));
#14253 = ORIENTED_EDGE('',*,*,#12538,.T.);
#14254 = ORIENTED_EDGE('',*,*,#14255,.T.);
#14255 = EDGE_CURVE('',#12539,#13350,#14256,.T.);
#14256 = LINE('',#14257,#14258);
#14257 = CARTESIAN_POINT('',(117.,-134.4,-4.6E-02));
#14258 = VECTOR('',#14259,1.);
#14259 = DIRECTION('',(0.,0.,1.));
#14260 = ORIENTED_EDGE('',*,*,#13349,.F.);
#14261 = ORIENTED_EDGE('',*,*,#14255,.F.);
#14262 = CYLINDRICAL_SURFACE('',#14263,0.4);
#14263 = AXIS2_PLACEMENT_3D('',#14264,#14265,#14266);
#14264 = CARTESIAN_POINT('',(117.,-134.,-4.6E-02));
#14265 = DIRECTION('',(-0.,-0.,-1.));
#14266 = DIRECTION('',(-0.,-1.,0.));
#14267 = ADVANCED_FACE('',(#14268),#14279,.F.);
#14268 = FACE_BOUND('',#14269,.T.);
#14269 = EDGE_LOOP('',(#14270,#14271,#14277,#14278));
#14270 = ORIENTED_EDGE('',*,*,#12549,.T.);
#14271 = ORIENTED_EDGE('',*,*,#14272,.T.);
#14272 = EDGE_CURVE('',#12550,#13361,#14273,.T.);
#14273 = LINE('',#14274,#14275);
#14274 = CARTESIAN_POINT('',(89.73,-119.39,-4.6E-02));
#14275 = VECTOR('',#14276,1.);
#14276 = DIRECTION('',(0.,0.,1.));
#14277 = ORIENTED_EDGE('',*,*,#13360,.F.);
#14278 = ORIENTED_EDGE('',*,*,#14272,.F.);
#14279 = CYLINDRICAL_SURFACE('',#14280,0.85);
#14280 = AXIS2_PLACEMENT_3D('',#14281,#14282,#14283);
#14281 = CARTESIAN_POINT('',(89.73,-118.54,-4.6E-02));
#14282 = DIRECTION('',(-0.,0.,-1.));
#14283 = DIRECTION('',(1.671865260612E-14,-1.,-0.));
#14284 = ADVANCED_FACE('',(#14285),#14296,.F.);
#14285 = FACE_BOUND('',#14286,.T.);
#14286 = EDGE_LOOP('',(#14287,#14288,#14294,#14295));
#14287 = ORIENTED_EDGE('',*,*,#12560,.T.);
#14288 = ORIENTED_EDGE('',*,*,#14289,.T.);
#14289 = EDGE_CURVE('',#12561,#13372,#14290,.T.);
#14290 = LINE('',#14291,#14292);
#14291 = CARTESIAN_POINT('',(94.81,-120.54,-4.6E-02));
#14292 = VECTOR('',#14293,1.);
#14293 = DIRECTION('',(0.,0.,1.));
#14294 = ORIENTED_EDGE('',*,*,#13371,.F.);
#14295 = ORIENTED_EDGE('',*,*,#14289,.F.);
#14296 = CYLINDRICAL_SURFACE('',#14297,2.);
#14297 = AXIS2_PLACEMENT_3D('',#14298,#14299,#14300);
#14298 = CARTESIAN_POINT('',(94.81,-118.54,-4.6E-02));
#14299 = DIRECTION('',(-0.,-0.,-1.));
#14300 = DIRECTION('',(-0.,-1.,0.));
#14301 = ADVANCED_FACE('',(#14302),#14313,.F.);
#14302 = FACE_BOUND('',#14303,.T.);
#14303 = EDGE_LOOP('',(#14304,#14305,#14311,#14312));
#14304 = ORIENTED_EDGE('',*,*,#12571,.T.);
#14305 = ORIENTED_EDGE('',*,*,#14306,.T.);
#14306 = EDGE_CURVE('',#12572,#13383,#14307,.T.);
#14307 = LINE('',#14308,#14309);
#14308 = CARTESIAN_POINT('',(91.,-116.75,-4.6E-02));
#14309 = VECTOR('',#14310,1.);
#14310 = DIRECTION('',(0.,0.,1.));
#14311 = ORIENTED_EDGE('',*,*,#13382,.F.);
#14312 = ORIENTED_EDGE('',*,*,#14306,.F.);
#14313 = CYLINDRICAL_SURFACE('',#14314,0.75);
#14314 = AXIS2_PLACEMENT_3D('',#14315,#14316,#14317);
#14315 = CARTESIAN_POINT('',(91.,-116.,-4.6E-02));
#14316 = DIRECTION('',(-0.,-0.,-1.));
#14317 = DIRECTION('',(-0.,-1.,0.));
#14318 = ADVANCED_FACE('',(#14319),#14330,.F.);
#14319 = FACE_BOUND('',#14320,.T.);
#14320 = EDGE_LOOP('',(#14321,#14322,#14328,#14329));
#14321 = ORIENTED_EDGE('',*,*,#12582,.T.);
#14322 = ORIENTED_EDGE('',*,*,#14323,.T.);
#14323 = EDGE_CURVE('',#12583,#13394,#14324,.T.);
#14324 = LINE('',#14325,#14326);
#14325 = CARTESIAN_POINT('',(99.89,-119.39,-4.6E-02));
#14326 = VECTOR('',#14327,1.);
#14327 = DIRECTION('',(0.,0.,1.));
#14328 = ORIENTED_EDGE('',*,*,#13393,.F.);
#14329 = ORIENTED_EDGE('',*,*,#14323,.F.);
#14330 = CYLINDRICAL_SURFACE('',#14331,0.85);
#14331 = AXIS2_PLACEMENT_3D('',#14332,#14333,#14334);
#14332 = CARTESIAN_POINT('',(99.89,-118.54,-4.6E-02));
#14333 = DIRECTION('',(-0.,-0.,-1.));
#14334 = DIRECTION('',(-0.,-1.,0.));
#14335 = ADVANCED_FACE('',(#14336),#14347,.F.);
#14336 = FACE_BOUND('',#14337,.T.);
#14337 = EDGE_LOOP('',(#14338,#14339,#14345,#14346));
#14338 = ORIENTED_EDGE('',*,*,#12593,.T.);
#14339 = ORIENTED_EDGE('',*,*,#14340,.T.);
#14340 = EDGE_CURVE('',#12594,#13405,#14341,.T.);
#14341 = LINE('',#14342,#14343);
#14342 = CARTESIAN_POINT('',(97.35,-114.21,-4.6E-02));
#14343 = VECTOR('',#14344,1.);
#14344 = DIRECTION('',(0.,0.,1.));
#14345 = ORIENTED_EDGE('',*,*,#13404,.F.);
#14346 = ORIENTED_EDGE('',*,*,#14340,.F.);
#14347 = CYLINDRICAL_SURFACE('',#14348,0.75);
#14348 = AXIS2_PLACEMENT_3D('',#14349,#14350,#14351);
#14349 = CARTESIAN_POINT('',(97.35,-113.46,-4.6E-02));
#14350 = DIRECTION('',(-0.,-0.,-1.));
#14351 = DIRECTION('',(-0.,-1.,0.));
#14352 = ADVANCED_FACE('',(#14353),#14364,.F.);
#14353 = FACE_BOUND('',#14354,.T.);
#14354 = EDGE_LOOP('',(#14355,#14356,#14362,#14363));
#14355 = ORIENTED_EDGE('',*,*,#12604,.T.);
#14356 = ORIENTED_EDGE('',*,*,#14357,.T.);
#14357 = EDGE_CURVE('',#12605,#13416,#14358,.T.);
#14358 = LINE('',#14359,#14360);
#14359 = CARTESIAN_POINT('',(109.5,-122.96,-4.6E-02));
#14360 = VECTOR('',#14361,1.);
#14361 = DIRECTION('',(0.,0.,1.));
#14362 = ORIENTED_EDGE('',*,*,#13415,.F.);
#14363 = ORIENTED_EDGE('',*,*,#14357,.F.);
#14364 = CYLINDRICAL_SURFACE('',#14365,0.5);
#14365 = AXIS2_PLACEMENT_3D('',#14366,#14367,#14368);
#14366 = CARTESIAN_POINT('',(109.5,-122.46,-4.6E-02));
#14367 = DIRECTION('',(-0.,-0.,-1.));
#14368 = DIRECTION('',(-0.,-1.,0.));
#14369 = ADVANCED_FACE('',(#14370),#14381,.F.);
#14370 = FACE_BOUND('',#14371,.T.);
#14371 = EDGE_LOOP('',(#14372,#14373,#14379,#14380));
#14372 = ORIENTED_EDGE('',*,*,#12615,.T.);
#14373 = ORIENTED_EDGE('',*,*,#14374,.T.);
#14374 = EDGE_CURVE('',#12616,#13427,#14375,.T.);
#14375 = LINE('',#14376,#14377);
#14376 = CARTESIAN_POINT('',(109.5,-120.42,-4.6E-02));
#14377 = VECTOR('',#14378,1.);
#14378 = DIRECTION('',(0.,0.,1.));
#14379 = ORIENTED_EDGE('',*,*,#13426,.F.);
#14380 = ORIENTED_EDGE('',*,*,#14374,.F.);
#14381 = CYLINDRICAL_SURFACE('',#14382,0.5);
#14382 = AXIS2_PLACEMENT_3D('',#14383,#14384,#14385);
#14383 = CARTESIAN_POINT('',(109.5,-119.92,-4.6E-02));
#14384 = DIRECTION('',(-0.,-0.,-1.));
#14385 = DIRECTION('',(-0.,-1.,0.));
#14386 = ADVANCED_FACE('',(#14387),#14398,.F.);
#14387 = FACE_BOUND('',#14388,.T.);
#14388 = EDGE_LOOP('',(#14389,#14390,#14396,#14397));
#14389 = ORIENTED_EDGE('',*,*,#12626,.T.);
#14390 = ORIENTED_EDGE('',*,*,#14391,.T.);
#14391 = EDGE_CURVE('',#12627,#13438,#14392,.T.);
#14392 = LINE('',#14393,#14394);
#14393 = CARTESIAN_POINT('',(105.5,-112.9,-4.6E-02));
#14394 = VECTOR('',#14395,1.);
#14395 = DIRECTION('',(0.,0.,1.));
#14396 = ORIENTED_EDGE('',*,*,#13437,.F.);
#14397 = ORIENTED_EDGE('',*,*,#14391,.F.);
#14398 = CYLINDRICAL_SURFACE('',#14399,0.4);
#14399 = AXIS2_PLACEMENT_3D('',#14400,#14401,#14402);
#14400 = CARTESIAN_POINT('',(105.5,-112.5,-4.6E-02));
#14401 = DIRECTION('',(-0.,-0.,-1.));
#14402 = DIRECTION('',(-0.,-1.,0.));
#14403 = ADVANCED_FACE('',(#14404),#14415,.F.);
#14404 = FACE_BOUND('',#14405,.T.);
#14405 = EDGE_LOOP('',(#14406,#14407,#14413,#14414));
#14406 = ORIENTED_EDGE('',*,*,#12637,.T.);
#14407 = ORIENTED_EDGE('',*,*,#14408,.T.);
#14408 = EDGE_CURVE('',#12638,#13449,#14409,.T.);
#14409 = LINE('',#14410,#14411);
#14410 = CARTESIAN_POINT('',(109.5,-117.88,-4.6E-02));
#14411 = VECTOR('',#14412,1.);
#14412 = DIRECTION('',(0.,0.,1.));
#14413 = ORIENTED_EDGE('',*,*,#13448,.F.);
#14414 = ORIENTED_EDGE('',*,*,#14408,.F.);
#14415 = CYLINDRICAL_SURFACE('',#14416,0.5);
#14416 = AXIS2_PLACEMENT_3D('',#14417,#14418,#14419);
#14417 = CARTESIAN_POINT('',(109.5,-117.38,-4.6E-02));
#14418 = DIRECTION('',(-0.,-0.,-1.));
#14419 = DIRECTION('',(-0.,-1.,0.));
#14420 = ADVANCED_FACE('',(#14421),#14432,.F.);
#14421 = FACE_BOUND('',#14422,.T.);
#14422 = EDGE_LOOP('',(#14423,#14424,#14430,#14431));
#14423 = ORIENTED_EDGE('',*,*,#12648,.T.);
#14424 = ORIENTED_EDGE('',*,*,#14425,.T.);
#14425 = EDGE_CURVE('',#12649,#13460,#14426,.T.);
#14426 = LINE('',#14427,#14428);
#14427 = CARTESIAN_POINT('',(109.5,-115.34,-4.6E-02));
#14428 = VECTOR('',#14429,1.);
#14429 = DIRECTION('',(0.,0.,1.));
#14430 = ORIENTED_EDGE('',*,*,#13459,.F.);
#14431 = ORIENTED_EDGE('',*,*,#14425,.F.);
#14432 = CYLINDRICAL_SURFACE('',#14433,0.5);
#14433 = AXIS2_PLACEMENT_3D('',#14434,#14435,#14436);
#14434 = CARTESIAN_POINT('',(109.5,-114.84,-4.6E-02));
#14435 = DIRECTION('',(-0.,-0.,-1.));
#14436 = DIRECTION('',(-0.,-1.,0.));
#14437 = ADVANCED_FACE('',(#14438),#14449,.F.);
#14438 = FACE_BOUND('',#14439,.T.);
#14439 = EDGE_LOOP('',(#14440,#14441,#14447,#14448));
#14440 = ORIENTED_EDGE('',*,*,#12659,.T.);
#14441 = ORIENTED_EDGE('',*,*,#14442,.T.);
#14442 = EDGE_CURVE('',#12660,#13471,#14443,.T.);
#14443 = LINE('',#14444,#14445);
#14444 = CARTESIAN_POINT('',(128.38,-141.82,-4.6E-02));
#14445 = VECTOR('',#14446,1.);
#14446 = DIRECTION('',(0.,0.,1.));
#14447 = ORIENTED_EDGE('',*,*,#13470,.F.);
#14448 = ORIENTED_EDGE('',*,*,#14442,.F.);
#14449 = CYLINDRICAL_SURFACE('',#14450,0.42);
#14450 = AXIS2_PLACEMENT_3D('',#14451,#14452,#14453);
#14451 = CARTESIAN_POINT('',(128.38,-141.4,-4.6E-02));
#14452 = DIRECTION('',(-0.,-0.,-1.));
#14453 = DIRECTION('',(-0.,-1.,0.));
#14454 = ADVANCED_FACE('',(#14455),#14466,.F.);
#14455 = FACE_BOUND('',#14456,.T.);
#14456 = EDGE_LOOP('',(#14457,#14458,#14464,#14465));
#14457 = ORIENTED_EDGE('',*,*,#12670,.T.);
#14458 = ORIENTED_EDGE('',*,*,#14459,.T.);
#14459 = EDGE_CURVE('',#12671,#13482,#14460,.T.);
#14460 = LINE('',#14461,#14462);
#14461 = CARTESIAN_POINT('',(128.38,-139.28,-4.6E-02));
#14462 = VECTOR('',#14463,1.);
#14463 = DIRECTION('',(0.,0.,1.));
#14464 = ORIENTED_EDGE('',*,*,#13481,.F.);
#14465 = ORIENTED_EDGE('',*,*,#14459,.F.);
#14466 = CYLINDRICAL_SURFACE('',#14467,0.42);
#14467 = AXIS2_PLACEMENT_3D('',#14468,#14469,#14470);
#14468 = CARTESIAN_POINT('',(128.38,-138.86,-4.6E-02));
#14469 = DIRECTION('',(-0.,-0.,-1.));
#14470 = DIRECTION('',(-0.,-1.,0.));
#14471 = ADVANCED_FACE('',(#14472),#14483,.F.);
#14472 = FACE_BOUND('',#14473,.T.);
#14473 = EDGE_LOOP('',(#14474,#14475,#14481,#14482));
#14474 = ORIENTED_EDGE('',*,*,#12681,.T.);
#14475 = ORIENTED_EDGE('',*,*,#14476,.T.);
#14476 = EDGE_CURVE('',#12682,#13493,#14477,.T.);
#14477 = LINE('',#14478,#14479);
#14478 = CARTESIAN_POINT('',(128.38,-136.74,-4.6E-02));
#14479 = VECTOR('',#14480,1.);
#14480 = DIRECTION('',(0.,0.,1.));
#14481 = ORIENTED_EDGE('',*,*,#13492,.F.);
#14482 = ORIENTED_EDGE('',*,*,#14476,.F.);
#14483 = CYLINDRICAL_SURFACE('',#14484,0.42);
#14484 = AXIS2_PLACEMENT_3D('',#14485,#14486,#14487);
#14485 = CARTESIAN_POINT('',(128.38,-136.32,-4.6E-02));
#14486 = DIRECTION('',(-0.,-0.,-1.));
#14487 = DIRECTION('',(-0.,-1.,0.));
#14488 = ADVANCED_FACE('',(#14489),#14500,.F.);
#14489 = FACE_BOUND('',#14490,.T.);
#14490 = EDGE_LOOP('',(#14491,#14492,#14498,#14499));
#14491 = ORIENTED_EDGE('',*,*,#12692,.T.);
#14492 = ORIENTED_EDGE('',*,*,#14493,.T.);
#14493 = EDGE_CURVE('',#12693,#13504,#14494,.T.);
#14494 = LINE('',#14495,#14496);
#14495 = CARTESIAN_POINT('',(124.62,-134.4,-4.6E-02));
#14496 = VECTOR('',#14497,1.);
#14497 = DIRECTION('',(0.,0.,1.));
#14498 = ORIENTED_EDGE('',*,*,#13503,.F.);
#14499 = ORIENTED_EDGE('',*,*,#14493,.F.);
#14500 = CYLINDRICAL_SURFACE('',#14501,0.4);
#14501 = AXIS2_PLACEMENT_3D('',#14502,#14503,#14504);
#14502 = CARTESIAN_POINT('',(124.62,-134.,-4.6E-02));
#14503 = DIRECTION('',(-0.,-0.,-1.));
#14504 = DIRECTION('',(-0.,-1.,0.));
#14505 = ADVANCED_FACE('',(#14506),#14517,.F.);
#14506 = FACE_BOUND('',#14507,.T.);
#14507 = EDGE_LOOP('',(#14508,#14509,#14515,#14516));
#14508 = ORIENTED_EDGE('',*,*,#12703,.T.);
#14509 = ORIENTED_EDGE('',*,*,#14510,.T.);
#14510 = EDGE_CURVE('',#12704,#13515,#14511,.T.);
#14511 = LINE('',#14512,#14513);
#14512 = CARTESIAN_POINT('',(128.38,-134.2,-4.6E-02));
#14513 = VECTOR('',#14514,1.);
#14514 = DIRECTION('',(0.,0.,1.));
#14515 = ORIENTED_EDGE('',*,*,#13514,.F.);
#14516 = ORIENTED_EDGE('',*,*,#14510,.F.);
#14517 = CYLINDRICAL_SURFACE('',#14518,0.42);
#14518 = AXIS2_PLACEMENT_3D('',#14519,#14520,#14521);
#14519 = CARTESIAN_POINT('',(128.38,-133.78,-4.6E-02));
#14520 = DIRECTION('',(-0.,-0.,-1.));
#14521 = DIRECTION('',(-0.,-1.,0.));
#14522 = ADVANCED_FACE('',(#14523),#14534,.F.);
#14523 = FACE_BOUND('',#14524,.T.);
#14524 = EDGE_LOOP('',(#14525,#14526,#14532,#14533));
#14525 = ORIENTED_EDGE('',*,*,#12714,.T.);
#14526 = ORIENTED_EDGE('',*,*,#14527,.T.);
#14527 = EDGE_CURVE('',#12715,#13526,#14528,.T.);
#14528 = LINE('',#14529,#14530);
#14529 = CARTESIAN_POINT('',(128.38,-131.66,-4.6E-02));
#14530 = VECTOR('',#14531,1.);
#14531 = DIRECTION('',(0.,0.,1.));
#14532 = ORIENTED_EDGE('',*,*,#13525,.F.);
#14533 = ORIENTED_EDGE('',*,*,#14527,.F.);
#14534 = CYLINDRICAL_SURFACE('',#14535,0.42);
#14535 = AXIS2_PLACEMENT_3D('',#14536,#14537,#14538);
#14536 = CARTESIAN_POINT('',(128.38,-131.24,-4.6E-02));
#14537 = DIRECTION('',(-0.,-0.,-1.));
#14538 = DIRECTION('',(-0.,-1.,0.));
#14539 = ADVANCED_FACE('',(#14540),#14551,.F.);
#14540 = FACE_BOUND('',#14541,.T.);
#14541 = EDGE_LOOP('',(#14542,#14543,#14549,#14550));
#14542 = ORIENTED_EDGE('',*,*,#12725,.T.);
#14543 = ORIENTED_EDGE('',*,*,#14544,.T.);
#14544 = EDGE_CURVE('',#12726,#13537,#14545,.T.);
#14545 = LINE('',#14546,#14547);
#14546 = CARTESIAN_POINT('',(128.38,-129.12,-4.6E-02));
#14547 = VECTOR('',#14548,1.);
#14548 = DIRECTION('',(0.,0.,1.));
#14549 = ORIENTED_EDGE('',*,*,#13536,.F.);
#14550 = ORIENTED_EDGE('',*,*,#14544,.F.);
#14551 = CYLINDRICAL_SURFACE('',#14552,0.42);
#14552 = AXIS2_PLACEMENT_3D('',#14553,#14554,#14555);
#14553 = CARTESIAN_POINT('',(128.38,-128.7,-4.6E-02));
#14554 = DIRECTION('',(-0.,-0.,-1.));
#14555 = DIRECTION('',(-0.,-1.,0.));
#14556 = ADVANCED_FACE('',(#14557),#14568,.F.);
#14557 = FACE_BOUND('',#14558,.T.);
#14558 = EDGE_LOOP('',(#14559,#14560,#14566,#14567));
#14559 = ORIENTED_EDGE('',*,*,#12736,.T.);
#14560 = ORIENTED_EDGE('',*,*,#14561,.T.);
#14561 = EDGE_CURVE('',#12737,#13548,#14562,.T.);
#14562 = LINE('',#14563,#14564);
#14563 = CARTESIAN_POINT('',(128.38,-126.58,-4.6E-02));
#14564 = VECTOR('',#14565,1.);
#14565 = DIRECTION('',(0.,0.,1.));
#14566 = ORIENTED_EDGE('',*,*,#13547,.F.);
#14567 = ORIENTED_EDGE('',*,*,#14561,.F.);
#14568 = CYLINDRICAL_SURFACE('',#14569,0.42);
#14569 = AXIS2_PLACEMENT_3D('',#14570,#14571,#14572);
#14570 = CARTESIAN_POINT('',(128.38,-126.16,-4.6E-02));
#14571 = DIRECTION('',(-0.,-0.,-1.));
#14572 = DIRECTION('',(-0.,-1.,0.));
#14573 = ADVANCED_FACE('',(#14574),#14585,.F.);
#14574 = FACE_BOUND('',#14575,.T.);
#14575 = EDGE_LOOP('',(#14576,#14577,#14583,#14584));
#14576 = ORIENTED_EDGE('',*,*,#12747,.T.);
#14577 = ORIENTED_EDGE('',*,*,#14578,.T.);
#14578 = EDGE_CURVE('',#12748,#13559,#14579,.T.);
#14579 = LINE('',#14580,#14581);
#14580 = CARTESIAN_POINT('',(128.38,-124.04,-4.6E-02));
#14581 = VECTOR('',#14582,1.);
#14582 = DIRECTION('',(0.,0.,1.));
#14583 = ORIENTED_EDGE('',*,*,#13558,.F.);
#14584 = ORIENTED_EDGE('',*,*,#14578,.F.);
#14585 = CYLINDRICAL_SURFACE('',#14586,0.42);
#14586 = AXIS2_PLACEMENT_3D('',#14587,#14588,#14589);
#14587 = CARTESIAN_POINT('',(128.38,-123.62,-4.6E-02));
#14588 = DIRECTION('',(-0.,-0.,-1.));
#14589 = DIRECTION('',(-0.,-1.,0.));
#14590 = ADVANCED_FACE('',(#14591),#14602,.F.);
#14591 = FACE_BOUND('',#14592,.T.);
#14592 = EDGE_LOOP('',(#14593,#14594,#14600,#14601));
#14593 = ORIENTED_EDGE('',*,*,#12758,.T.);
#14594 = ORIENTED_EDGE('',*,*,#14595,.T.);
#14595 = EDGE_CURVE('',#12759,#13570,#14596,.T.);
#14596 = LINE('',#14597,#14598);
#14597 = CARTESIAN_POINT('',(143.62,-141.82,-4.6E-02));
#14598 = VECTOR('',#14599,1.);
#14599 = DIRECTION('',(0.,0.,1.));
#14600 = ORIENTED_EDGE('',*,*,#13569,.F.);
#14601 = ORIENTED_EDGE('',*,*,#14595,.F.);
#14602 = CYLINDRICAL_SURFACE('',#14603,0.42);
#14603 = AXIS2_PLACEMENT_3D('',#14604,#14605,#14606);
#14604 = CARTESIAN_POINT('',(143.62,-141.4,-4.6E-02));
#14605 = DIRECTION('',(-0.,-0.,-1.));
#14606 = DIRECTION('',(-0.,-1.,0.));
#14607 = ADVANCED_FACE('',(#14608),#14619,.F.);
#14608 = FACE_BOUND('',#14609,.T.);
#14609 = EDGE_LOOP('',(#14610,#14611,#14617,#14618));
#14610 = ORIENTED_EDGE('',*,*,#12769,.T.);
#14611 = ORIENTED_EDGE('',*,*,#14612,.T.);
#14612 = EDGE_CURVE('',#12770,#13581,#14613,.T.);
#14613 = LINE('',#14614,#14615);
#14614 = CARTESIAN_POINT('',(143.62,-139.28,-4.6E-02));
#14615 = VECTOR('',#14616,1.);
#14616 = DIRECTION('',(0.,0.,1.));
#14617 = ORIENTED_EDGE('',*,*,#13580,.F.);
#14618 = ORIENTED_EDGE('',*,*,#14612,.F.);
#14619 = CYLINDRICAL_SURFACE('',#14620,0.42);
#14620 = AXIS2_PLACEMENT_3D('',#14621,#14622,#14623);
#14621 = CARTESIAN_POINT('',(143.62,-138.86,-4.6E-02));
#14622 = DIRECTION('',(-0.,-0.,-1.));
#14623 = DIRECTION('',(-0.,-1.,0.));
#14624 = ADVANCED_FACE('',(#14625),#14636,.F.);
#14625 = FACE_BOUND('',#14626,.T.);
#14626 = EDGE_LOOP('',(#14627,#14628,#14634,#14635));
#14627 = ORIENTED_EDGE('',*,*,#12780,.T.);
#14628 = ORIENTED_EDGE('',*,*,#14629,.T.);
#14629 = EDGE_CURVE('',#12781,#13592,#14630,.T.);
#14630 = LINE('',#14631,#14632);
#14631 = CARTESIAN_POINT('',(143.62,-136.74,-4.6E-02));
#14632 = VECTOR('',#14633,1.);
#14633 = DIRECTION('',(0.,0.,1.));
#14634 = ORIENTED_EDGE('',*,*,#13591,.F.);
#14635 = ORIENTED_EDGE('',*,*,#14629,.F.);
#14636 = CYLINDRICAL_SURFACE('',#14637,0.42);
#14637 = AXIS2_PLACEMENT_3D('',#14638,#14639,#14640);
#14638 = CARTESIAN_POINT('',(143.62,-136.32,-4.6E-02));
#14639 = DIRECTION('',(-0.,-0.,-1.));
#14640 = DIRECTION('',(-0.,-1.,0.));
#14641 = ADVANCED_FACE('',(#14642),#14653,.F.);
#14642 = FACE_BOUND('',#14643,.T.);
#14643 = EDGE_LOOP('',(#14644,#14645,#14651,#14652));
#14644 = ORIENTED_EDGE('',*,*,#12791,.T.);
#14645 = ORIENTED_EDGE('',*,*,#14646,.T.);
#14646 = EDGE_CURVE('',#12792,#13603,#14647,.T.);
#14647 = LINE('',#14648,#14649);
#14648 = CARTESIAN_POINT('',(143.62,-134.2,-4.6E-02));
#14649 = VECTOR('',#14650,1.);
#14650 = DIRECTION('',(0.,0.,1.));
#14651 = ORIENTED_EDGE('',*,*,#13602,.F.);
#14652 = ORIENTED_EDGE('',*,*,#14646,.F.);
#14653 = CYLINDRICAL_SURFACE('',#14654,0.42);
#14654 = AXIS2_PLACEMENT_3D('',#14655,#14656,#14657);
#14655 = CARTESIAN_POINT('',(143.62,-133.78,-4.6E-02));
#14656 = DIRECTION('',(-0.,-0.,-1.));
#14657 = DIRECTION('',(-0.,-1.,0.));
#14658 = ADVANCED_FACE('',(#14659),#14670,.F.);
#14659 = FACE_BOUND('',#14660,.T.);
#14660 = EDGE_LOOP('',(#14661,#14662,#14668,#14669));
#14661 = ORIENTED_EDGE('',*,*,#12802,.T.);
#14662 = ORIENTED_EDGE('',*,*,#14663,.T.);
#14663 = EDGE_CURVE('',#12803,#13614,#14664,.T.);
#14664 = LINE('',#14665,#14666);
#14665 = CARTESIAN_POINT('',(143.62,-131.66,-4.6E-02));
#14666 = VECTOR('',#14667,1.);
#14667 = DIRECTION('',(0.,0.,1.));
#14668 = ORIENTED_EDGE('',*,*,#13613,.F.);
#14669 = ORIENTED_EDGE('',*,*,#14663,.F.);
#14670 = CYLINDRICAL_SURFACE('',#14671,0.42);
#14671 = AXIS2_PLACEMENT_3D('',#14672,#14673,#14674);
#14672 = CARTESIAN_POINT('',(143.62,-131.24,-4.6E-02));
#14673 = DIRECTION('',(-0.,-0.,-1.));
#14674 = DIRECTION('',(-0.,-1.,0.));
#14675 = ADVANCED_FACE('',(#14676),#14687,.F.);
#14676 = FACE_BOUND('',#14677,.T.);
#14677 = EDGE_LOOP('',(#14678,#14679,#14685,#14686));
#14678 = ORIENTED_EDGE('',*,*,#12813,.T.);
#14679 = ORIENTED_EDGE('',*,*,#14680,.T.);
#14680 = EDGE_CURVE('',#12814,#13625,#14681,.T.);
#14681 = LINE('',#14682,#14683);
#14682 = CARTESIAN_POINT('',(143.62,-129.12,-4.6E-02));
#14683 = VECTOR('',#14684,1.);
#14684 = DIRECTION('',(0.,0.,1.));
#14685 = ORIENTED_EDGE('',*,*,#13624,.F.);
#14686 = ORIENTED_EDGE('',*,*,#14680,.F.);
#14687 = CYLINDRICAL_SURFACE('',#14688,0.42);
#14688 = AXIS2_PLACEMENT_3D('',#14689,#14690,#14691);
#14689 = CARTESIAN_POINT('',(143.62,-128.7,-4.6E-02));
#14690 = DIRECTION('',(-0.,-0.,-1.));
#14691 = DIRECTION('',(-0.,-1.,0.));
#14692 = ADVANCED_FACE('',(#14693),#14704,.F.);
#14693 = FACE_BOUND('',#14694,.T.);
#14694 = EDGE_LOOP('',(#14695,#14696,#14702,#14703));
#14695 = ORIENTED_EDGE('',*,*,#12824,.T.);
#14696 = ORIENTED_EDGE('',*,*,#14697,.T.);
#14697 = EDGE_CURVE('',#12825,#13636,#14698,.T.);
#14698 = LINE('',#14699,#14700);
#14699 = CARTESIAN_POINT('',(143.62,-126.58,-4.6E-02));
#14700 = VECTOR('',#14701,1.);
#14701 = DIRECTION('',(0.,0.,1.));
#14702 = ORIENTED_EDGE('',*,*,#13635,.F.);
#14703 = ORIENTED_EDGE('',*,*,#14697,.F.);
#14704 = CYLINDRICAL_SURFACE('',#14705,0.42);
#14705 = AXIS2_PLACEMENT_3D('',#14706,#14707,#14708);
#14706 = CARTESIAN_POINT('',(143.62,-126.16,-4.6E-02));
#14707 = DIRECTION('',(-0.,-0.,-1.));
#14708 = DIRECTION('',(-0.,-1.,0.));
#14709 = ADVANCED_FACE('',(#14710),#14721,.F.);
#14710 = FACE_BOUND('',#14711,.T.);
#14711 = EDGE_LOOP('',(#14712,#14713,#14719,#14720));
#14712 = ORIENTED_EDGE('',*,*,#12835,.T.);
#14713 = ORIENTED_EDGE('',*,*,#14714,.T.);
#14714 = EDGE_CURVE('',#12836,#13647,#14715,.T.);
#14715 = LINE('',#14716,#14717);
#14716 = CARTESIAN_POINT('',(143.62,-124.04,-4.6E-02));
#14717 = VECTOR('',#14718,1.);
#14718 = DIRECTION('',(0.,0.,1.));
#14719 = ORIENTED_EDGE('',*,*,#13646,.F.);
#14720 = ORIENTED_EDGE('',*,*,#14714,.F.);
#14721 = CYLINDRICAL_SURFACE('',#14722,0.42);
#14722 = AXIS2_PLACEMENT_3D('',#14723,#14724,#14725);
#14723 = CARTESIAN_POINT('',(143.62,-123.62,-4.6E-02));
#14724 = DIRECTION('',(-0.,-0.,-1.));
#14725 = DIRECTION('',(-0.,-1.,0.));
#14726 = ADVANCED_FACE('',(#14727),#14738,.F.);
#14727 = FACE_BOUND('',#14728,.T.);
#14728 = EDGE_LOOP('',(#14729,#14730,#14736,#14737));
#14729 = ORIENTED_EDGE('',*,*,#12846,.T.);
#14730 = ORIENTED_EDGE('',*,*,#14731,.T.);
#14731 = EDGE_CURVE('',#12847,#13658,#14732,.T.);
#14732 = LINE('',#14733,#14734);
#14733 = CARTESIAN_POINT('',(118.2,-112.9,-4.6E-02));
#14734 = VECTOR('',#14735,1.);
#14735 = DIRECTION('',(0.,0.,1.));
#14736 = ORIENTED_EDGE('',*,*,#13657,.F.);
#14737 = ORIENTED_EDGE('',*,*,#14731,.F.);
#14738 = CYLINDRICAL_SURFACE('',#14739,0.4);
#14739 = AXIS2_PLACEMENT_3D('',#14740,#14741,#14742);
#14740 = CARTESIAN_POINT('',(118.2,-112.5,-4.6E-02));
#14741 = DIRECTION('',(-0.,0.,-1.));
#14742 = DIRECTION('',(3.5527136788E-14,-1.,-0.));
#14743 = ADVANCED_FACE('',(#14744),#14755,.F.);
#14744 = FACE_BOUND('',#14745,.T.);
#14745 = EDGE_LOOP('',(#14746,#14747,#14753,#14754));
#14746 = ORIENTED_EDGE('',*,*,#12857,.T.);
#14747 = ORIENTED_EDGE('',*,*,#14748,.T.);
#14748 = EDGE_CURVE('',#12858,#13669,#14749,.T.);
#14749 = LINE('',#14750,#14751);
#14750 = CARTESIAN_POINT('',(136.,-100.5,-4.6E-02));
#14751 = VECTOR('',#14752,1.);
#14752 = DIRECTION('',(0.,0.,1.));
#14753 = ORIENTED_EDGE('',*,*,#13668,.F.);
#14754 = ORIENTED_EDGE('',*,*,#14748,.F.);
#14755 = CYLINDRICAL_SURFACE('',#14756,0.5);
#14756 = AXIS2_PLACEMENT_3D('',#14757,#14758,#14759);
#14757 = CARTESIAN_POINT('',(136.,-100.,-4.6E-02));
#14758 = DIRECTION('',(-0.,-0.,-1.));
#14759 = DIRECTION('',(-0.,-1.,0.));
#14760 = ADVANCED_FACE('',(#14761),#14772,.F.);
#14761 = FACE_BOUND('',#14762,.T.);
#14762 = EDGE_LOOP('',(#14763,#14764,#14770,#14771));
#14763 = ORIENTED_EDGE('',*,*,#12868,.T.);
#14764 = ORIENTED_EDGE('',*,*,#14765,.T.);
#14765 = EDGE_CURVE('',#12869,#13680,#14766,.T.);
#14766 = LINE('',#14767,#14768);
#14767 = CARTESIAN_POINT('',(143.6,-100.5,-4.6E-02));
#14768 = VECTOR('',#14769,1.);
#14769 = DIRECTION('',(0.,0.,1.));
#14770 = ORIENTED_EDGE('',*,*,#13679,.F.);
#14771 = ORIENTED_EDGE('',*,*,#14765,.F.);
#14772 = CYLINDRICAL_SURFACE('',#14773,0.5);
#14773 = AXIS2_PLACEMENT_3D('',#14774,#14775,#14776);
#14774 = CARTESIAN_POINT('',(143.6,-100.,-4.6E-02));
#14775 = DIRECTION('',(-0.,-0.,-1.));
#14776 = DIRECTION('',(-0.,-1.,0.));
#14777 = ADVANCED_FACE('',(#14778),#14789,.F.);
#14778 = FACE_BOUND('',#14779,.T.);
#14779 = EDGE_LOOP('',(#14780,#14781,#14787,#14788));
#14780 = ORIENTED_EDGE('',*,*,#12879,.T.);
#14781 = ORIENTED_EDGE('',*,*,#14782,.T.);
#14782 = EDGE_CURVE('',#12880,#13691,#14783,.T.);
#14783 = LINE('',#14784,#14785);
#14784 = CARTESIAN_POINT('',(89.73,-100.03,-4.6E-02));
#14785 = VECTOR('',#14786,1.);
#14786 = DIRECTION('',(0.,0.,1.));
#14787 = ORIENTED_EDGE('',*,*,#13690,.F.);
#14788 = ORIENTED_EDGE('',*,*,#14782,.F.);
#14789 = CYLINDRICAL_SURFACE('',#14790,0.85);
#14790 = AXIS2_PLACEMENT_3D('',#14791,#14792,#14793);
#14791 = CARTESIAN_POINT('',(89.73,-99.18,-4.6E-02));
#14792 = DIRECTION('',(-0.,0.,-1.));
#14793 = DIRECTION('',(1.671865260612E-14,-1.,-0.));
#14794 = ADVANCED_FACE('',(#14795),#14806,.F.);
#14795 = FACE_BOUND('',#14796,.T.);
#14796 = EDGE_LOOP('',(#14797,#14798,#14804,#14805));
#14797 = ORIENTED_EDGE('',*,*,#12890,.T.);
#14798 = ORIENTED_EDGE('',*,*,#14799,.T.);
#14799 = EDGE_CURVE('',#12891,#13702,#14800,.T.);
#14800 = LINE('',#14801,#14802);
#14801 = CARTESIAN_POINT('',(91.,-97.39,-4.6E-02));
#14802 = VECTOR('',#14803,1.);
#14803 = DIRECTION('',(0.,0.,1.));
#14804 = ORIENTED_EDGE('',*,*,#13701,.F.);
#14805 = ORIENTED_EDGE('',*,*,#14799,.F.);
#14806 = CYLINDRICAL_SURFACE('',#14807,0.75);
#14807 = AXIS2_PLACEMENT_3D('',#14808,#14809,#14810);
#14808 = CARTESIAN_POINT('',(91.,-96.64,-4.6E-02));
#14809 = DIRECTION('',(-0.,-0.,-1.));
#14810 = DIRECTION('',(-0.,-1.,0.));
#14811 = ADVANCED_FACE('',(#14812),#14823,.F.);
#14812 = FACE_BOUND('',#14813,.T.);
#14813 = EDGE_LOOP('',(#14814,#14815,#14821,#14822));
#14814 = ORIENTED_EDGE('',*,*,#12901,.T.);
#14815 = ORIENTED_EDGE('',*,*,#14816,.T.);
#14816 = EDGE_CURVE('',#12902,#13713,#14817,.T.);
#14817 = LINE('',#14818,#14819);
#14818 = CARTESIAN_POINT('',(94.81,-101.18,-4.6E-02));
#14819 = VECTOR('',#14820,1.);
#14820 = DIRECTION('',(0.,0.,1.));
#14821 = ORIENTED_EDGE('',*,*,#13712,.F.);
#14822 = ORIENTED_EDGE('',*,*,#14816,.F.);
#14823 = CYLINDRICAL_SURFACE('',#14824,2.);
#14824 = AXIS2_PLACEMENT_3D('',#14825,#14826,#14827);
#14825 = CARTESIAN_POINT('',(94.81,-99.18,-4.6E-02));
#14826 = DIRECTION('',(-0.,-0.,-1.));
#14827 = DIRECTION('',(-0.,-1.,0.));
#14828 = ADVANCED_FACE('',(#14829),#14840,.F.);
#14829 = FACE_BOUND('',#14830,.T.);
#14830 = EDGE_LOOP('',(#14831,#14832,#14838,#14839));
#14831 = ORIENTED_EDGE('',*,*,#12912,.T.);
#14832 = ORIENTED_EDGE('',*,*,#14833,.T.);
#14833 = EDGE_CURVE('',#12913,#13724,#14834,.T.);
#14834 = LINE('',#14835,#14836);
#14835 = CARTESIAN_POINT('',(97.35,-94.85,-4.6E-02));
#14836 = VECTOR('',#14837,1.);
#14837 = DIRECTION('',(0.,0.,1.));
#14838 = ORIENTED_EDGE('',*,*,#13723,.F.);
#14839 = ORIENTED_EDGE('',*,*,#14833,.F.);
#14840 = CYLINDRICAL_SURFACE('',#14841,0.75);
#14841 = AXIS2_PLACEMENT_3D('',#14842,#14843,#14844);
#14842 = CARTESIAN_POINT('',(97.35,-94.1,-4.6E-02));
#14843 = DIRECTION('',(-0.,-0.,-1.));
#14844 = DIRECTION('',(-0.,-1.,0.));
#14845 = ADVANCED_FACE('',(#14846),#14857,.F.);
#14846 = FACE_BOUND('',#14847,.T.);
#14847 = EDGE_LOOP('',(#14848,#14849,#14855,#14856));
#14848 = ORIENTED_EDGE('',*,*,#12923,.T.);
#14849 = ORIENTED_EDGE('',*,*,#14850,.T.);
#14850 = EDGE_CURVE('',#12924,#13735,#14851,.T.);
#14851 = LINE('',#14852,#14853);
#14852 = CARTESIAN_POINT('',(99.89,-100.03,-4.6E-02));
#14853 = VECTOR('',#14854,1.);
#14854 = DIRECTION('',(0.,0.,1.));
#14855 = ORIENTED_EDGE('',*,*,#13734,.F.);
#14856 = ORIENTED_EDGE('',*,*,#14850,.F.);
#14857 = CYLINDRICAL_SURFACE('',#14858,0.85);
#14858 = AXIS2_PLACEMENT_3D('',#14859,#14860,#14861);
#14859 = CARTESIAN_POINT('',(99.89,-99.18,-4.6E-02));
#14860 = DIRECTION('',(-0.,-0.,-1.));
#14861 = DIRECTION('',(-0.,-1.,0.));
#14862 = ADVANCED_FACE('',(#14863),#14874,.F.);
#14863 = FACE_BOUND('',#14864,.T.);
#14864 = EDGE_LOOP('',(#14865,#14866,#14872,#14873));
#14865 = ORIENTED_EDGE('',*,*,#12934,.T.);
#14866 = ORIENTED_EDGE('',*,*,#14867,.T.);
#14867 = EDGE_CURVE('',#12935,#13746,#14868,.T.);
#14868 = LINE('',#14869,#14870);
#14869 = CARTESIAN_POINT('',(89.73,-80.89,-4.6E-02));
#14870 = VECTOR('',#14871,1.);
#14871 = DIRECTION('',(0.,0.,1.));
#14872 = ORIENTED_EDGE('',*,*,#13745,.F.);
#14873 = ORIENTED_EDGE('',*,*,#14867,.F.);
#14874 = CYLINDRICAL_SURFACE('',#14875,0.85);
#14875 = AXIS2_PLACEMENT_3D('',#14876,#14877,#14878);
#14876 = CARTESIAN_POINT('',(89.73,-80.04,-4.6E-02));
#14877 = DIRECTION('',(-0.,0.,-1.));
#14878 = DIRECTION('',(1.671865260612E-14,-1.,-0.));
#14879 = ADVANCED_FACE('',(#14880),#14891,.F.);
#14880 = FACE_BOUND('',#14881,.T.);
#14881 = EDGE_LOOP('',(#14882,#14883,#14889,#14890));
#14882 = ORIENTED_EDGE('',*,*,#12945,.T.);
#14883 = ORIENTED_EDGE('',*,*,#14884,.T.);
#14884 = EDGE_CURVE('',#12946,#13757,#14885,.T.);
#14885 = LINE('',#14886,#14887);
#14886 = CARTESIAN_POINT('',(91.,-78.25,-4.6E-02));
#14887 = VECTOR('',#14888,1.);
#14888 = DIRECTION('',(0.,0.,1.));
#14889 = ORIENTED_EDGE('',*,*,#13756,.F.);
#14890 = ORIENTED_EDGE('',*,*,#14884,.F.);
#14891 = CYLINDRICAL_SURFACE('',#14892,0.75);
#14892 = AXIS2_PLACEMENT_3D('',#14893,#14894,#14895);
#14893 = CARTESIAN_POINT('',(91.,-77.5,-4.6E-02));
#14894 = DIRECTION('',(-0.,-0.,-1.));
#14895 = DIRECTION('',(-0.,-1.,0.));
#14896 = ADVANCED_FACE('',(#14897),#14908,.F.);
#14897 = FACE_BOUND('',#14898,.T.);
#14898 = EDGE_LOOP('',(#14899,#14900,#14906,#14907));
#14899 = ORIENTED_EDGE('',*,*,#12956,.T.);
#14900 = ORIENTED_EDGE('',*,*,#14901,.T.);
#14901 = EDGE_CURVE('',#12957,#13768,#14902,.T.);
#14902 = LINE('',#14903,#14904);
#14903 = CARTESIAN_POINT('',(94.81,-82.04,-4.6E-02));
#14904 = VECTOR('',#14905,1.);
#14905 = DIRECTION('',(0.,0.,1.));
#14906 = ORIENTED_EDGE('',*,*,#13767,.F.);
#14907 = ORIENTED_EDGE('',*,*,#14901,.F.);
#14908 = CYLINDRICAL_SURFACE('',#14909,2.);
#14909 = AXIS2_PLACEMENT_3D('',#14910,#14911,#14912);
#14910 = CARTESIAN_POINT('',(94.81,-80.04,-4.6E-02));
#14911 = DIRECTION('',(-0.,-0.,-1.));
#14912 = DIRECTION('',(-0.,-1.,0.));
#14913 = ADVANCED_FACE('',(#14914),#14925,.F.);
#14914 = FACE_BOUND('',#14915,.T.);
#14915 = EDGE_LOOP('',(#14916,#14917,#14923,#14924));
#14916 = ORIENTED_EDGE('',*,*,#12967,.T.);
#14917 = ORIENTED_EDGE('',*,*,#14918,.T.);
#14918 = EDGE_CURVE('',#12968,#13779,#14919,.T.);
#14919 = LINE('',#14920,#14921);
#14920 = CARTESIAN_POINT('',(99.89,-80.89,-4.6E-02));
#14921 = VECTOR('',#14922,1.);
#14922 = DIRECTION('',(0.,0.,1.));
#14923 = ORIENTED_EDGE('',*,*,#13778,.F.);
#14924 = ORIENTED_EDGE('',*,*,#14918,.F.);
#14925 = CYLINDRICAL_SURFACE('',#14926,0.85);
#14926 = AXIS2_PLACEMENT_3D('',#14927,#14928,#14929);
#14927 = CARTESIAN_POINT('',(99.89,-80.04,-4.6E-02));
#14928 = DIRECTION('',(-0.,-0.,-1.));
#14929 = DIRECTION('',(-0.,-1.,0.));
#14930 = ADVANCED_FACE('',(#14931),#14942,.F.);
#14931 = FACE_BOUND('',#14932,.T.);
#14932 = EDGE_LOOP('',(#14933,#14934,#14940,#14941));
#14933 = ORIENTED_EDGE('',*,*,#12978,.T.);
#14934 = ORIENTED_EDGE('',*,*,#14935,.T.);
#14935 = EDGE_CURVE('',#12979,#13790,#14936,.T.);
#14936 = LINE('',#14937,#14938);
#14937 = CARTESIAN_POINT('',(97.35,-75.71,-4.6E-02));
#14938 = VECTOR('',#14939,1.);
#14939 = DIRECTION('',(0.,0.,1.));
#14940 = ORIENTED_EDGE('',*,*,#13789,.F.);
#14941 = ORIENTED_EDGE('',*,*,#14935,.F.);
#14942 = CYLINDRICAL_SURFACE('',#14943,0.75);
#14943 = AXIS2_PLACEMENT_3D('',#14944,#14945,#14946);
#14944 = CARTESIAN_POINT('',(97.35,-74.96,-4.6E-02));
#14945 = DIRECTION('',(-0.,-0.,-1.));
#14946 = DIRECTION('',(-0.,-1.,0.));
#14947 = ADVANCED_FACE('',(#14948),#14959,.F.);
#14948 = FACE_BOUND('',#14949,.T.);
#14949 = EDGE_LOOP('',(#14950,#14951,#14957,#14958));
#14950 = ORIENTED_EDGE('',*,*,#12989,.T.);
#14951 = ORIENTED_EDGE('',*,*,#14952,.T.);
#14952 = EDGE_CURVE('',#12990,#13801,#14953,.T.);
#14953 = LINE('',#14954,#14955);
#14954 = CARTESIAN_POINT('',(89.73,-61.89,-4.6E-02));
#14955 = VECTOR('',#14956,1.);
#14956 = DIRECTION('',(0.,0.,1.));
#14957 = ORIENTED_EDGE('',*,*,#13800,.F.);
#14958 = ORIENTED_EDGE('',*,*,#14952,.F.);
#14959 = CYLINDRICAL_SURFACE('',#14960,0.85);
#14960 = AXIS2_PLACEMENT_3D('',#14961,#14962,#14963);
#14961 = CARTESIAN_POINT('',(89.73,-61.04,-4.6E-02));
#14962 = DIRECTION('',(-0.,0.,-1.));
#14963 = DIRECTION('',(1.671865260612E-14,-1.,-0.));
#14964 = ADVANCED_FACE('',(#14965),#14976,.F.);
#14965 = FACE_BOUND('',#14966,.T.);
#14966 = EDGE_LOOP('',(#14967,#14968,#14974,#14975));
#14967 = ORIENTED_EDGE('',*,*,#13000,.T.);
#14968 = ORIENTED_EDGE('',*,*,#14969,.T.);
#14969 = EDGE_CURVE('',#13001,#13812,#14970,.T.);
#14970 = LINE('',#14971,#14972);
#14971 = CARTESIAN_POINT('',(91.,-59.25,-4.6E-02));
#14972 = VECTOR('',#14973,1.);
#14973 = DIRECTION('',(0.,0.,1.));
#14974 = ORIENTED_EDGE('',*,*,#13811,.F.);
#14975 = ORIENTED_EDGE('',*,*,#14969,.F.);
#14976 = CYLINDRICAL_SURFACE('',#14977,0.75);
#14977 = AXIS2_PLACEMENT_3D('',#14978,#14979,#14980);
#14978 = CARTESIAN_POINT('',(91.,-58.5,-4.6E-02));
#14979 = DIRECTION('',(-0.,-0.,-1.));
#14980 = DIRECTION('',(-0.,-1.,0.));
#14981 = ADVANCED_FACE('',(#14982),#14993,.F.);
#14982 = FACE_BOUND('',#14983,.T.);
#14983 = EDGE_LOOP('',(#14984,#14985,#14991,#14992));
#14984 = ORIENTED_EDGE('',*,*,#13011,.T.);
#14985 = ORIENTED_EDGE('',*,*,#14986,.T.);
#14986 = EDGE_CURVE('',#13012,#13823,#14987,.T.);
#14987 = LINE('',#14988,#14989);
#14988 = CARTESIAN_POINT('',(94.81,-63.04,-4.6E-02));
#14989 = VECTOR('',#14990,1.);
#14990 = DIRECTION('',(0.,0.,1.));
#14991 = ORIENTED_EDGE('',*,*,#13822,.F.);
#14992 = ORIENTED_EDGE('',*,*,#14986,.F.);
#14993 = CYLINDRICAL_SURFACE('',#14994,2.);
#14994 = AXIS2_PLACEMENT_3D('',#14995,#14996,#14997);
#14995 = CARTESIAN_POINT('',(94.81,-61.04,-4.6E-02));
#14996 = DIRECTION('',(-0.,-0.,-1.));
#14997 = DIRECTION('',(-0.,-1.,0.));
#14998 = ADVANCED_FACE('',(#14999),#15010,.F.);
#14999 = FACE_BOUND('',#15000,.T.);
#15000 = EDGE_LOOP('',(#15001,#15002,#15008,#15009));
#15001 = ORIENTED_EDGE('',*,*,#13022,.T.);
#15002 = ORIENTED_EDGE('',*,*,#15003,.T.);
#15003 = EDGE_CURVE('',#13023,#13834,#15004,.T.);
#15004 = LINE('',#15005,#15006);
#15005 = CARTESIAN_POINT('',(99.89,-61.89,-4.6E-02));
#15006 = VECTOR('',#15007,1.);
#15007 = DIRECTION('',(0.,0.,1.));
#15008 = ORIENTED_EDGE('',*,*,#13833,.F.);
#15009 = ORIENTED_EDGE('',*,*,#15003,.F.);
#15010 = CYLINDRICAL_SURFACE('',#15011,0.85);
#15011 = AXIS2_PLACEMENT_3D('',#15012,#15013,#15014);
#15012 = CARTESIAN_POINT('',(99.89,-61.04,-4.6E-02));
#15013 = DIRECTION('',(-0.,-0.,-1.));
#15014 = DIRECTION('',(-0.,-1.,0.));
#15015 = ADVANCED_FACE('',(#15016),#15027,.F.);
#15016 = FACE_BOUND('',#15017,.T.);
#15017 = EDGE_LOOP('',(#15018,#15019,#15025,#15026));
#15018 = ORIENTED_EDGE('',*,*,#13033,.T.);
#15019 = ORIENTED_EDGE('',*,*,#15020,.T.);
#15020 = EDGE_CURVE('',#13034,#13845,#15021,.T.);
#15021 = LINE('',#15022,#15023);
#15022 = CARTESIAN_POINT('',(97.35,-56.71,-4.6E-02));
#15023 = VECTOR('',#15024,1.);
#15024 = DIRECTION('',(0.,0.,1.));
#15025 = ORIENTED_EDGE('',*,*,#13844,.F.);
#15026 = ORIENTED_EDGE('',*,*,#15020,.F.);
#15027 = CYLINDRICAL_SURFACE('',#15028,0.75);
#15028 = AXIS2_PLACEMENT_3D('',#15029,#15030,#15031);
#15029 = CARTESIAN_POINT('',(97.35,-55.96,-4.6E-02));
#15030 = DIRECTION('',(-0.,-0.,-1.));
#15031 = DIRECTION('',(-0.,-1.,0.));
#15032 = ADVANCED_FACE('',(#15033),#15044,.F.);
#15033 = FACE_BOUND('',#15034,.T.);
#15034 = EDGE_LOOP('',(#15035,#15036,#15042,#15043));
#15035 = ORIENTED_EDGE('',*,*,#13044,.T.);
#15036 = ORIENTED_EDGE('',*,*,#15037,.T.);
#15037 = EDGE_CURVE('',#13045,#13856,#15038,.T.);
#15038 = LINE('',#15039,#15040);
#15039 = CARTESIAN_POINT('',(109.,-75.66,-4.6E-02));
#15040 = VECTOR('',#15041,1.);
#15041 = DIRECTION('',(0.,0.,1.));
#15042 = ORIENTED_EDGE('',*,*,#13855,.F.);
#15043 = ORIENTED_EDGE('',*,*,#15037,.F.);
#15044 = CYLINDRICAL_SURFACE('',#15045,0.5);
#15045 = AXIS2_PLACEMENT_3D('',#15046,#15047,#15048);
#15046 = CARTESIAN_POINT('',(109.,-75.16,-4.6E-02));
#15047 = DIRECTION('',(-0.,-0.,-1.));
#15048 = DIRECTION('',(-0.,-1.,0.));
#15049 = ADVANCED_FACE('',(#15050),#15061,.F.);
#15050 = FACE_BOUND('',#15051,.T.);
#15051 = EDGE_LOOP('',(#15052,#15053,#15059,#15060));
#15052 = ORIENTED_EDGE('',*,*,#13055,.T.);
#15053 = ORIENTED_EDGE('',*,*,#15054,.T.);
#15054 = EDGE_CURVE('',#13056,#13867,#15055,.T.);
#15055 = LINE('',#15056,#15057);
#15056 = CARTESIAN_POINT('',(109.,-73.12,-4.6E-02));
#15057 = VECTOR('',#15058,1.);
#15058 = DIRECTION('',(0.,0.,1.));
#15059 = ORIENTED_EDGE('',*,*,#13866,.F.);
#15060 = ORIENTED_EDGE('',*,*,#15054,.F.);
#15061 = CYLINDRICAL_SURFACE('',#15062,0.5);
#15062 = AXIS2_PLACEMENT_3D('',#15063,#15064,#15065);
#15063 = CARTESIAN_POINT('',(109.,-72.62,-4.6E-02));
#15064 = DIRECTION('',(-0.,-0.,-1.));
#15065 = DIRECTION('',(-0.,-1.,0.));
#15066 = ADVANCED_FACE('',(#15067),#15078,.F.);
#15067 = FACE_BOUND('',#15068,.T.);
#15068 = EDGE_LOOP('',(#15069,#15070,#15076,#15077));
#15069 = ORIENTED_EDGE('',*,*,#13066,.T.);
#15070 = ORIENTED_EDGE('',*,*,#15071,.T.);
#15071 = EDGE_CURVE('',#13067,#13878,#15072,.T.);
#15072 = LINE('',#15073,#15074);
#15073 = CARTESIAN_POINT('',(109.,-70.58,-4.6E-02));
#15074 = VECTOR('',#15075,1.);
#15075 = DIRECTION('',(0.,0.,1.));
#15076 = ORIENTED_EDGE('',*,*,#13877,.F.);
#15077 = ORIENTED_EDGE('',*,*,#15071,.F.);
#15078 = CYLINDRICAL_SURFACE('',#15079,0.5);
#15079 = AXIS2_PLACEMENT_3D('',#15080,#15081,#15082);
#15080 = CARTESIAN_POINT('',(109.,-70.08,-4.6E-02));
#15081 = DIRECTION('',(-0.,-0.,-1.));
#15082 = DIRECTION('',(-0.,-1.,0.));
#15083 = ADVANCED_FACE('',(#15084),#15095,.F.);
#15084 = FACE_BOUND('',#15085,.T.);
#15085 = EDGE_LOOP('',(#15086,#15087,#15093,#15094));
#15086 = ORIENTED_EDGE('',*,*,#13077,.T.);
#15087 = ORIENTED_EDGE('',*,*,#15088,.T.);
#15088 = EDGE_CURVE('',#13078,#13889,#15089,.T.);
#15089 = LINE('',#15090,#15091);
#15090 = CARTESIAN_POINT('',(109.,-68.04,-4.6E-02));
#15091 = VECTOR('',#15092,1.);
#15092 = DIRECTION('',(0.,0.,1.));
#15093 = ORIENTED_EDGE('',*,*,#13888,.F.);
#15094 = ORIENTED_EDGE('',*,*,#15088,.F.);
#15095 = CYLINDRICAL_SURFACE('',#15096,0.5);
#15096 = AXIS2_PLACEMENT_3D('',#15097,#15098,#15099);
#15097 = CARTESIAN_POINT('',(109.,-67.54,-4.6E-02));
#15098 = DIRECTION('',(-0.,-0.,-1.));
#15099 = DIRECTION('',(-0.,-1.,0.));
#15100 = ADVANCED_FACE('',(#15101),#15112,.F.);
#15101 = FACE_BOUND('',#15102,.T.);
#15102 = EDGE_LOOP('',(#15103,#15104,#15110,#15111));
#15103 = ORIENTED_EDGE('',*,*,#13088,.T.);
#15104 = ORIENTED_EDGE('',*,*,#15105,.T.);
#15105 = EDGE_CURVE('',#13089,#13900,#15106,.T.);
#15106 = LINE('',#15107,#15108);
#15107 = CARTESIAN_POINT('',(109.,-65.5,-4.6E-02));
#15108 = VECTOR('',#15109,1.);
#15109 = DIRECTION('',(0.,0.,1.));
#15110 = ORIENTED_EDGE('',*,*,#13899,.F.);
#15111 = ORIENTED_EDGE('',*,*,#15105,.F.);
#15112 = CYLINDRICAL_SURFACE('',#15113,0.5);
#15113 = AXIS2_PLACEMENT_3D('',#15114,#15115,#15116);
#15114 = CARTESIAN_POINT('',(109.,-65.,-4.6E-02));
#15115 = DIRECTION('',(-0.,-0.,-1.));
#15116 = DIRECTION('',(-0.,-1.,0.));
#15117 = ADVANCED_FACE('',(#15118),#15129,.F.);
#15118 = FACE_BOUND('',#15119,.T.);
#15119 = EDGE_LOOP('',(#15120,#15121,#15127,#15128));
#15120 = ORIENTED_EDGE('',*,*,#13099,.T.);
#15121 = ORIENTED_EDGE('',*,*,#15122,.T.);
#15122 = EDGE_CURVE('',#13100,#13911,#15123,.T.);
#15123 = LINE('',#15124,#15125);
#15124 = CARTESIAN_POINT('',(122.42,-66.5,-4.6E-02));
#15125 = VECTOR('',#15126,1.);
#15126 = DIRECTION('',(0.,0.,1.));
#15127 = ORIENTED_EDGE('',*,*,#13910,.F.);
#15128 = ORIENTED_EDGE('',*,*,#15122,.F.);
#15129 = CYLINDRICAL_SURFACE('',#15130,0.5);
#15130 = AXIS2_PLACEMENT_3D('',#15131,#15132,#15133);
#15131 = CARTESIAN_POINT('',(122.42,-66.,-4.6E-02));
#15132 = DIRECTION('',(-0.,-0.,-1.));
#15133 = DIRECTION('',(-0.,-1.,0.));
#15134 = ADVANCED_FACE('',(#15135),#15146,.F.);
#15135 = FACE_BOUND('',#15136,.T.);
#15136 = EDGE_LOOP('',(#15137,#15138,#15144,#15145));
#15137 = ORIENTED_EDGE('',*,*,#13110,.T.);
#15138 = ORIENTED_EDGE('',*,*,#15139,.T.);
#15139 = EDGE_CURVE('',#13111,#13922,#15140,.T.);
#15140 = LINE('',#15141,#15142);
#15141 = CARTESIAN_POINT('',(124.96,-66.5,-4.6E-02));
#15142 = VECTOR('',#15143,1.);
#15143 = DIRECTION('',(0.,0.,1.));
#15144 = ORIENTED_EDGE('',*,*,#13921,.F.);
#15145 = ORIENTED_EDGE('',*,*,#15139,.F.);
#15146 = CYLINDRICAL_SURFACE('',#15147,0.5);
#15147 = AXIS2_PLACEMENT_3D('',#15148,#15149,#15150);
#15148 = CARTESIAN_POINT('',(124.96,-66.,-4.6E-02));
#15149 = DIRECTION('',(-0.,-0.,-1.));
#15150 = DIRECTION('',(-0.,-1.,0.));
#15151 = ADVANCED_FACE('',(#15152),#15163,.F.);
#15152 = FACE_BOUND('',#15153,.T.);
#15153 = EDGE_LOOP('',(#15154,#15155,#15161,#15162));
#15154 = ORIENTED_EDGE('',*,*,#13121,.T.);
#15155 = ORIENTED_EDGE('',*,*,#15156,.T.);
#15156 = EDGE_CURVE('',#13122,#13933,#15157,.T.);
#15157 = LINE('',#15158,#15159);
#15158 = CARTESIAN_POINT('',(127.5,-66.5,-4.6E-02));
#15159 = VECTOR('',#15160,1.);
#15160 = DIRECTION('',(0.,0.,1.));
#15161 = ORIENTED_EDGE('',*,*,#13932,.F.);
#15162 = ORIENTED_EDGE('',*,*,#15156,.F.);
#15163 = CYLINDRICAL_SURFACE('',#15164,0.5);
#15164 = AXIS2_PLACEMENT_3D('',#15165,#15166,#15167);
#15165 = CARTESIAN_POINT('',(127.5,-66.,-4.6E-02));
#15166 = DIRECTION('',(-0.,-0.,-1.));
#15167 = DIRECTION('',(-0.,-1.,0.));
#15168 = ADVANCED_FACE('',(#15169),#15180,.F.);
#15169 = FACE_BOUND('',#15170,.T.);
#15170 = EDGE_LOOP('',(#15171,#15172,#15178,#15179));
#15171 = ORIENTED_EDGE('',*,*,#13132,.T.);
#15172 = ORIENTED_EDGE('',*,*,#15173,.T.);
#15173 = EDGE_CURVE('',#13133,#13944,#15174,.T.);
#15174 = LINE('',#15175,#15176);
#15175 = CARTESIAN_POINT('',(130.04,-66.5,-4.6E-02));
#15176 = VECTOR('',#15177,1.);
#15177 = DIRECTION('',(0.,0.,1.));
#15178 = ORIENTED_EDGE('',*,*,#13943,.F.);
#15179 = ORIENTED_EDGE('',*,*,#15173,.F.);
#15180 = CYLINDRICAL_SURFACE('',#15181,0.5);
#15181 = AXIS2_PLACEMENT_3D('',#15182,#15183,#15184);
#15182 = CARTESIAN_POINT('',(130.04,-66.,-4.6E-02));
#15183 = DIRECTION('',(-0.,-0.,-1.));
#15184 = DIRECTION('',(-0.,-1.,0.));
#15185 = ADVANCED_FACE('',(#15186),#15197,.F.);
#15186 = FACE_BOUND('',#15187,.T.);
#15187 = EDGE_LOOP('',(#15188,#15189,#15195,#15196));
#15188 = ORIENTED_EDGE('',*,*,#13143,.T.);
#15189 = ORIENTED_EDGE('',*,*,#15190,.T.);
#15190 = EDGE_CURVE('',#13144,#13955,#15191,.T.);
#15191 = LINE('',#15192,#15193);
#15192 = CARTESIAN_POINT('',(132.58,-66.5,-4.6E-02));
#15193 = VECTOR('',#15194,1.);
#15194 = DIRECTION('',(0.,0.,1.));
#15195 = ORIENTED_EDGE('',*,*,#13954,.F.);
#15196 = ORIENTED_EDGE('',*,*,#15190,.F.);
#15197 = CYLINDRICAL_SURFACE('',#15198,0.5);
#15198 = AXIS2_PLACEMENT_3D('',#15199,#15200,#15201);
#15199 = CARTESIAN_POINT('',(132.58,-66.,-4.6E-02));
#15200 = DIRECTION('',(-0.,-0.,-1.));
#15201 = DIRECTION('',(-0.,-1.,0.));
#15202 = ADVANCED_FACE('',(#15203),#15214,.F.);
#15203 = FACE_BOUND('',#15204,.T.);
#15204 = EDGE_LOOP('',(#15205,#15206,#15212,#15213));
#15205 = ORIENTED_EDGE('',*,*,#13154,.T.);
#15206 = ORIENTED_EDGE('',*,*,#15207,.T.);
#15207 = EDGE_CURVE('',#13155,#13966,#15208,.T.);
#15208 = LINE('',#15209,#15210);
#15209 = CARTESIAN_POINT('',(135.12,-66.5,-4.6E-02));
#15210 = VECTOR('',#15211,1.);
#15211 = DIRECTION('',(0.,0.,1.));
#15212 = ORIENTED_EDGE('',*,*,#13965,.F.);
#15213 = ORIENTED_EDGE('',*,*,#15207,.F.);
#15214 = CYLINDRICAL_SURFACE('',#15215,0.5);
#15215 = AXIS2_PLACEMENT_3D('',#15216,#15217,#15218);
#15216 = CARTESIAN_POINT('',(135.12,-66.,-4.6E-02));
#15217 = DIRECTION('',(-0.,-0.,-1.));
#15218 = DIRECTION('',(-0.,-1.,0.));
#15219 = ADVANCED_FACE('',(#15220),#15231,.F.);
#15220 = FACE_BOUND('',#15221,.T.);
#15221 = EDGE_LOOP('',(#15222,#15223,#15229,#15230));
#15222 = ORIENTED_EDGE('',*,*,#13165,.T.);
#15223 = ORIENTED_EDGE('',*,*,#15224,.T.);
#15224 = EDGE_CURVE('',#13166,#13977,#15225,.T.);
#15225 = LINE('',#15226,#15227);
#15226 = CARTESIAN_POINT('',(137.66,-66.5,-4.6E-02));
#15227 = VECTOR('',#15228,1.);
#15228 = DIRECTION('',(0.,0.,1.));
#15229 = ORIENTED_EDGE('',*,*,#13976,.F.);
#15230 = ORIENTED_EDGE('',*,*,#15224,.F.);
#15231 = CYLINDRICAL_SURFACE('',#15232,0.5);
#15232 = AXIS2_PLACEMENT_3D('',#15233,#15234,#15235);
#15233 = CARTESIAN_POINT('',(137.66,-66.,-4.6E-02));
#15234 = DIRECTION('',(-0.,-0.,-1.));
#15235 = DIRECTION('',(-0.,-1.,0.));
#15236 = ADVANCED_FACE('',(#15237),#15248,.F.);
#15237 = FACE_BOUND('',#15238,.T.);
#15238 = EDGE_LOOP('',(#15239,#15240,#15246,#15247));
#15239 = ORIENTED_EDGE('',*,*,#13176,.T.);
#15240 = ORIENTED_EDGE('',*,*,#15241,.T.);
#15241 = EDGE_CURVE('',#13177,#13988,#15242,.T.);
#15242 = LINE('',#15243,#15244);
#15243 = CARTESIAN_POINT('',(145.5,-55.6,-4.6E-02));
#15244 = VECTOR('',#15245,1.);
#15245 = DIRECTION('',(0.,0.,1.));
#15246 = ORIENTED_EDGE('',*,*,#13987,.F.);
#15247 = ORIENTED_EDGE('',*,*,#15241,.F.);
#15248 = CYLINDRICAL_SURFACE('',#15249,1.6);
#15249 = AXIS2_PLACEMENT_3D('',#15250,#15251,#15252);
#15250 = CARTESIAN_POINT('',(145.5,-54.,-4.6E-02));
#15251 = DIRECTION('',(-0.,-0.,-1.));
#15252 = DIRECTION('',(-0.,-1.,0.));
#15253 = ( GEOMETRIC_REPRESENTATION_CONTEXT(3) 
GLOBAL_UNCERTAINTY_ASSIGNED_CONTEXT((#15257)) 
GLOBAL_UNIT_ASSIGNED_CONTEXT((#15254,#15255,#15256)) 
REPRESENTATION_CONTEXT('Context #1',
  '3D Context with UNIT and UNCERTAINTY') );
#15254 = ( LENGTH_UNIT() NAMED_UNIT(*) SI_UNIT(.MILLI.,.METRE.) );
#15255 = ( NAMED_UNIT(*) PLANE_ANGLE_UNIT() SI_UNIT($,.RADIAN.) );
#15256 = ( NAMED_UNIT(*) SI_UNIT($,.STERADIAN.) SOLID_ANGLE_UNIT() );
#15257 = UNCERTAINTY_MEASURE_WITH_UNIT(LENGTH_MEASURE(1.E-07),#15254,
  'distance_accuracy_value','confusion accuracy');
#15258 = CONTEXT_DEPENDENT_SHAPE_REPRESENTATION(#15259,#15261);
#15259 = ( REPRESENTATION_RELATIONSHIP('','',#12271,#10) 
REPRESENTATION_RELATIONSHIP_WITH_TRANSFORMATION(#15260) 
SHAPE_REPRESENTATION_RELATIONSHIP() );
#15260 = ITEM_DEFINED_TRANSFORMATION('','',#11,#43);
#15261 = PRODUCT_DEFINITION_SHAPE('Placement','Placement of an item',
  #15262);
#15262 = NEXT_ASSEMBLY_USAGE_OCCURRENCE('13','=>[0:1:1:12]','',#5,#12266
  ,$);
#15263 = PRODUCT_RELATED_PRODUCT_CATEGORY('part',$,(#12268));
#15264 = MECHANICAL_DESIGN_GEOMETRIC_PRESENTATION_REPRESENTATION('',(
    #15265,#15273,#15280,#15287,#15294,#15301,#15309,#15316,#15323,
    #15330,#15337,#15344,#15351,#15358,#15365),#9421);
#15265 = STYLED_ITEM('color',(#15266),#8760);
#15266 = PRESENTATION_STYLE_ASSIGNMENT((#15267));
#15267 = SURFACE_STYLE_USAGE(.BOTH.,#15268);
#15268 = SURFACE_SIDE_STYLE('',(#15269));
#15269 = SURFACE_STYLE_FILL_AREA(#15270);
#15270 = FILL_AREA_STYLE('',(#15271));
#15271 = FILL_AREA_STYLE_COLOUR('',#15272);
#15272 = COLOUR_RGB('',0.883000012551,0.711000022565,0.492000011028);
#15273 = STYLED_ITEM('color',(#15274),#8793);
#15274 = PRESENTATION_STYLE_ASSIGNMENT((#15275));
#15275 = SURFACE_STYLE_USAGE(.BOTH.,#15276);
#15276 = SURFACE_SIDE_STYLE('',(#15277));
#15277 = SURFACE_STYLE_FILL_AREA(#15278);
#15278 = FILL_AREA_STYLE('',(#15279));
#15279 = FILL_AREA_STYLE_COLOUR('',#15272);
#15280 = STYLED_ITEM('color',(#15281),#8819);
#15281 = PRESENTATION_STYLE_ASSIGNMENT((#15282));
#15282 = SURFACE_STYLE_USAGE(.BOTH.,#15283);
#15283 = SURFACE_SIDE_STYLE('',(#15284));
#15284 = SURFACE_STYLE_FILL_AREA(#15285);
#15285 = FILL_AREA_STYLE('',(#15286));
#15286 = FILL_AREA_STYLE_COLOUR('',#15272);
#15287 = STYLED_ITEM('color',(#15288),#8839);
#15288 = PRESENTATION_STYLE_ASSIGNMENT((#15289));
#15289 = SURFACE_STYLE_USAGE(.BOTH.,#15290);
#15290 = SURFACE_SIDE_STYLE('',(#15291));
#15291 = SURFACE_STYLE_FILL_AREA(#15292);
#15292 = FILL_AREA_STYLE('',(#15293));
#15293 = FILL_AREA_STYLE_COLOUR('',#15272);
#15294 = STYLED_ITEM('color',(#15295),#9022);
#15295 = PRESENTATION_STYLE_ASSIGNMENT((#15296));
#15296 = SURFACE_STYLE_USAGE(.BOTH.,#15297);
#15297 = SURFACE_SIDE_STYLE('',(#15298));
#15298 = SURFACE_STYLE_FILL_AREA(#15299);
#15299 = FILL_AREA_STYLE('',(#15300));
#15300 = FILL_AREA_STYLE_COLOUR('',#15272);
#15301 = STYLED_ITEM('color',(#15302),#9047);
#15302 = PRESENTATION_STYLE_ASSIGNMENT((#15303));
#15303 = SURFACE_STYLE_USAGE(.BOTH.,#15304);
#15304 = SURFACE_SIDE_STYLE('',(#15305));
#15305 = SURFACE_STYLE_FILL_AREA(#15306);
#15306 = FILL_AREA_STYLE('',(#15307));
#15307 = FILL_AREA_STYLE_COLOUR('',#15308);
#15308 = COLOUR_RGB('',0.823999987314,0.819999987296,0.781000009244);
#15309 = STYLED_ITEM('color',(#15310),#9073);
#15310 = PRESENTATION_STYLE_ASSIGNMENT((#15311));
#15311 = SURFACE_STYLE_USAGE(.BOTH.,#15312);
#15312 = SURFACE_SIDE_STYLE('',(#15313));
#15313 = SURFACE_STYLE_FILL_AREA(#15314);
#15314 = FILL_AREA_STYLE('',(#15315));
#15315 = FILL_AREA_STYLE_COLOUR('',#15272);
#15316 = STYLED_ITEM('color',(#15317),#9093);
#15317 = PRESENTATION_STYLE_ASSIGNMENT((#15318));
#15318 = SURFACE_STYLE_USAGE(.BOTH.,#15319);
#15319 = SURFACE_SIDE_STYLE('',(#15320));
#15320 = SURFACE_STYLE_FILL_AREA(#15321);
#15321 = FILL_AREA_STYLE('',(#15322));
#15322 = FILL_AREA_STYLE_COLOUR('',#15308);
#15323 = STYLED_ITEM('color',(#15324),#9118);
#15324 = PRESENTATION_STYLE_ASSIGNMENT((#15325));
#15325 = SURFACE_STYLE_USAGE(.BOTH.,#15326);
#15326 = SURFACE_SIDE_STYLE('',(#15327));
#15327 = SURFACE_STYLE_FILL_AREA(#15328);
#15328 = FILL_AREA_STYLE('',(#15329));
#15329 = FILL_AREA_STYLE_COLOUR('',#15272);
#15330 = STYLED_ITEM('color',(#15331),#9143);
#15331 = PRESENTATION_STYLE_ASSIGNMENT((#15332));
#15332 = SURFACE_STYLE_USAGE(.BOTH.,#15333);
#15333 = SURFACE_SIDE_STYLE('',(#15334));
#15334 = SURFACE_STYLE_FILL_AREA(#15335);
#15335 = FILL_AREA_STYLE('',(#15336));
#15336 = FILL_AREA_STYLE_COLOUR('',#15308);
#15337 = STYLED_ITEM('color',(#15338),#9152);
#15338 = PRESENTATION_STYLE_ASSIGNMENT((#15339));
#15339 = SURFACE_STYLE_USAGE(.BOTH.,#15340);
#15340 = SURFACE_SIDE_STYLE('',(#15341));
#15341 = SURFACE_STYLE_FILL_AREA(#15342);
#15342 = FILL_AREA_STYLE('',(#15343));
#15343 = FILL_AREA_STYLE_COLOUR('',#15272);
#15344 = STYLED_ITEM('color',(#15345),#9178);
#15345 = PRESENTATION_STYLE_ASSIGNMENT((#15346));
#15346 = SURFACE_STYLE_USAGE(.BOTH.,#15347);
#15347 = SURFACE_SIDE_STYLE('',(#15348));
#15348 = SURFACE_STYLE_FILL_AREA(#15349);
#15349 = FILL_AREA_STYLE('',(#15350));
#15350 = FILL_AREA_STYLE_COLOUR('',#15272);
#15351 = STYLED_ITEM('color',(#15352),#9361);
#15352 = PRESENTATION_STYLE_ASSIGNMENT((#15353));
#15353 = SURFACE_STYLE_USAGE(.BOTH.,#15354);
#15354 = SURFACE_SIDE_STYLE('',(#15355));
#15355 = SURFACE_STYLE_FILL_AREA(#15356);
#15356 = FILL_AREA_STYLE('',(#15357));
#15357 = FILL_AREA_STYLE_COLOUR('',#15308);
#15358 = STYLED_ITEM('color',(#15359),#9387);
#15359 = PRESENTATION_STYLE_ASSIGNMENT((#15360));
#15360 = SURFACE_STYLE_USAGE(.BOTH.,#15361);
#15361 = SURFACE_SIDE_STYLE('',(#15362));
#15362 = SURFACE_STYLE_FILL_AREA(#15363);
#15363 = FILL_AREA_STYLE('',(#15364));
#15364 = FILL_AREA_STYLE_COLOUR('',#15308);
#15365 = STYLED_ITEM('color',(#15366),#9412);
#15366 = PRESENTATION_STYLE_ASSIGNMENT((#15367));
#15367 = SURFACE_STYLE_USAGE(.BOTH.,#15368);
#15368 = SURFACE_SIDE_STYLE('',(#15369));
#15369 = SURFACE_STYLE_FILL_AREA(#15370);
#15370 = FILL_AREA_STYLE('',(#15371));
#15371 = FILL_AREA_STYLE_COLOUR('',#15308);
#15372 = MECHANICAL_DESIGN_GEOMETRIC_PRESENTATION_REPRESENTATION('',(
    #15373,#15381,#15388,#15395,#15402,#15409,#15416,#15423,#15430,
    #15437,#15444,#15452,#15459),#376);
#15373 = STYLED_ITEM('color',(#15374),#86);
#15374 = PRESENTATION_STYLE_ASSIGNMENT((#15375));
#15375 = SURFACE_STYLE_USAGE(.BOTH.,#15376);
#15376 = SURFACE_SIDE_STYLE('',(#15377));
#15377 = SURFACE_STYLE_FILL_AREA(#15378);
#15378 = FILL_AREA_STYLE('',(#15379));
#15379 = FILL_AREA_STYLE_COLOUR('',#15380);
#15380 = COLOUR_RGB('',0.147999998088,0.144999993226,0.144999993226);
#15381 = STYLED_ITEM('color',(#15382),#119);
#15382 = PRESENTATION_STYLE_ASSIGNMENT((#15383));
#15383 = SURFACE_STYLE_USAGE(.BOTH.,#15384);
#15384 = SURFACE_SIDE_STYLE('',(#15385));
#15385 = SURFACE_STYLE_FILL_AREA(#15386);
#15386 = FILL_AREA_STYLE('',(#15387));
#15387 = FILL_AREA_STYLE_COLOUR('',#15380);
#15388 = STYLED_ITEM('color',(#15389),#145);
#15389 = PRESENTATION_STYLE_ASSIGNMENT((#15390));
#15390 = SURFACE_STYLE_USAGE(.BOTH.,#15391);
#15391 = SURFACE_SIDE_STYLE('',(#15392));
#15392 = SURFACE_STYLE_FILL_AREA(#15393);
#15393 = FILL_AREA_STYLE('',(#15394));
#15394 = FILL_AREA_STYLE_COLOUR('',#15380);
#15395 = STYLED_ITEM('color',(#15396),#171);
#15396 = PRESENTATION_STYLE_ASSIGNMENT((#15397));
#15397 = SURFACE_STYLE_USAGE(.BOTH.,#15398);
#15398 = SURFACE_SIDE_STYLE('',(#15399));
#15399 = SURFACE_STYLE_FILL_AREA(#15400);
#15400 = FILL_AREA_STYLE('',(#15401));
#15401 = FILL_AREA_STYLE_COLOUR('',#15380);
#15402 = STYLED_ITEM('color',(#15403),#202);
#15403 = PRESENTATION_STYLE_ASSIGNMENT((#15404));
#15404 = SURFACE_STYLE_USAGE(.BOTH.,#15405);
#15405 = SURFACE_SIDE_STYLE('',(#15406));
#15406 = SURFACE_STYLE_FILL_AREA(#15407);
#15407 = FILL_AREA_STYLE('',(#15408));
#15408 = FILL_AREA_STYLE_COLOUR('',#15380);
#15409 = STYLED_ITEM('color',(#15410),#222);
#15410 = PRESENTATION_STYLE_ASSIGNMENT((#15411));
#15411 = SURFACE_STYLE_USAGE(.BOTH.,#15412);
#15412 = SURFACE_SIDE_STYLE('',(#15413));
#15413 = SURFACE_STYLE_FILL_AREA(#15414);
#15414 = FILL_AREA_STYLE('',(#15415));
#15415 = FILL_AREA_STYLE_COLOUR('',#15308);
#15416 = STYLED_ITEM('color',(#15417),#247);
#15417 = PRESENTATION_STYLE_ASSIGNMENT((#15418));
#15418 = SURFACE_STYLE_USAGE(.BOTH.,#15419);
#15419 = SURFACE_SIDE_STYLE('',(#15420));
#15420 = SURFACE_STYLE_FILL_AREA(#15421);
#15421 = FILL_AREA_STYLE('',(#15422));
#15422 = FILL_AREA_STYLE_COLOUR('',#15308);
#15423 = STYLED_ITEM('color',(#15424),#272);
#15424 = PRESENTATION_STYLE_ASSIGNMENT((#15425));
#15425 = SURFACE_STYLE_USAGE(.BOTH.,#15426);
#15426 = SURFACE_SIDE_STYLE('',(#15427));
#15427 = SURFACE_STYLE_FILL_AREA(#15428);
#15428 = FILL_AREA_STYLE('',(#15429));
#15429 = FILL_AREA_STYLE_COLOUR('',#15380);
#15430 = STYLED_ITEM('color',(#15431),#297);
#15431 = PRESENTATION_STYLE_ASSIGNMENT((#15432));
#15432 = SURFACE_STYLE_USAGE(.BOTH.,#15433);
#15433 = SURFACE_SIDE_STYLE('',(#15434));
#15434 = SURFACE_STYLE_FILL_AREA(#15435);
#15435 = FILL_AREA_STYLE('',(#15436));
#15436 = FILL_AREA_STYLE_COLOUR('',#15308);
#15437 = STYLED_ITEM('color',(#15438),#323);
#15438 = PRESENTATION_STYLE_ASSIGNMENT((#15439));
#15439 = SURFACE_STYLE_USAGE(.BOTH.,#15440);
#15440 = SURFACE_SIDE_STYLE('',(#15441));
#15441 = SURFACE_STYLE_FILL_AREA(#15442);
#15442 = FILL_AREA_STYLE('',(#15443));
#15443 = FILL_AREA_STYLE_COLOUR('',#15308);
#15444 = STYLED_ITEM('color',(#15445),#349);
#15445 = PRESENTATION_STYLE_ASSIGNMENT((#15446));
#15446 = SURFACE_STYLE_USAGE(.BOTH.,#15447);
#15447 = SURFACE_SIDE_STYLE('',(#15448));
#15448 = SURFACE_STYLE_FILL_AREA(#15449);
#15449 = FILL_AREA_STYLE('',(#15450));
#15450 = FILL_AREA_STYLE_COLOUR('',#15451);
#15451 = COLOUR_RGB('',0.809000013735,0.426000008053,0.147999998088);
#15452 = STYLED_ITEM('color',(#15453),#358);
#15453 = PRESENTATION_STYLE_ASSIGNMENT((#15454));
#15454 = SURFACE_STYLE_USAGE(.BOTH.,#15455);
#15455 = SURFACE_SIDE_STYLE('',(#15456));
#15456 = SURFACE_STYLE_FILL_AREA(#15457);
#15457 = FILL_AREA_STYLE('',(#15458));
#15458 = FILL_AREA_STYLE_COLOUR('',#15308);
#15459 = STYLED_ITEM('color',(#15460),#367);
#15460 = PRESENTATION_STYLE_ASSIGNMENT((#15461));
#15461 = SURFACE_STYLE_USAGE(.BOTH.,#15462);
#15462 = SURFACE_SIDE_STYLE('',(#15463));
#15463 = SURFACE_STYLE_FILL_AREA(#15464);
#15464 = FILL_AREA_STYLE('',(#15465));
#15465 = FILL_AREA_STYLE_COLOUR('',#15308);
#15466 = MECHANICAL_DESIGN_GEOMETRIC_PRESENTATION_REPRESENTATION('',(
    #15467,#15474,#15481,#15488,#15495,#15502,#15509,#15516,#15523,
    #15530,#15537,#15544,#15551,#15558,#15565,#15572,#15579,#15586,
    #15593,#15600,#15607,#15614,#15621,#15628,#15635,#15642,#15649,
    #15656,#15663,#15670,#15677,#15684,#15691,#15698,#15705,#15713,
    #15720,#15727,#15734,#15741,#15748,#15755,#15762,#15769,#15776,
    #15783,#15790,#15797,#15804,#15811,#15818,#15825,#15832,#15839,
    #15846,#15853,#15860,#15867,#15874,#15881,#15888,#15895,#15902,
    #15909,#15916,#15923,#15930,#15937,#15944,#15951,#15958,#15965,
    #15972,#15979,#15986,#15993,#16000,#16007,#16014,#16021,#16028,
    #16035,#16042,#16049,#16056,#16063,#16070,#16077,#16084,#16091,
    #16098,#16105,#16112,#16119,#16126,#16133,#16140,#16147,#16154,
    #16161,#16168,#16175,#16182,#16189,#16196,#16203,#16210,#16217,
    #16224,#16231,#16238,#16245,#16252,#16259,#16266,#16273,#16280,
    #16287,#16294,#16301,#16308,#16315,#16322,#16329),#8716);
#15467 = STYLED_ITEM('color',(#15468),#5264);
#15468 = PRESENTATION_STYLE_ASSIGNMENT((#15469));
#15469 = SURFACE_STYLE_USAGE(.BOTH.,#15470);
#15470 = SURFACE_SIDE_STYLE('',(#15471));
#15471 = SURFACE_STYLE_FILL_AREA(#15472);
#15472 = FILL_AREA_STYLE('',(#15473));
#15473 = FILL_AREA_STYLE_COLOUR('',#15380);
#15474 = STYLED_ITEM('color',(#15475),#5304);
#15475 = PRESENTATION_STYLE_ASSIGNMENT((#15476));
#15476 = SURFACE_STYLE_USAGE(.BOTH.,#15477);
#15477 = SURFACE_SIDE_STYLE('',(#15478));
#15478 = SURFACE_STYLE_FILL_AREA(#15479);
#15479 = FILL_AREA_STYLE('',(#15480));
#15480 = FILL_AREA_STYLE_COLOUR('',#15380);
#15481 = STYLED_ITEM('color',(#15482),#5335);
#15482 = PRESENTATION_STYLE_ASSIGNMENT((#15483));
#15483 = SURFACE_STYLE_USAGE(.BOTH.,#15484);
#15484 = SURFACE_SIDE_STYLE('',(#15485));
#15485 = SURFACE_STYLE_FILL_AREA(#15486);
#15486 = FILL_AREA_STYLE('',(#15487));
#15487 = FILL_AREA_STYLE_COLOUR('',#15380);
#15488 = STYLED_ITEM('color',(#15489),#5366);
#15489 = PRESENTATION_STYLE_ASSIGNMENT((#15490));
#15490 = SURFACE_STYLE_USAGE(.BOTH.,#15491);
#15491 = SURFACE_SIDE_STYLE('',(#15492));
#15492 = SURFACE_STYLE_FILL_AREA(#15493);
#15493 = FILL_AREA_STYLE('',(#15494));
#15494 = FILL_AREA_STYLE_COLOUR('',#15380);
#15495 = STYLED_ITEM('color',(#15496),#5777);
#15496 = PRESENTATION_STYLE_ASSIGNMENT((#15497));
#15497 = SURFACE_STYLE_USAGE(.BOTH.,#15498);
#15498 = SURFACE_SIDE_STYLE('',(#15499));
#15499 = SURFACE_STYLE_FILL_AREA(#15500);
#15500 = FILL_AREA_STYLE('',(#15501));
#15501 = FILL_AREA_STYLE_COLOUR('',#15380);
#15502 = STYLED_ITEM('color',(#15503),#6188);
#15503 = PRESENTATION_STYLE_ASSIGNMENT((#15504));
#15504 = SURFACE_STYLE_USAGE(.BOTH.,#15505);
#15505 = SURFACE_SIDE_STYLE('',(#15506));
#15506 = SURFACE_STYLE_FILL_AREA(#15507);
#15507 = FILL_AREA_STYLE('',(#15508));
#15508 = FILL_AREA_STYLE_COLOUR('',#15380);
#15509 = STYLED_ITEM('color',(#15510),#6205);
#15510 = PRESENTATION_STYLE_ASSIGNMENT((#15511));
#15511 = SURFACE_STYLE_USAGE(.BOTH.,#15512);
#15512 = SURFACE_SIDE_STYLE('',(#15513));
#15513 = SURFACE_STYLE_FILL_AREA(#15514);
#15514 = FILL_AREA_STYLE('',(#15515));
#15515 = FILL_AREA_STYLE_COLOUR('',#15380);
#15516 = STYLED_ITEM('color',(#15517),#6222);
#15517 = PRESENTATION_STYLE_ASSIGNMENT((#15518));
#15518 = SURFACE_STYLE_USAGE(.BOTH.,#15519);
#15519 = SURFACE_SIDE_STYLE('',(#15520));
#15520 = SURFACE_STYLE_FILL_AREA(#15521);
#15521 = FILL_AREA_STYLE('',(#15522));
#15522 = FILL_AREA_STYLE_COLOUR('',#15380);
#15523 = STYLED_ITEM('color',(#15524),#6239);
#15524 = PRESENTATION_STYLE_ASSIGNMENT((#15525));
#15525 = SURFACE_STYLE_USAGE(.BOTH.,#15526);
#15526 = SURFACE_SIDE_STYLE('',(#15527));
#15527 = SURFACE_STYLE_FILL_AREA(#15528);
#15528 = FILL_AREA_STYLE('',(#15529));
#15529 = FILL_AREA_STYLE_COLOUR('',#15380);
#15530 = STYLED_ITEM('color',(#15531),#6256);
#15531 = PRESENTATION_STYLE_ASSIGNMENT((#15532));
#15532 = SURFACE_STYLE_USAGE(.BOTH.,#15533);
#15533 = SURFACE_SIDE_STYLE('',(#15534));
#15534 = SURFACE_STYLE_FILL_AREA(#15535);
#15535 = FILL_AREA_STYLE('',(#15536));
#15536 = FILL_AREA_STYLE_COLOUR('',#15380);
#15537 = STYLED_ITEM('color',(#15538),#6273);
#15538 = PRESENTATION_STYLE_ASSIGNMENT((#15539));
#15539 = SURFACE_STYLE_USAGE(.BOTH.,#15540);
#15540 = SURFACE_SIDE_STYLE('',(#15541));
#15541 = SURFACE_STYLE_FILL_AREA(#15542);
#15542 = FILL_AREA_STYLE('',(#15543));
#15543 = FILL_AREA_STYLE_COLOUR('',#15380);
#15544 = STYLED_ITEM('color',(#15545),#6290);
#15545 = PRESENTATION_STYLE_ASSIGNMENT((#15546));
#15546 = SURFACE_STYLE_USAGE(.BOTH.,#15547);
#15547 = SURFACE_SIDE_STYLE('',(#15548));
#15548 = SURFACE_STYLE_FILL_AREA(#15549);
#15549 = FILL_AREA_STYLE('',(#15550));
#15550 = FILL_AREA_STYLE_COLOUR('',#15380);
#15551 = STYLED_ITEM('color',(#15552),#6307);
#15552 = PRESENTATION_STYLE_ASSIGNMENT((#15553));
#15553 = SURFACE_STYLE_USAGE(.BOTH.,#15554);
#15554 = SURFACE_SIDE_STYLE('',(#15555));
#15555 = SURFACE_STYLE_FILL_AREA(#15556);
#15556 = FILL_AREA_STYLE('',(#15557));
#15557 = FILL_AREA_STYLE_COLOUR('',#15380);
#15558 = STYLED_ITEM('color',(#15559),#6324);
#15559 = PRESENTATION_STYLE_ASSIGNMENT((#15560));
#15560 = SURFACE_STYLE_USAGE(.BOTH.,#15561);
#15561 = SURFACE_SIDE_STYLE('',(#15562));
#15562 = SURFACE_STYLE_FILL_AREA(#15563);
#15563 = FILL_AREA_STYLE('',(#15564));
#15564 = FILL_AREA_STYLE_COLOUR('',#15380);
#15565 = STYLED_ITEM('color',(#15566),#6341);
#15566 = PRESENTATION_STYLE_ASSIGNMENT((#15567));
#15567 = SURFACE_STYLE_USAGE(.BOTH.,#15568);
#15568 = SURFACE_SIDE_STYLE('',(#15569));
#15569 = SURFACE_STYLE_FILL_AREA(#15570);
#15570 = FILL_AREA_STYLE('',(#15571));
#15571 = FILL_AREA_STYLE_COLOUR('',#15380);
#15572 = STYLED_ITEM('color',(#15573),#6358);
#15573 = PRESENTATION_STYLE_ASSIGNMENT((#15574));
#15574 = SURFACE_STYLE_USAGE(.BOTH.,#15575);
#15575 = SURFACE_SIDE_STYLE('',(#15576));
#15576 = SURFACE_STYLE_FILL_AREA(#15577);
#15577 = FILL_AREA_STYLE('',(#15578));
#15578 = FILL_AREA_STYLE_COLOUR('',#15380);
#15579 = STYLED_ITEM('color',(#15580),#6375);
#15580 = PRESENTATION_STYLE_ASSIGNMENT((#15581));
#15581 = SURFACE_STYLE_USAGE(.BOTH.,#15582);
#15582 = SURFACE_SIDE_STYLE('',(#15583));
#15583 = SURFACE_STYLE_FILL_AREA(#15584);
#15584 = FILL_AREA_STYLE('',(#15585));
#15585 = FILL_AREA_STYLE_COLOUR('',#15380);
#15586 = STYLED_ITEM('color',(#15587),#6392);
#15587 = PRESENTATION_STYLE_ASSIGNMENT((#15588));
#15588 = SURFACE_STYLE_USAGE(.BOTH.,#15589);
#15589 = SURFACE_SIDE_STYLE('',(#15590));
#15590 = SURFACE_STYLE_FILL_AREA(#15591);
#15591 = FILL_AREA_STYLE('',(#15592));
#15592 = FILL_AREA_STYLE_COLOUR('',#15380);
#15593 = STYLED_ITEM('color',(#15594),#6409);
#15594 = PRESENTATION_STYLE_ASSIGNMENT((#15595));
#15595 = SURFACE_STYLE_USAGE(.BOTH.,#15596);
#15596 = SURFACE_SIDE_STYLE('',(#15597));
#15597 = SURFACE_STYLE_FILL_AREA(#15598);
#15598 = FILL_AREA_STYLE('',(#15599));
#15599 = FILL_AREA_STYLE_COLOUR('',#15380);
#15600 = STYLED_ITEM('color',(#15601),#6426);
#15601 = PRESENTATION_STYLE_ASSIGNMENT((#15602));
#15602 = SURFACE_STYLE_USAGE(.BOTH.,#15603);
#15603 = SURFACE_SIDE_STYLE('',(#15604));
#15604 = SURFACE_STYLE_FILL_AREA(#15605);
#15605 = FILL_AREA_STYLE('',(#15606));
#15606 = FILL_AREA_STYLE_COLOUR('',#15380);
#15607 = STYLED_ITEM('color',(#15608),#6443);
#15608 = PRESENTATION_STYLE_ASSIGNMENT((#15609));
#15609 = SURFACE_STYLE_USAGE(.BOTH.,#15610);
#15610 = SURFACE_SIDE_STYLE('',(#15611));
#15611 = SURFACE_STYLE_FILL_AREA(#15612);
#15612 = FILL_AREA_STYLE('',(#15613));
#15613 = FILL_AREA_STYLE_COLOUR('',#15380);
#15614 = STYLED_ITEM('color',(#15615),#6460);
#15615 = PRESENTATION_STYLE_ASSIGNMENT((#15616));
#15616 = SURFACE_STYLE_USAGE(.BOTH.,#15617);
#15617 = SURFACE_SIDE_STYLE('',(#15618));
#15618 = SURFACE_STYLE_FILL_AREA(#15619);
#15619 = FILL_AREA_STYLE('',(#15620));
#15620 = FILL_AREA_STYLE_COLOUR('',#15380);
#15621 = STYLED_ITEM('color',(#15622),#6477);
#15622 = PRESENTATION_STYLE_ASSIGNMENT((#15623));
#15623 = SURFACE_STYLE_USAGE(.BOTH.,#15624);
#15624 = SURFACE_SIDE_STYLE('',(#15625));
#15625 = SURFACE_STYLE_FILL_AREA(#15626);
#15626 = FILL_AREA_STYLE('',(#15627));
#15627 = FILL_AREA_STYLE_COLOUR('',#15380);
#15628 = STYLED_ITEM('color',(#15629),#6494);
#15629 = PRESENTATION_STYLE_ASSIGNMENT((#15630));
#15630 = SURFACE_STYLE_USAGE(.BOTH.,#15631);
#15631 = SURFACE_SIDE_STYLE('',(#15632));
#15632 = SURFACE_STYLE_FILL_AREA(#15633);
#15633 = FILL_AREA_STYLE('',(#15634));
#15634 = FILL_AREA_STYLE_COLOUR('',#15380);
#15635 = STYLED_ITEM('color',(#15636),#6511);
#15636 = PRESENTATION_STYLE_ASSIGNMENT((#15637));
#15637 = SURFACE_STYLE_USAGE(.BOTH.,#15638);
#15638 = SURFACE_SIDE_STYLE('',(#15639));
#15639 = SURFACE_STYLE_FILL_AREA(#15640);
#15640 = FILL_AREA_STYLE('',(#15641));
#15641 = FILL_AREA_STYLE_COLOUR('',#15380);
#15642 = STYLED_ITEM('color',(#15643),#6528);
#15643 = PRESENTATION_STYLE_ASSIGNMENT((#15644));
#15644 = SURFACE_STYLE_USAGE(.BOTH.,#15645);
#15645 = SURFACE_SIDE_STYLE('',(#15646));
#15646 = SURFACE_STYLE_FILL_AREA(#15647);
#15647 = FILL_AREA_STYLE('',(#15648));
#15648 = FILL_AREA_STYLE_COLOUR('',#15380);
#15649 = STYLED_ITEM('color',(#15650),#6545);
#15650 = PRESENTATION_STYLE_ASSIGNMENT((#15651));
#15651 = SURFACE_STYLE_USAGE(.BOTH.,#15652);
#15652 = SURFACE_SIDE_STYLE('',(#15653));
#15653 = SURFACE_STYLE_FILL_AREA(#15654);
#15654 = FILL_AREA_STYLE('',(#15655));
#15655 = FILL_AREA_STYLE_COLOUR('',#15380);
#15656 = STYLED_ITEM('color',(#15657),#6562);
#15657 = PRESENTATION_STYLE_ASSIGNMENT((#15658));
#15658 = SURFACE_STYLE_USAGE(.BOTH.,#15659);
#15659 = SURFACE_SIDE_STYLE('',(#15660));
#15660 = SURFACE_STYLE_FILL_AREA(#15661);
#15661 = FILL_AREA_STYLE('',(#15662));
#15662 = FILL_AREA_STYLE_COLOUR('',#15380);
#15663 = STYLED_ITEM('color',(#15664),#6579);
#15664 = PRESENTATION_STYLE_ASSIGNMENT((#15665));
#15665 = SURFACE_STYLE_USAGE(.BOTH.,#15666);
#15666 = SURFACE_SIDE_STYLE('',(#15667));
#15667 = SURFACE_STYLE_FILL_AREA(#15668);
#15668 = FILL_AREA_STYLE('',(#15669));
#15669 = FILL_AREA_STYLE_COLOUR('',#15380);
#15670 = STYLED_ITEM('color',(#15671),#6596);
#15671 = PRESENTATION_STYLE_ASSIGNMENT((#15672));
#15672 = SURFACE_STYLE_USAGE(.BOTH.,#15673);
#15673 = SURFACE_SIDE_STYLE('',(#15674));
#15674 = SURFACE_STYLE_FILL_AREA(#15675);
#15675 = FILL_AREA_STYLE('',(#15676));
#15676 = FILL_AREA_STYLE_COLOUR('',#15380);
#15677 = STYLED_ITEM('color',(#15678),#6613);
#15678 = PRESENTATION_STYLE_ASSIGNMENT((#15679));
#15679 = SURFACE_STYLE_USAGE(.BOTH.,#15680);
#15680 = SURFACE_SIDE_STYLE('',(#15681));
#15681 = SURFACE_STYLE_FILL_AREA(#15682);
#15682 = FILL_AREA_STYLE('',(#15683));
#15683 = FILL_AREA_STYLE_COLOUR('',#15380);
#15684 = STYLED_ITEM('color',(#15685),#6630);
#15685 = PRESENTATION_STYLE_ASSIGNMENT((#15686));
#15686 = SURFACE_STYLE_USAGE(.BOTH.,#15687);
#15687 = SURFACE_SIDE_STYLE('',(#15688));
#15688 = SURFACE_STYLE_FILL_AREA(#15689);
#15689 = FILL_AREA_STYLE('',(#15690));
#15690 = FILL_AREA_STYLE_COLOUR('',#15380);
#15691 = STYLED_ITEM('color',(#15692),#6647);
#15692 = PRESENTATION_STYLE_ASSIGNMENT((#15693));
#15693 = SURFACE_STYLE_USAGE(.BOTH.,#15694);
#15694 = SURFACE_SIDE_STYLE('',(#15695));
#15695 = SURFACE_STYLE_FILL_AREA(#15696);
#15696 = FILL_AREA_STYLE('',(#15697));
#15697 = FILL_AREA_STYLE_COLOUR('',#15380);
#15698 = STYLED_ITEM('color',(#15699),#6664);
#15699 = PRESENTATION_STYLE_ASSIGNMENT((#15700));
#15700 = SURFACE_STYLE_USAGE(.BOTH.,#15701);
#15701 = SURFACE_SIDE_STYLE('',(#15702));
#15702 = SURFACE_STYLE_FILL_AREA(#15703);
#15703 = FILL_AREA_STYLE('',(#15704));
#15704 = FILL_AREA_STYLE_COLOUR('',#15380);
#15705 = STYLED_ITEM('color',(#15706),#6676);
#15706 = PRESENTATION_STYLE_ASSIGNMENT((#15707));
#15707 = SURFACE_STYLE_USAGE(.BOTH.,#15708);
#15708 = SURFACE_SIDE_STYLE('',(#15709));
#15709 = SURFACE_STYLE_FILL_AREA(#15710);
#15710 = FILL_AREA_STYLE('',(#15711));
#15711 = FILL_AREA_STYLE_COLOUR('',#15712);
#15712 = COLOUR_RGB('',0.859000020776,0.737999965183,0.495999988746);
#15713 = STYLED_ITEM('color',(#15714),#6707);
#15714 = PRESENTATION_STYLE_ASSIGNMENT((#15715));
#15715 = SURFACE_STYLE_USAGE(.BOTH.,#15716);
#15716 = SURFACE_SIDE_STYLE('',(#15717));
#15717 = SURFACE_STYLE_FILL_AREA(#15718);
#15718 = FILL_AREA_STYLE('',(#15719));
#15719 = FILL_AREA_STYLE_COLOUR('',#15712);
#15720 = STYLED_ITEM('color',(#15721),#6731);
#15721 = PRESENTATION_STYLE_ASSIGNMENT((#15722));
#15722 = SURFACE_STYLE_USAGE(.BOTH.,#15723);
#15723 = SURFACE_SIDE_STYLE('',(#15724));
#15724 = SURFACE_STYLE_FILL_AREA(#15725);
#15725 = FILL_AREA_STYLE('',(#15726));
#15726 = FILL_AREA_STYLE_COLOUR('',#15712);
#15727 = STYLED_ITEM('color',(#15728),#6755);
#15728 = PRESENTATION_STYLE_ASSIGNMENT((#15729));
#15729 = SURFACE_STYLE_USAGE(.BOTH.,#15730);
#15730 = SURFACE_SIDE_STYLE('',(#15731));
#15731 = SURFACE_STYLE_FILL_AREA(#15732);
#15732 = FILL_AREA_STYLE('',(#15733));
#15733 = FILL_AREA_STYLE_COLOUR('',#15712);
#15734 = STYLED_ITEM('color',(#15735),#6772);
#15735 = PRESENTATION_STYLE_ASSIGNMENT((#15736));
#15736 = SURFACE_STYLE_USAGE(.BOTH.,#15737);
#15737 = SURFACE_SIDE_STYLE('',(#15738));
#15738 = SURFACE_STYLE_FILL_AREA(#15739);
#15739 = FILL_AREA_STYLE('',(#15740));
#15740 = FILL_AREA_STYLE_COLOUR('',#15712);
#15741 = STYLED_ITEM('color',(#15742),#6803);
#15742 = PRESENTATION_STYLE_ASSIGNMENT((#15743));
#15743 = SURFACE_STYLE_USAGE(.BOTH.,#15744);
#15744 = SURFACE_SIDE_STYLE('',(#15745));
#15745 = SURFACE_STYLE_FILL_AREA(#15746);
#15746 = FILL_AREA_STYLE('',(#15747));
#15747 = FILL_AREA_STYLE_COLOUR('',#15712);
#15748 = STYLED_ITEM('color',(#15749),#6827);
#15749 = PRESENTATION_STYLE_ASSIGNMENT((#15750));
#15750 = SURFACE_STYLE_USAGE(.BOTH.,#15751);
#15751 = SURFACE_SIDE_STYLE('',(#15752));
#15752 = SURFACE_STYLE_FILL_AREA(#15753);
#15753 = FILL_AREA_STYLE('',(#15754));
#15754 = FILL_AREA_STYLE_COLOUR('',#15712);
#15755 = STYLED_ITEM('color',(#15756),#6851);
#15756 = PRESENTATION_STYLE_ASSIGNMENT((#15757));
#15757 = SURFACE_STYLE_USAGE(.BOTH.,#15758);
#15758 = SURFACE_SIDE_STYLE('',(#15759));
#15759 = SURFACE_STYLE_FILL_AREA(#15760);
#15760 = FILL_AREA_STYLE('',(#15761));
#15761 = FILL_AREA_STYLE_COLOUR('',#15712);
#15762 = STYLED_ITEM('color',(#15763),#6868);
#15763 = PRESENTATION_STYLE_ASSIGNMENT((#15764));
#15764 = SURFACE_STYLE_USAGE(.BOTH.,#15765);
#15765 = SURFACE_SIDE_STYLE('',(#15766));
#15766 = SURFACE_STYLE_FILL_AREA(#15767);
#15767 = FILL_AREA_STYLE('',(#15768));
#15768 = FILL_AREA_STYLE_COLOUR('',#15712);
#15769 = STYLED_ITEM('color',(#15770),#6899);
#15770 = PRESENTATION_STYLE_ASSIGNMENT((#15771));
#15771 = SURFACE_STYLE_USAGE(.BOTH.,#15772);
#15772 = SURFACE_SIDE_STYLE('',(#15773));
#15773 = SURFACE_STYLE_FILL_AREA(#15774);
#15774 = FILL_AREA_STYLE('',(#15775));
#15775 = FILL_AREA_STYLE_COLOUR('',#15712);
#15776 = STYLED_ITEM('color',(#15777),#6923);
#15777 = PRESENTATION_STYLE_ASSIGNMENT((#15778));
#15778 = SURFACE_STYLE_USAGE(.BOTH.,#15779);
#15779 = SURFACE_SIDE_STYLE('',(#15780));
#15780 = SURFACE_STYLE_FILL_AREA(#15781);
#15781 = FILL_AREA_STYLE('',(#15782));
#15782 = FILL_AREA_STYLE_COLOUR('',#15712);
#15783 = STYLED_ITEM('color',(#15784),#6947);
#15784 = PRESENTATION_STYLE_ASSIGNMENT((#15785));
#15785 = SURFACE_STYLE_USAGE(.BOTH.,#15786);
#15786 = SURFACE_SIDE_STYLE('',(#15787));
#15787 = SURFACE_STYLE_FILL_AREA(#15788);
#15788 = FILL_AREA_STYLE('',(#15789));
#15789 = FILL_AREA_STYLE_COLOUR('',#15712);
#15790 = STYLED_ITEM('color',(#15791),#6964);
#15791 = PRESENTATION_STYLE_ASSIGNMENT((#15792));
#15792 = SURFACE_STYLE_USAGE(.BOTH.,#15793);
#15793 = SURFACE_SIDE_STYLE('',(#15794));
#15794 = SURFACE_STYLE_FILL_AREA(#15795);
#15795 = FILL_AREA_STYLE('',(#15796));
#15796 = FILL_AREA_STYLE_COLOUR('',#15712);
#15797 = STYLED_ITEM('color',(#15798),#6995);
#15798 = PRESENTATION_STYLE_ASSIGNMENT((#15799));
#15799 = SURFACE_STYLE_USAGE(.BOTH.,#15800);
#15800 = SURFACE_SIDE_STYLE('',(#15801));
#15801 = SURFACE_STYLE_FILL_AREA(#15802);
#15802 = FILL_AREA_STYLE('',(#15803));
#15803 = FILL_AREA_STYLE_COLOUR('',#15712);
#15804 = STYLED_ITEM('color',(#15805),#7019);
#15805 = PRESENTATION_STYLE_ASSIGNMENT((#15806));
#15806 = SURFACE_STYLE_USAGE(.BOTH.,#15807);
#15807 = SURFACE_SIDE_STYLE('',(#15808));
#15808 = SURFACE_STYLE_FILL_AREA(#15809);
#15809 = FILL_AREA_STYLE('',(#15810));
#15810 = FILL_AREA_STYLE_COLOUR('',#15712);
#15811 = STYLED_ITEM('color',(#15812),#7043);
#15812 = PRESENTATION_STYLE_ASSIGNMENT((#15813));
#15813 = SURFACE_STYLE_USAGE(.BOTH.,#15814);
#15814 = SURFACE_SIDE_STYLE('',(#15815));
#15815 = SURFACE_STYLE_FILL_AREA(#15816);
#15816 = FILL_AREA_STYLE('',(#15817));
#15817 = FILL_AREA_STYLE_COLOUR('',#15712);
#15818 = STYLED_ITEM('color',(#15819),#7060);
#15819 = PRESENTATION_STYLE_ASSIGNMENT((#15820));
#15820 = SURFACE_STYLE_USAGE(.BOTH.,#15821);
#15821 = SURFACE_SIDE_STYLE('',(#15822));
#15822 = SURFACE_STYLE_FILL_AREA(#15823);
#15823 = FILL_AREA_STYLE('',(#15824));
#15824 = FILL_AREA_STYLE_COLOUR('',#15712);
#15825 = STYLED_ITEM('color',(#15826),#7091);
#15826 = PRESENTATION_STYLE_ASSIGNMENT((#15827));
#15827 = SURFACE_STYLE_USAGE(.BOTH.,#15828);
#15828 = SURFACE_SIDE_STYLE('',(#15829));
#15829 = SURFACE_STYLE_FILL_AREA(#15830);
#15830 = FILL_AREA_STYLE('',(#15831));
#15831 = FILL_AREA_STYLE_COLOUR('',#15712);
#15832 = STYLED_ITEM('color',(#15833),#7115);
#15833 = PRESENTATION_STYLE_ASSIGNMENT((#15834));
#15834 = SURFACE_STYLE_USAGE(.BOTH.,#15835);
#15835 = SURFACE_SIDE_STYLE('',(#15836));
#15836 = SURFACE_STYLE_FILL_AREA(#15837);
#15837 = FILL_AREA_STYLE('',(#15838));
#15838 = FILL_AREA_STYLE_COLOUR('',#15712);
#15839 = STYLED_ITEM('color',(#15840),#7139);
#15840 = PRESENTATION_STYLE_ASSIGNMENT((#15841));
#15841 = SURFACE_STYLE_USAGE(.BOTH.,#15842);
#15842 = SURFACE_SIDE_STYLE('',(#15843));
#15843 = SURFACE_STYLE_FILL_AREA(#15844);
#15844 = FILL_AREA_STYLE('',(#15845));
#15845 = FILL_AREA_STYLE_COLOUR('',#15712);
#15846 = STYLED_ITEM('color',(#15847),#7156);
#15847 = PRESENTATION_STYLE_ASSIGNMENT((#15848));
#15848 = SURFACE_STYLE_USAGE(.BOTH.,#15849);
#15849 = SURFACE_SIDE_STYLE('',(#15850));
#15850 = SURFACE_STYLE_FILL_AREA(#15851);
#15851 = FILL_AREA_STYLE('',(#15852));
#15852 = FILL_AREA_STYLE_COLOUR('',#15712);
#15853 = STYLED_ITEM('color',(#15854),#7187);
#15854 = PRESENTATION_STYLE_ASSIGNMENT((#15855));
#15855 = SURFACE_STYLE_USAGE(.BOTH.,#15856);
#15856 = SURFACE_SIDE_STYLE('',(#15857));
#15857 = SURFACE_STYLE_FILL_AREA(#15858);
#15858 = FILL_AREA_STYLE('',(#15859));
#15859 = FILL_AREA_STYLE_COLOUR('',#15712);
#15860 = STYLED_ITEM('color',(#15861),#7211);
#15861 = PRESENTATION_STYLE_ASSIGNMENT((#15862));
#15862 = SURFACE_STYLE_USAGE(.BOTH.,#15863);
#15863 = SURFACE_SIDE_STYLE('',(#15864));
#15864 = SURFACE_STYLE_FILL_AREA(#15865);
#15865 = FILL_AREA_STYLE('',(#15866));
#15866 = FILL_AREA_STYLE_COLOUR('',#15712);
#15867 = STYLED_ITEM('color',(#15868),#7235);
#15868 = PRESENTATION_STYLE_ASSIGNMENT((#15869));
#15869 = SURFACE_STYLE_USAGE(.BOTH.,#15870);
#15870 = SURFACE_SIDE_STYLE('',(#15871));
#15871 = SURFACE_STYLE_FILL_AREA(#15872);
#15872 = FILL_AREA_STYLE('',(#15873));
#15873 = FILL_AREA_STYLE_COLOUR('',#15712);
#15874 = STYLED_ITEM('color',(#15875),#7252);
#15875 = PRESENTATION_STYLE_ASSIGNMENT((#15876));
#15876 = SURFACE_STYLE_USAGE(.BOTH.,#15877);
#15877 = SURFACE_SIDE_STYLE('',(#15878));
#15878 = SURFACE_STYLE_FILL_AREA(#15879);
#15879 = FILL_AREA_STYLE('',(#15880));
#15880 = FILL_AREA_STYLE_COLOUR('',#15712);
#15881 = STYLED_ITEM('color',(#15882),#7283);
#15882 = PRESENTATION_STYLE_ASSIGNMENT((#15883));
#15883 = SURFACE_STYLE_USAGE(.BOTH.,#15884);
#15884 = SURFACE_SIDE_STYLE('',(#15885));
#15885 = SURFACE_STYLE_FILL_AREA(#15886);
#15886 = FILL_AREA_STYLE('',(#15887));
#15887 = FILL_AREA_STYLE_COLOUR('',#15712);
#15888 = STYLED_ITEM('color',(#15889),#7307);
#15889 = PRESENTATION_STYLE_ASSIGNMENT((#15890));
#15890 = SURFACE_STYLE_USAGE(.BOTH.,#15891);
#15891 = SURFACE_SIDE_STYLE('',(#15892));
#15892 = SURFACE_STYLE_FILL_AREA(#15893);
#15893 = FILL_AREA_STYLE('',(#15894));
#15894 = FILL_AREA_STYLE_COLOUR('',#15712);
#15895 = STYLED_ITEM('color',(#15896),#7331);
#15896 = PRESENTATION_STYLE_ASSIGNMENT((#15897));
#15897 = SURFACE_STYLE_USAGE(.BOTH.,#15898);
#15898 = SURFACE_SIDE_STYLE('',(#15899));
#15899 = SURFACE_STYLE_FILL_AREA(#15900);
#15900 = FILL_AREA_STYLE('',(#15901));
#15901 = FILL_AREA_STYLE_COLOUR('',#15712);
#15902 = STYLED_ITEM('color',(#15903),#7348);
#15903 = PRESENTATION_STYLE_ASSIGNMENT((#15904));
#15904 = SURFACE_STYLE_USAGE(.BOTH.,#15905);
#15905 = SURFACE_SIDE_STYLE('',(#15906));
#15906 = SURFACE_STYLE_FILL_AREA(#15907);
#15907 = FILL_AREA_STYLE('',(#15908));
#15908 = FILL_AREA_STYLE_COLOUR('',#15712);
#15909 = STYLED_ITEM('color',(#15910),#7379);
#15910 = PRESENTATION_STYLE_ASSIGNMENT((#15911));
#15911 = SURFACE_STYLE_USAGE(.BOTH.,#15912);
#15912 = SURFACE_SIDE_STYLE('',(#15913));
#15913 = SURFACE_STYLE_FILL_AREA(#15914);
#15914 = FILL_AREA_STYLE('',(#15915));
#15915 = FILL_AREA_STYLE_COLOUR('',#15712);
#15916 = STYLED_ITEM('color',(#15917),#7403);
#15917 = PRESENTATION_STYLE_ASSIGNMENT((#15918));
#15918 = SURFACE_STYLE_USAGE(.BOTH.,#15919);
#15919 = SURFACE_SIDE_STYLE('',(#15920));
#15920 = SURFACE_STYLE_FILL_AREA(#15921);
#15921 = FILL_AREA_STYLE('',(#15922));
#15922 = FILL_AREA_STYLE_COLOUR('',#15712);
#15923 = STYLED_ITEM('color',(#15924),#7427);
#15924 = PRESENTATION_STYLE_ASSIGNMENT((#15925));
#15925 = SURFACE_STYLE_USAGE(.BOTH.,#15926);
#15926 = SURFACE_SIDE_STYLE('',(#15927));
#15927 = SURFACE_STYLE_FILL_AREA(#15928);
#15928 = FILL_AREA_STYLE('',(#15929));
#15929 = FILL_AREA_STYLE_COLOUR('',#15712);
#15930 = STYLED_ITEM('color',(#15931),#7444);
#15931 = PRESENTATION_STYLE_ASSIGNMENT((#15932));
#15932 = SURFACE_STYLE_USAGE(.BOTH.,#15933);
#15933 = SURFACE_SIDE_STYLE('',(#15934));
#15934 = SURFACE_STYLE_FILL_AREA(#15935);
#15935 = FILL_AREA_STYLE('',(#15936));
#15936 = FILL_AREA_STYLE_COLOUR('',#15712);
#15937 = STYLED_ITEM('color',(#15938),#7475);
#15938 = PRESENTATION_STYLE_ASSIGNMENT((#15939));
#15939 = SURFACE_STYLE_USAGE(.BOTH.,#15940);
#15940 = SURFACE_SIDE_STYLE('',(#15941));
#15941 = SURFACE_STYLE_FILL_AREA(#15942);
#15942 = FILL_AREA_STYLE('',(#15943));
#15943 = FILL_AREA_STYLE_COLOUR('',#15712);
#15944 = STYLED_ITEM('color',(#15945),#7499);
#15945 = PRESENTATION_STYLE_ASSIGNMENT((#15946));
#15946 = SURFACE_STYLE_USAGE(.BOTH.,#15947);
#15947 = SURFACE_SIDE_STYLE('',(#15948));
#15948 = SURFACE_STYLE_FILL_AREA(#15949);
#15949 = FILL_AREA_STYLE('',(#15950));
#15950 = FILL_AREA_STYLE_COLOUR('',#15712);
#15951 = STYLED_ITEM('color',(#15952),#7523);
#15952 = PRESENTATION_STYLE_ASSIGNMENT((#15953));
#15953 = SURFACE_STYLE_USAGE(.BOTH.,#15954);
#15954 = SURFACE_SIDE_STYLE('',(#15955));
#15955 = SURFACE_STYLE_FILL_AREA(#15956);
#15956 = FILL_AREA_STYLE('',(#15957));
#15957 = FILL_AREA_STYLE_COLOUR('',#15712);
#15958 = STYLED_ITEM('color',(#15959),#7540);
#15959 = PRESENTATION_STYLE_ASSIGNMENT((#15960));
#15960 = SURFACE_STYLE_USAGE(.BOTH.,#15961);
#15961 = SURFACE_SIDE_STYLE('',(#15962));
#15962 = SURFACE_STYLE_FILL_AREA(#15963);
#15963 = FILL_AREA_STYLE('',(#15964));
#15964 = FILL_AREA_STYLE_COLOUR('',#15712);
#15965 = STYLED_ITEM('color',(#15966),#7571);
#15966 = PRESENTATION_STYLE_ASSIGNMENT((#15967));
#15967 = SURFACE_STYLE_USAGE(.BOTH.,#15968);
#15968 = SURFACE_SIDE_STYLE('',(#15969));
#15969 = SURFACE_STYLE_FILL_AREA(#15970);
#15970 = FILL_AREA_STYLE('',(#15971));
#15971 = FILL_AREA_STYLE_COLOUR('',#15712);
#15972 = STYLED_ITEM('color',(#15973),#7595);
#15973 = PRESENTATION_STYLE_ASSIGNMENT((#15974));
#15974 = SURFACE_STYLE_USAGE(.BOTH.,#15975);
#15975 = SURFACE_SIDE_STYLE('',(#15976));
#15976 = SURFACE_STYLE_FILL_AREA(#15977);
#15977 = FILL_AREA_STYLE('',(#15978));
#15978 = FILL_AREA_STYLE_COLOUR('',#15712);
#15979 = STYLED_ITEM('color',(#15980),#7619);
#15980 = PRESENTATION_STYLE_ASSIGNMENT((#15981));
#15981 = SURFACE_STYLE_USAGE(.BOTH.,#15982);
#15982 = SURFACE_SIDE_STYLE('',(#15983));
#15983 = SURFACE_STYLE_FILL_AREA(#15984);
#15984 = FILL_AREA_STYLE('',(#15985));
#15985 = FILL_AREA_STYLE_COLOUR('',#15712);
#15986 = STYLED_ITEM('color',(#15987),#7636);
#15987 = PRESENTATION_STYLE_ASSIGNMENT((#15988));
#15988 = SURFACE_STYLE_USAGE(.BOTH.,#15989);
#15989 = SURFACE_SIDE_STYLE('',(#15990));
#15990 = SURFACE_STYLE_FILL_AREA(#15991);
#15991 = FILL_AREA_STYLE('',(#15992));
#15992 = FILL_AREA_STYLE_COLOUR('',#15712);
#15993 = STYLED_ITEM('color',(#15994),#7667);
#15994 = PRESENTATION_STYLE_ASSIGNMENT((#15995));
#15995 = SURFACE_STYLE_USAGE(.BOTH.,#15996);
#15996 = SURFACE_SIDE_STYLE('',(#15997));
#15997 = SURFACE_STYLE_FILL_AREA(#15998);
#15998 = FILL_AREA_STYLE('',(#15999));
#15999 = FILL_AREA_STYLE_COLOUR('',#15712);
#16000 = STYLED_ITEM('color',(#16001),#7691);
#16001 = PRESENTATION_STYLE_ASSIGNMENT((#16002));
#16002 = SURFACE_STYLE_USAGE(.BOTH.,#16003);
#16003 = SURFACE_SIDE_STYLE('',(#16004));
#16004 = SURFACE_STYLE_FILL_AREA(#16005);
#16005 = FILL_AREA_STYLE('',(#16006));
#16006 = FILL_AREA_STYLE_COLOUR('',#15712);
#16007 = STYLED_ITEM('color',(#16008),#7715);
#16008 = PRESENTATION_STYLE_ASSIGNMENT((#16009));
#16009 = SURFACE_STYLE_USAGE(.BOTH.,#16010);
#16010 = SURFACE_SIDE_STYLE('',(#16011));
#16011 = SURFACE_STYLE_FILL_AREA(#16012);
#16012 = FILL_AREA_STYLE('',(#16013));
#16013 = FILL_AREA_STYLE_COLOUR('',#15712);
#16014 = STYLED_ITEM('color',(#16015),#7732);
#16015 = PRESENTATION_STYLE_ASSIGNMENT((#16016));
#16016 = SURFACE_STYLE_USAGE(.BOTH.,#16017);
#16017 = SURFACE_SIDE_STYLE('',(#16018));
#16018 = SURFACE_STYLE_FILL_AREA(#16019);
#16019 = FILL_AREA_STYLE('',(#16020));
#16020 = FILL_AREA_STYLE_COLOUR('',#15712);
#16021 = STYLED_ITEM('color',(#16022),#7763);
#16022 = PRESENTATION_STYLE_ASSIGNMENT((#16023));
#16023 = SURFACE_STYLE_USAGE(.BOTH.,#16024);
#16024 = SURFACE_SIDE_STYLE('',(#16025));
#16025 = SURFACE_STYLE_FILL_AREA(#16026);
#16026 = FILL_AREA_STYLE('',(#16027));
#16027 = FILL_AREA_STYLE_COLOUR('',#15712);
#16028 = STYLED_ITEM('color',(#16029),#7787);
#16029 = PRESENTATION_STYLE_ASSIGNMENT((#16030));
#16030 = SURFACE_STYLE_USAGE(.BOTH.,#16031);
#16031 = SURFACE_SIDE_STYLE('',(#16032));
#16032 = SURFACE_STYLE_FILL_AREA(#16033);
#16033 = FILL_AREA_STYLE('',(#16034));
#16034 = FILL_AREA_STYLE_COLOUR('',#15712);
#16035 = STYLED_ITEM('color',(#16036),#7811);
#16036 = PRESENTATION_STYLE_ASSIGNMENT((#16037));
#16037 = SURFACE_STYLE_USAGE(.BOTH.,#16038);
#16038 = SURFACE_SIDE_STYLE('',(#16039));
#16039 = SURFACE_STYLE_FILL_AREA(#16040);
#16040 = FILL_AREA_STYLE('',(#16041));
#16041 = FILL_AREA_STYLE_COLOUR('',#15712);
#16042 = STYLED_ITEM('color',(#16043),#7828);
#16043 = PRESENTATION_STYLE_ASSIGNMENT((#16044));
#16044 = SURFACE_STYLE_USAGE(.BOTH.,#16045);
#16045 = SURFACE_SIDE_STYLE('',(#16046));
#16046 = SURFACE_STYLE_FILL_AREA(#16047);
#16047 = FILL_AREA_STYLE('',(#16048));
#16048 = FILL_AREA_STYLE_COLOUR('',#15712);
#16049 = STYLED_ITEM('color',(#16050),#7859);
#16050 = PRESENTATION_STYLE_ASSIGNMENT((#16051));
#16051 = SURFACE_STYLE_USAGE(.BOTH.,#16052);
#16052 = SURFACE_SIDE_STYLE('',(#16053));
#16053 = SURFACE_STYLE_FILL_AREA(#16054);
#16054 = FILL_AREA_STYLE('',(#16055));
#16055 = FILL_AREA_STYLE_COLOUR('',#15712);
#16056 = STYLED_ITEM('color',(#16057),#7883);
#16057 = PRESENTATION_STYLE_ASSIGNMENT((#16058));
#16058 = SURFACE_STYLE_USAGE(.BOTH.,#16059);
#16059 = SURFACE_SIDE_STYLE('',(#16060));
#16060 = SURFACE_STYLE_FILL_AREA(#16061);
#16061 = FILL_AREA_STYLE('',(#16062));
#16062 = FILL_AREA_STYLE_COLOUR('',#15712);
#16063 = STYLED_ITEM('color',(#16064),#7907);
#16064 = PRESENTATION_STYLE_ASSIGNMENT((#16065));
#16065 = SURFACE_STYLE_USAGE(.BOTH.,#16066);
#16066 = SURFACE_SIDE_STYLE('',(#16067));
#16067 = SURFACE_STYLE_FILL_AREA(#16068);
#16068 = FILL_AREA_STYLE('',(#16069));
#16069 = FILL_AREA_STYLE_COLOUR('',#15712);
#16070 = STYLED_ITEM('color',(#16071),#7924);
#16071 = PRESENTATION_STYLE_ASSIGNMENT((#16072));
#16072 = SURFACE_STYLE_USAGE(.BOTH.,#16073);
#16073 = SURFACE_SIDE_STYLE('',(#16074));
#16074 = SURFACE_STYLE_FILL_AREA(#16075);
#16075 = FILL_AREA_STYLE('',(#16076));
#16076 = FILL_AREA_STYLE_COLOUR('',#15712);
#16077 = STYLED_ITEM('color',(#16078),#7955);
#16078 = PRESENTATION_STYLE_ASSIGNMENT((#16079));
#16079 = SURFACE_STYLE_USAGE(.BOTH.,#16080);
#16080 = SURFACE_SIDE_STYLE('',(#16081));
#16081 = SURFACE_STYLE_FILL_AREA(#16082);
#16082 = FILL_AREA_STYLE('',(#16083));
#16083 = FILL_AREA_STYLE_COLOUR('',#15712);
#16084 = STYLED_ITEM('color',(#16085),#7979);
#16085 = PRESENTATION_STYLE_ASSIGNMENT((#16086));
#16086 = SURFACE_STYLE_USAGE(.BOTH.,#16087);
#16087 = SURFACE_SIDE_STYLE('',(#16088));
#16088 = SURFACE_STYLE_FILL_AREA(#16089);
#16089 = FILL_AREA_STYLE('',(#16090));
#16090 = FILL_AREA_STYLE_COLOUR('',#15712);
#16091 = STYLED_ITEM('color',(#16092),#8003);
#16092 = PRESENTATION_STYLE_ASSIGNMENT((#16093));
#16093 = SURFACE_STYLE_USAGE(.BOTH.,#16094);
#16094 = SURFACE_SIDE_STYLE('',(#16095));
#16095 = SURFACE_STYLE_FILL_AREA(#16096);
#16096 = FILL_AREA_STYLE('',(#16097));
#16097 = FILL_AREA_STYLE_COLOUR('',#15712);
#16098 = STYLED_ITEM('color',(#16099),#8020);
#16099 = PRESENTATION_STYLE_ASSIGNMENT((#16100));
#16100 = SURFACE_STYLE_USAGE(.BOTH.,#16101);
#16101 = SURFACE_SIDE_STYLE('',(#16102));
#16102 = SURFACE_STYLE_FILL_AREA(#16103);
#16103 = FILL_AREA_STYLE('',(#16104));
#16104 = FILL_AREA_STYLE_COLOUR('',#15712);
#16105 = STYLED_ITEM('color',(#16106),#8051);
#16106 = PRESENTATION_STYLE_ASSIGNMENT((#16107));
#16107 = SURFACE_STYLE_USAGE(.BOTH.,#16108);
#16108 = SURFACE_SIDE_STYLE('',(#16109));
#16109 = SURFACE_STYLE_FILL_AREA(#16110);
#16110 = FILL_AREA_STYLE('',(#16111));
#16111 = FILL_AREA_STYLE_COLOUR('',#15712);
#16112 = STYLED_ITEM('color',(#16113),#8075);
#16113 = PRESENTATION_STYLE_ASSIGNMENT((#16114));
#16114 = SURFACE_STYLE_USAGE(.BOTH.,#16115);
#16115 = SURFACE_SIDE_STYLE('',(#16116));
#16116 = SURFACE_STYLE_FILL_AREA(#16117);
#16117 = FILL_AREA_STYLE('',(#16118));
#16118 = FILL_AREA_STYLE_COLOUR('',#15712);
#16119 = STYLED_ITEM('color',(#16120),#8099);
#16120 = PRESENTATION_STYLE_ASSIGNMENT((#16121));
#16121 = SURFACE_STYLE_USAGE(.BOTH.,#16122);
#16122 = SURFACE_SIDE_STYLE('',(#16123));
#16123 = SURFACE_STYLE_FILL_AREA(#16124);
#16124 = FILL_AREA_STYLE('',(#16125));
#16125 = FILL_AREA_STYLE_COLOUR('',#15712);
#16126 = STYLED_ITEM('color',(#16127),#8116);
#16127 = PRESENTATION_STYLE_ASSIGNMENT((#16128));
#16128 = SURFACE_STYLE_USAGE(.BOTH.,#16129);
#16129 = SURFACE_SIDE_STYLE('',(#16130));
#16130 = SURFACE_STYLE_FILL_AREA(#16131);
#16131 = FILL_AREA_STYLE('',(#16132));
#16132 = FILL_AREA_STYLE_COLOUR('',#15712);
#16133 = STYLED_ITEM('color',(#16134),#8147);
#16134 = PRESENTATION_STYLE_ASSIGNMENT((#16135));
#16135 = SURFACE_STYLE_USAGE(.BOTH.,#16136);
#16136 = SURFACE_SIDE_STYLE('',(#16137));
#16137 = SURFACE_STYLE_FILL_AREA(#16138);
#16138 = FILL_AREA_STYLE('',(#16139));
#16139 = FILL_AREA_STYLE_COLOUR('',#15712);
#16140 = STYLED_ITEM('color',(#16141),#8171);
#16141 = PRESENTATION_STYLE_ASSIGNMENT((#16142));
#16142 = SURFACE_STYLE_USAGE(.BOTH.,#16143);
#16143 = SURFACE_SIDE_STYLE('',(#16144));
#16144 = SURFACE_STYLE_FILL_AREA(#16145);
#16145 = FILL_AREA_STYLE('',(#16146));
#16146 = FILL_AREA_STYLE_COLOUR('',#15712);
#16147 = STYLED_ITEM('color',(#16148),#8195);
#16148 = PRESENTATION_STYLE_ASSIGNMENT((#16149));
#16149 = SURFACE_STYLE_USAGE(.BOTH.,#16150);
#16150 = SURFACE_SIDE_STYLE('',(#16151));
#16151 = SURFACE_STYLE_FILL_AREA(#16152);
#16152 = FILL_AREA_STYLE('',(#16153));
#16153 = FILL_AREA_STYLE_COLOUR('',#15712);
#16154 = STYLED_ITEM('color',(#16155),#8212);
#16155 = PRESENTATION_STYLE_ASSIGNMENT((#16156));
#16156 = SURFACE_STYLE_USAGE(.BOTH.,#16157);
#16157 = SURFACE_SIDE_STYLE('',(#16158));
#16158 = SURFACE_STYLE_FILL_AREA(#16159);
#16159 = FILL_AREA_STYLE('',(#16160));
#16160 = FILL_AREA_STYLE_COLOUR('',#15712);
#16161 = STYLED_ITEM('color',(#16162),#8243);
#16162 = PRESENTATION_STYLE_ASSIGNMENT((#16163));
#16163 = SURFACE_STYLE_USAGE(.BOTH.,#16164);
#16164 = SURFACE_SIDE_STYLE('',(#16165));
#16165 = SURFACE_STYLE_FILL_AREA(#16166);
#16166 = FILL_AREA_STYLE('',(#16167));
#16167 = FILL_AREA_STYLE_COLOUR('',#15712);
#16168 = STYLED_ITEM('color',(#16169),#8267);
#16169 = PRESENTATION_STYLE_ASSIGNMENT((#16170));
#16170 = SURFACE_STYLE_USAGE(.BOTH.,#16171);
#16171 = SURFACE_SIDE_STYLE('',(#16172));
#16172 = SURFACE_STYLE_FILL_AREA(#16173);
#16173 = FILL_AREA_STYLE('',(#16174));
#16174 = FILL_AREA_STYLE_COLOUR('',#15712);
#16175 = STYLED_ITEM('color',(#16176),#8291);
#16176 = PRESENTATION_STYLE_ASSIGNMENT((#16177));
#16177 = SURFACE_STYLE_USAGE(.BOTH.,#16178);
#16178 = SURFACE_SIDE_STYLE('',(#16179));
#16179 = SURFACE_STYLE_FILL_AREA(#16180);
#16180 = FILL_AREA_STYLE('',(#16181));
#16181 = FILL_AREA_STYLE_COLOUR('',#15712);
#16182 = STYLED_ITEM('color',(#16183),#8308);
#16183 = PRESENTATION_STYLE_ASSIGNMENT((#16184));
#16184 = SURFACE_STYLE_USAGE(.BOTH.,#16185);
#16185 = SURFACE_SIDE_STYLE('',(#16186));
#16186 = SURFACE_STYLE_FILL_AREA(#16187);
#16187 = FILL_AREA_STYLE('',(#16188));
#16188 = FILL_AREA_STYLE_COLOUR('',#15712);
#16189 = STYLED_ITEM('color',(#16190),#8339);
#16190 = PRESENTATION_STYLE_ASSIGNMENT((#16191));
#16191 = SURFACE_STYLE_USAGE(.BOTH.,#16192);
#16192 = SURFACE_SIDE_STYLE('',(#16193));
#16193 = SURFACE_STYLE_FILL_AREA(#16194);
#16194 = FILL_AREA_STYLE('',(#16195));
#16195 = FILL_AREA_STYLE_COLOUR('',#15712);
#16196 = STYLED_ITEM('color',(#16197),#8363);
#16197 = PRESENTATION_STYLE_ASSIGNMENT((#16198));
#16198 = SURFACE_STYLE_USAGE(.BOTH.,#16199);
#16199 = SURFACE_SIDE_STYLE('',(#16200));
#16200 = SURFACE_STYLE_FILL_AREA(#16201);
#16201 = FILL_AREA_STYLE('',(#16202));
#16202 = FILL_AREA_STYLE_COLOUR('',#15712);
#16203 = STYLED_ITEM('color',(#16204),#8387);
#16204 = PRESENTATION_STYLE_ASSIGNMENT((#16205));
#16205 = SURFACE_STYLE_USAGE(.BOTH.,#16206);
#16206 = SURFACE_SIDE_STYLE('',(#16207));
#16207 = SURFACE_STYLE_FILL_AREA(#16208);
#16208 = FILL_AREA_STYLE('',(#16209));
#16209 = FILL_AREA_STYLE_COLOUR('',#15712);
#16210 = STYLED_ITEM('color',(#16211),#8404);
#16211 = PRESENTATION_STYLE_ASSIGNMENT((#16212));
#16212 = SURFACE_STYLE_USAGE(.BOTH.,#16213);
#16213 = SURFACE_SIDE_STYLE('',(#16214));
#16214 = SURFACE_STYLE_FILL_AREA(#16215);
#16215 = FILL_AREA_STYLE('',(#16216));
#16216 = FILL_AREA_STYLE_COLOUR('',#15712);
#16217 = STYLED_ITEM('color',(#16218),#8435);
#16218 = PRESENTATION_STYLE_ASSIGNMENT((#16219));
#16219 = SURFACE_STYLE_USAGE(.BOTH.,#16220);
#16220 = SURFACE_SIDE_STYLE('',(#16221));
#16221 = SURFACE_STYLE_FILL_AREA(#16222);
#16222 = FILL_AREA_STYLE('',(#16223));
#16223 = FILL_AREA_STYLE_COLOUR('',#15712);
#16224 = STYLED_ITEM('color',(#16225),#8459);
#16225 = PRESENTATION_STYLE_ASSIGNMENT((#16226));
#16226 = SURFACE_STYLE_USAGE(.BOTH.,#16227);
#16227 = SURFACE_SIDE_STYLE('',(#16228));
#16228 = SURFACE_STYLE_FILL_AREA(#16229);
#16229 = FILL_AREA_STYLE('',(#16230));
#16230 = FILL_AREA_STYLE_COLOUR('',#15712);
#16231 = STYLED_ITEM('color',(#16232),#8483);
#16232 = PRESENTATION_STYLE_ASSIGNMENT((#16233));
#16233 = SURFACE_STYLE_USAGE(.BOTH.,#16234);
#16234 = SURFACE_SIDE_STYLE('',(#16235));
#16235 = SURFACE_STYLE_FILL_AREA(#16236);
#16236 = FILL_AREA_STYLE('',(#16237));
#16237 = FILL_AREA_STYLE_COLOUR('',#15712);
#16238 = STYLED_ITEM('color',(#16239),#8500);
#16239 = PRESENTATION_STYLE_ASSIGNMENT((#16240));
#16240 = SURFACE_STYLE_USAGE(.BOTH.,#16241);
#16241 = SURFACE_SIDE_STYLE('',(#16242));
#16242 = SURFACE_STYLE_FILL_AREA(#16243);
#16243 = FILL_AREA_STYLE('',(#16244));
#16244 = FILL_AREA_STYLE_COLOUR('',#15712);
#16245 = STYLED_ITEM('color',(#16246),#8531);
#16246 = PRESENTATION_STYLE_ASSIGNMENT((#16247));
#16247 = SURFACE_STYLE_USAGE(.BOTH.,#16248);
#16248 = SURFACE_SIDE_STYLE('',(#16249));
#16249 = SURFACE_STYLE_FILL_AREA(#16250);
#16250 = FILL_AREA_STYLE('',(#16251));
#16251 = FILL_AREA_STYLE_COLOUR('',#15712);
#16252 = STYLED_ITEM('color',(#16253),#8555);
#16253 = PRESENTATION_STYLE_ASSIGNMENT((#16254));
#16254 = SURFACE_STYLE_USAGE(.BOTH.,#16255);
#16255 = SURFACE_SIDE_STYLE('',(#16256));
#16256 = SURFACE_STYLE_FILL_AREA(#16257);
#16257 = FILL_AREA_STYLE('',(#16258));
#16258 = FILL_AREA_STYLE_COLOUR('',#15712);
#16259 = STYLED_ITEM('color',(#16260),#8579);
#16260 = PRESENTATION_STYLE_ASSIGNMENT((#16261));
#16261 = SURFACE_STYLE_USAGE(.BOTH.,#16262);
#16262 = SURFACE_SIDE_STYLE('',(#16263));
#16263 = SURFACE_STYLE_FILL_AREA(#16264);
#16264 = FILL_AREA_STYLE('',(#16265));
#16265 = FILL_AREA_STYLE_COLOUR('',#15712);
#16266 = STYLED_ITEM('color',(#16267),#8596);
#16267 = PRESENTATION_STYLE_ASSIGNMENT((#16268));
#16268 = SURFACE_STYLE_USAGE(.BOTH.,#16269);
#16269 = SURFACE_SIDE_STYLE('',(#16270));
#16270 = SURFACE_STYLE_FILL_AREA(#16271);
#16271 = FILL_AREA_STYLE('',(#16272));
#16272 = FILL_AREA_STYLE_COLOUR('',#15712);
#16273 = STYLED_ITEM('color',(#16274),#8608);
#16274 = PRESENTATION_STYLE_ASSIGNMENT((#16275));
#16275 = SURFACE_STYLE_USAGE(.BOTH.,#16276);
#16276 = SURFACE_SIDE_STYLE('',(#16277));
#16277 = SURFACE_STYLE_FILL_AREA(#16278);
#16278 = FILL_AREA_STYLE('',(#16279));
#16279 = FILL_AREA_STYLE_COLOUR('',#15712);
#16280 = STYLED_ITEM('color',(#16281),#8620);
#16281 = PRESENTATION_STYLE_ASSIGNMENT((#16282));
#16282 = SURFACE_STYLE_USAGE(.BOTH.,#16283);
#16283 = SURFACE_SIDE_STYLE('',(#16284));
#16284 = SURFACE_STYLE_FILL_AREA(#16285);
#16285 = FILL_AREA_STYLE('',(#16286));
#16286 = FILL_AREA_STYLE_COLOUR('',#15712);
#16287 = STYLED_ITEM('color',(#16288),#8632);
#16288 = PRESENTATION_STYLE_ASSIGNMENT((#16289));
#16289 = SURFACE_STYLE_USAGE(.BOTH.,#16290);
#16290 = SURFACE_SIDE_STYLE('',(#16291));
#16291 = SURFACE_STYLE_FILL_AREA(#16292);
#16292 = FILL_AREA_STYLE('',(#16293));
#16293 = FILL_AREA_STYLE_COLOUR('',#15712);
#16294 = STYLED_ITEM('color',(#16295),#8644);
#16295 = PRESENTATION_STYLE_ASSIGNMENT((#16296));
#16296 = SURFACE_STYLE_USAGE(.BOTH.,#16297);
#16297 = SURFACE_SIDE_STYLE('',(#16298));
#16298 = SURFACE_STYLE_FILL_AREA(#16299);
#16299 = FILL_AREA_STYLE('',(#16300));
#16300 = FILL_AREA_STYLE_COLOUR('',#15712);
#16301 = STYLED_ITEM('color',(#16302),#8656);
#16302 = PRESENTATION_STYLE_ASSIGNMENT((#16303));
#16303 = SURFACE_STYLE_USAGE(.BOTH.,#16304);
#16304 = SURFACE_SIDE_STYLE('',(#16305));
#16305 = SURFACE_STYLE_FILL_AREA(#16306);
#16306 = FILL_AREA_STYLE('',(#16307));
#16307 = FILL_AREA_STYLE_COLOUR('',#15712);
#16308 = STYLED_ITEM('color',(#16309),#8668);
#16309 = PRESENTATION_STYLE_ASSIGNMENT((#16310));
#16310 = SURFACE_STYLE_USAGE(.BOTH.,#16311);
#16311 = SURFACE_SIDE_STYLE('',(#16312));
#16312 = SURFACE_STYLE_FILL_AREA(#16313);
#16313 = FILL_AREA_STYLE('',(#16314));
#16314 = FILL_AREA_STYLE_COLOUR('',#15712);
#16315 = STYLED_ITEM('color',(#16316),#8680);
#16316 = PRESENTATION_STYLE_ASSIGNMENT((#16317));
#16317 = SURFACE_STYLE_USAGE(.BOTH.,#16318);
#16318 = SURFACE_SIDE_STYLE('',(#16319));
#16319 = SURFACE_STYLE_FILL_AREA(#16320);
#16320 = FILL_AREA_STYLE('',(#16321));
#16321 = FILL_AREA_STYLE_COLOUR('',#15712);
#16322 = STYLED_ITEM('color',(#16323),#8692);
#16323 = PRESENTATION_STYLE_ASSIGNMENT((#16324));
#16324 = SURFACE_STYLE_USAGE(.BOTH.,#16325);
#16325 = SURFACE_SIDE_STYLE('',(#16326));
#16326 = SURFACE_STYLE_FILL_AREA(#16327);
#16327 = FILL_AREA_STYLE('',(#16328));
#16328 = FILL_AREA_STYLE_COLOUR('',#15712);
#16329 = STYLED_ITEM('color',(#16330),#8704);
#16330 = PRESENTATION_STYLE_ASSIGNMENT((#16331));
#16331 = SURFACE_STYLE_USAGE(.BOTH.,#16332);
#16332 = SURFACE_SIDE_STYLE('',(#16333));
#16333 = SURFACE_STYLE_FILL_AREA(#16334);
#16334 = FILL_AREA_STYLE('',(#16335));
#16335 = FILL_AREA_STYLE_COLOUR('',#15712);
#16336 = MECHANICAL_DESIGN_GEOMETRIC_PRESENTATION_REPRESENTATION('',(
    #16337,#16344,#16351,#16358,#16365,#16372,#16379,#16386,#16393,
    #16400,#16407,#16414,#16421,#16428,#16435,#16442,#16449,#16456,
    #16463,#16470,#16477,#16484,#16491,#16498,#16505,#16512,#16519,
    #16526,#16533,#16540,#16547,#16554,#16561,#16568,#16575,#16582,
    #16589,#16596,#16603,#16610,#16617,#16624,#16631,#16638,#16645,
    #16652,#16659,#16666,#16673,#16680,#16687,#16694,#16701,#16708,
    #16715,#16722,#16729,#16736,#16743,#16750,#16757,#16764,#16771,
    #16778,#16785,#16792,#16799,#16806,#16813,#16820,#16827,#16834,
    #16841,#16848,#16855,#16862,#16869,#16876,#16883,#16890,#16897,
    #16904,#16911,#16918,#16925,#16932,#16939,#16946,#16953,#16960,
    #16967,#16974,#16981,#16988,#16995,#17002,#17009,#17016,#17023,
    #17030,#17037,#17044,#17051,#17058,#17065,#17072,#17079,#17086,
    #17093,#17100,#17107,#17114,#17121,#17128,#17135,#17142,#17149,
    #17156,#17163,#17170,#17177,#17184,#17191,#17198,#17205,#17212,
    #17219,#17226,#17233,#17240,#17247,#17254,#17261,#17268,#17275,
    #17282,#17289,#17296,#17303,#17310,#17317,#17324,#17331,#17338,
    #17345,#17352,#17359,#17366,#17373,#17380,#17387,#17394,#17401,
    #17408,#17415,#17422,#17429,#17436,#17443,#17450,#17457,#17464,
    #17471,#17478,#17485,#17492,#17499,#17506,#17513,#17520,#17527,
    #17534),#5220);
#16337 = STYLED_ITEM('color',(#16338),#420);
#16338 = PRESENTATION_STYLE_ASSIGNMENT((#16339));
#16339 = SURFACE_STYLE_USAGE(.BOTH.,#16340);
#16340 = SURFACE_SIDE_STYLE('',(#16341));
#16341 = SURFACE_STYLE_FILL_AREA(#16342);
#16342 = FILL_AREA_STYLE('',(#16343));
#16343 = FILL_AREA_STYLE_COLOUR('',#15380);
#16344 = STYLED_ITEM('color',(#16345),#460);
#16345 = PRESENTATION_STYLE_ASSIGNMENT((#16346));
#16346 = SURFACE_STYLE_USAGE(.BOTH.,#16347);
#16347 = SURFACE_SIDE_STYLE('',(#16348));
#16348 = SURFACE_STYLE_FILL_AREA(#16349);
#16349 = FILL_AREA_STYLE('',(#16350));
#16350 = FILL_AREA_STYLE_COLOUR('',#15380);
#16351 = STYLED_ITEM('color',(#16352),#491);
#16352 = PRESENTATION_STYLE_ASSIGNMENT((#16353));
#16353 = SURFACE_STYLE_USAGE(.BOTH.,#16354);
#16354 = SURFACE_SIDE_STYLE('',(#16355));
#16355 = SURFACE_STYLE_FILL_AREA(#16356);
#16356 = FILL_AREA_STYLE('',(#16357));
#16357 = FILL_AREA_STYLE_COLOUR('',#15380);
#16358 = STYLED_ITEM('color',(#16359),#522);
#16359 = PRESENTATION_STYLE_ASSIGNMENT((#16360));
#16360 = SURFACE_STYLE_USAGE(.BOTH.,#16361);
#16361 = SURFACE_SIDE_STYLE('',(#16362));
#16362 = SURFACE_STYLE_FILL_AREA(#16363);
#16363 = FILL_AREA_STYLE('',(#16364));
#16364 = FILL_AREA_STYLE_COLOUR('',#15380);
#16365 = STYLED_ITEM('color',(#16366),#1097);
#16366 = PRESENTATION_STYLE_ASSIGNMENT((#16367));
#16367 = SURFACE_STYLE_USAGE(.BOTH.,#16368);
#16368 = SURFACE_SIDE_STYLE('',(#16369));
#16369 = SURFACE_STYLE_FILL_AREA(#16370);
#16370 = FILL_AREA_STYLE('',(#16371));
#16371 = FILL_AREA_STYLE_COLOUR('',#15380);
#16372 = STYLED_ITEM('color',(#16373),#1672);
#16373 = PRESENTATION_STYLE_ASSIGNMENT((#16374));
#16374 = SURFACE_STYLE_USAGE(.BOTH.,#16375);
#16375 = SURFACE_SIDE_STYLE('',(#16376));
#16376 = SURFACE_STYLE_FILL_AREA(#16377);
#16377 = FILL_AREA_STYLE('',(#16378));
#16378 = FILL_AREA_STYLE_COLOUR('',#15380);
#16379 = STYLED_ITEM('color',(#16380),#1689);
#16380 = PRESENTATION_STYLE_ASSIGNMENT((#16381));
#16381 = SURFACE_STYLE_USAGE(.BOTH.,#16382);
#16382 = SURFACE_SIDE_STYLE('',(#16383));
#16383 = SURFACE_STYLE_FILL_AREA(#16384);
#16384 = FILL_AREA_STYLE('',(#16385));
#16385 = FILL_AREA_STYLE_COLOUR('',#15380);
#16386 = STYLED_ITEM('color',(#16387),#1706);
#16387 = PRESENTATION_STYLE_ASSIGNMENT((#16388));
#16388 = SURFACE_STYLE_USAGE(.BOTH.,#16389);
#16389 = SURFACE_SIDE_STYLE('',(#16390));
#16390 = SURFACE_STYLE_FILL_AREA(#16391);
#16391 = FILL_AREA_STYLE('',(#16392));
#16392 = FILL_AREA_STYLE_COLOUR('',#15380);
#16393 = STYLED_ITEM('color',(#16394),#1723);
#16394 = PRESENTATION_STYLE_ASSIGNMENT((#16395));
#16395 = SURFACE_STYLE_USAGE(.BOTH.,#16396);
#16396 = SURFACE_SIDE_STYLE('',(#16397));
#16397 = SURFACE_STYLE_FILL_AREA(#16398);
#16398 = FILL_AREA_STYLE('',(#16399));
#16399 = FILL_AREA_STYLE_COLOUR('',#15380);
#16400 = STYLED_ITEM('color',(#16401),#1740);
#16401 = PRESENTATION_STYLE_ASSIGNMENT((#16402));
#16402 = SURFACE_STYLE_USAGE(.BOTH.,#16403);
#16403 = SURFACE_SIDE_STYLE('',(#16404));
#16404 = SURFACE_STYLE_FILL_AREA(#16405);
#16405 = FILL_AREA_STYLE('',(#16406));
#16406 = FILL_AREA_STYLE_COLOUR('',#15380);
#16407 = STYLED_ITEM('color',(#16408),#1757);
#16408 = PRESENTATION_STYLE_ASSIGNMENT((#16409));
#16409 = SURFACE_STYLE_USAGE(.BOTH.,#16410);
#16410 = SURFACE_SIDE_STYLE('',(#16411));
#16411 = SURFACE_STYLE_FILL_AREA(#16412);
#16412 = FILL_AREA_STYLE('',(#16413));
#16413 = FILL_AREA_STYLE_COLOUR('',#15380);
#16414 = STYLED_ITEM('color',(#16415),#1774);
#16415 = PRESENTATION_STYLE_ASSIGNMENT((#16416));
#16416 = SURFACE_STYLE_USAGE(.BOTH.,#16417);
#16417 = SURFACE_SIDE_STYLE('',(#16418));
#16418 = SURFACE_STYLE_FILL_AREA(#16419);
#16419 = FILL_AREA_STYLE('',(#16420));
#16420 = FILL_AREA_STYLE_COLOUR('',#15380);
#16421 = STYLED_ITEM('color',(#16422),#1791);
#16422 = PRESENTATION_STYLE_ASSIGNMENT((#16423));
#16423 = SURFACE_STYLE_USAGE(.BOTH.,#16424);
#16424 = SURFACE_SIDE_STYLE('',(#16425));
#16425 = SURFACE_STYLE_FILL_AREA(#16426);
#16426 = FILL_AREA_STYLE('',(#16427));
#16427 = FILL_AREA_STYLE_COLOUR('',#15380);
#16428 = STYLED_ITEM('color',(#16429),#1808);
#16429 = PRESENTATION_STYLE_ASSIGNMENT((#16430));
#16430 = SURFACE_STYLE_USAGE(.BOTH.,#16431);
#16431 = SURFACE_SIDE_STYLE('',(#16432));
#16432 = SURFACE_STYLE_FILL_AREA(#16433);
#16433 = FILL_AREA_STYLE('',(#16434));
#16434 = FILL_AREA_STYLE_COLOUR('',#15380);
#16435 = STYLED_ITEM('color',(#16436),#1825);
#16436 = PRESENTATION_STYLE_ASSIGNMENT((#16437));
#16437 = SURFACE_STYLE_USAGE(.BOTH.,#16438);
#16438 = SURFACE_SIDE_STYLE('',(#16439));
#16439 = SURFACE_STYLE_FILL_AREA(#16440);
#16440 = FILL_AREA_STYLE('',(#16441));
#16441 = FILL_AREA_STYLE_COLOUR('',#15380);
#16442 = STYLED_ITEM('color',(#16443),#1842);
#16443 = PRESENTATION_STYLE_ASSIGNMENT((#16444));
#16444 = SURFACE_STYLE_USAGE(.BOTH.,#16445);
#16445 = SURFACE_SIDE_STYLE('',(#16446));
#16446 = SURFACE_STYLE_FILL_AREA(#16447);
#16447 = FILL_AREA_STYLE('',(#16448));
#16448 = FILL_AREA_STYLE_COLOUR('',#15380);
#16449 = STYLED_ITEM('color',(#16450),#1859);
#16450 = PRESENTATION_STYLE_ASSIGNMENT((#16451));
#16451 = SURFACE_STYLE_USAGE(.BOTH.,#16452);
#16452 = SURFACE_SIDE_STYLE('',(#16453));
#16453 = SURFACE_STYLE_FILL_AREA(#16454);
#16454 = FILL_AREA_STYLE('',(#16455));
#16455 = FILL_AREA_STYLE_COLOUR('',#15380);
#16456 = STYLED_ITEM('color',(#16457),#1876);
#16457 = PRESENTATION_STYLE_ASSIGNMENT((#16458));
#16458 = SURFACE_STYLE_USAGE(.BOTH.,#16459);
#16459 = SURFACE_SIDE_STYLE('',(#16460));
#16460 = SURFACE_STYLE_FILL_AREA(#16461);
#16461 = FILL_AREA_STYLE('',(#16462));
#16462 = FILL_AREA_STYLE_COLOUR('',#15380);
#16463 = STYLED_ITEM('color',(#16464),#1893);
#16464 = PRESENTATION_STYLE_ASSIGNMENT((#16465));
#16465 = SURFACE_STYLE_USAGE(.BOTH.,#16466);
#16466 = SURFACE_SIDE_STYLE('',(#16467));
#16467 = SURFACE_STYLE_FILL_AREA(#16468);
#16468 = FILL_AREA_STYLE('',(#16469));
#16469 = FILL_AREA_STYLE_COLOUR('',#15380);
#16470 = STYLED_ITEM('color',(#16471),#1910);
#16471 = PRESENTATION_STYLE_ASSIGNMENT((#16472));
#16472 = SURFACE_STYLE_USAGE(.BOTH.,#16473);
#16473 = SURFACE_SIDE_STYLE('',(#16474));
#16474 = SURFACE_STYLE_FILL_AREA(#16475);
#16475 = FILL_AREA_STYLE('',(#16476));
#16476 = FILL_AREA_STYLE_COLOUR('',#15380);
#16477 = STYLED_ITEM('color',(#16478),#1927);
#16478 = PRESENTATION_STYLE_ASSIGNMENT((#16479));
#16479 = SURFACE_STYLE_USAGE(.BOTH.,#16480);
#16480 = SURFACE_SIDE_STYLE('',(#16481));
#16481 = SURFACE_STYLE_FILL_AREA(#16482);
#16482 = FILL_AREA_STYLE('',(#16483));
#16483 = FILL_AREA_STYLE_COLOUR('',#15380);
#16484 = STYLED_ITEM('color',(#16485),#1944);
#16485 = PRESENTATION_STYLE_ASSIGNMENT((#16486));
#16486 = SURFACE_STYLE_USAGE(.BOTH.,#16487);
#16487 = SURFACE_SIDE_STYLE('',(#16488));
#16488 = SURFACE_STYLE_FILL_AREA(#16489);
#16489 = FILL_AREA_STYLE('',(#16490));
#16490 = FILL_AREA_STYLE_COLOUR('',#15380);
#16491 = STYLED_ITEM('color',(#16492),#1961);
#16492 = PRESENTATION_STYLE_ASSIGNMENT((#16493));
#16493 = SURFACE_STYLE_USAGE(.BOTH.,#16494);
#16494 = SURFACE_SIDE_STYLE('',(#16495));
#16495 = SURFACE_STYLE_FILL_AREA(#16496);
#16496 = FILL_AREA_STYLE('',(#16497));
#16497 = FILL_AREA_STYLE_COLOUR('',#15380);
#16498 = STYLED_ITEM('color',(#16499),#1978);
#16499 = PRESENTATION_STYLE_ASSIGNMENT((#16500));
#16500 = SURFACE_STYLE_USAGE(.BOTH.,#16501);
#16501 = SURFACE_SIDE_STYLE('',(#16502));
#16502 = SURFACE_STYLE_FILL_AREA(#16503);
#16503 = FILL_AREA_STYLE('',(#16504));
#16504 = FILL_AREA_STYLE_COLOUR('',#15380);
#16505 = STYLED_ITEM('color',(#16506),#1995);
#16506 = PRESENTATION_STYLE_ASSIGNMENT((#16507));
#16507 = SURFACE_STYLE_USAGE(.BOTH.,#16508);
#16508 = SURFACE_SIDE_STYLE('',(#16509));
#16509 = SURFACE_STYLE_FILL_AREA(#16510);
#16510 = FILL_AREA_STYLE('',(#16511));
#16511 = FILL_AREA_STYLE_COLOUR('',#15380);
#16512 = STYLED_ITEM('color',(#16513),#2012);
#16513 = PRESENTATION_STYLE_ASSIGNMENT((#16514));
#16514 = SURFACE_STYLE_USAGE(.BOTH.,#16515);
#16515 = SURFACE_SIDE_STYLE('',(#16516));
#16516 = SURFACE_STYLE_FILL_AREA(#16517);
#16517 = FILL_AREA_STYLE('',(#16518));
#16518 = FILL_AREA_STYLE_COLOUR('',#15380);
#16519 = STYLED_ITEM('color',(#16520),#2029);
#16520 = PRESENTATION_STYLE_ASSIGNMENT((#16521));
#16521 = SURFACE_STYLE_USAGE(.BOTH.,#16522);
#16522 = SURFACE_SIDE_STYLE('',(#16523));
#16523 = SURFACE_STYLE_FILL_AREA(#16524);
#16524 = FILL_AREA_STYLE('',(#16525));
#16525 = FILL_AREA_STYLE_COLOUR('',#15380);
#16526 = STYLED_ITEM('color',(#16527),#2046);
#16527 = PRESENTATION_STYLE_ASSIGNMENT((#16528));
#16528 = SURFACE_STYLE_USAGE(.BOTH.,#16529);
#16529 = SURFACE_SIDE_STYLE('',(#16530));
#16530 = SURFACE_STYLE_FILL_AREA(#16531);
#16531 = FILL_AREA_STYLE('',(#16532));
#16532 = FILL_AREA_STYLE_COLOUR('',#15380);
#16533 = STYLED_ITEM('color',(#16534),#2063);
#16534 = PRESENTATION_STYLE_ASSIGNMENT((#16535));
#16535 = SURFACE_STYLE_USAGE(.BOTH.,#16536);
#16536 = SURFACE_SIDE_STYLE('',(#16537));
#16537 = SURFACE_STYLE_FILL_AREA(#16538);
#16538 = FILL_AREA_STYLE('',(#16539));
#16539 = FILL_AREA_STYLE_COLOUR('',#15380);
#16540 = STYLED_ITEM('color',(#16541),#2080);
#16541 = PRESENTATION_STYLE_ASSIGNMENT((#16542));
#16542 = SURFACE_STYLE_USAGE(.BOTH.,#16543);
#16543 = SURFACE_SIDE_STYLE('',(#16544));
#16544 = SURFACE_STYLE_FILL_AREA(#16545);
#16545 = FILL_AREA_STYLE('',(#16546));
#16546 = FILL_AREA_STYLE_COLOUR('',#15380);
#16547 = STYLED_ITEM('color',(#16548),#2097);
#16548 = PRESENTATION_STYLE_ASSIGNMENT((#16549));
#16549 = SURFACE_STYLE_USAGE(.BOTH.,#16550);
#16550 = SURFACE_SIDE_STYLE('',(#16551));
#16551 = SURFACE_STYLE_FILL_AREA(#16552);
#16552 = FILL_AREA_STYLE('',(#16553));
#16553 = FILL_AREA_STYLE_COLOUR('',#15380);
#16554 = STYLED_ITEM('color',(#16555),#2114);
#16555 = PRESENTATION_STYLE_ASSIGNMENT((#16556));
#16556 = SURFACE_STYLE_USAGE(.BOTH.,#16557);
#16557 = SURFACE_SIDE_STYLE('',(#16558));
#16558 = SURFACE_STYLE_FILL_AREA(#16559);
#16559 = FILL_AREA_STYLE('',(#16560));
#16560 = FILL_AREA_STYLE_COLOUR('',#15380);
#16561 = STYLED_ITEM('color',(#16562),#2131);
#16562 = PRESENTATION_STYLE_ASSIGNMENT((#16563));
#16563 = SURFACE_STYLE_USAGE(.BOTH.,#16564);
#16564 = SURFACE_SIDE_STYLE('',(#16565));
#16565 = SURFACE_STYLE_FILL_AREA(#16566);
#16566 = FILL_AREA_STYLE('',(#16567));
#16567 = FILL_AREA_STYLE_COLOUR('',#15380);
#16568 = STYLED_ITEM('color',(#16569),#2148);
#16569 = PRESENTATION_STYLE_ASSIGNMENT((#16570));
#16570 = SURFACE_STYLE_USAGE(.BOTH.,#16571);
#16571 = SURFACE_SIDE_STYLE('',(#16572));
#16572 = SURFACE_STYLE_FILL_AREA(#16573);
#16573 = FILL_AREA_STYLE('',(#16574));
#16574 = FILL_AREA_STYLE_COLOUR('',#15380);
#16575 = STYLED_ITEM('color',(#16576),#2165);
#16576 = PRESENTATION_STYLE_ASSIGNMENT((#16577));
#16577 = SURFACE_STYLE_USAGE(.BOTH.,#16578);
#16578 = SURFACE_SIDE_STYLE('',(#16579));
#16579 = SURFACE_STYLE_FILL_AREA(#16580);
#16580 = FILL_AREA_STYLE('',(#16581));
#16581 = FILL_AREA_STYLE_COLOUR('',#15380);
#16582 = STYLED_ITEM('color',(#16583),#2182);
#16583 = PRESENTATION_STYLE_ASSIGNMENT((#16584));
#16584 = SURFACE_STYLE_USAGE(.BOTH.,#16585);
#16585 = SURFACE_SIDE_STYLE('',(#16586));
#16586 = SURFACE_STYLE_FILL_AREA(#16587);
#16587 = FILL_AREA_STYLE('',(#16588));
#16588 = FILL_AREA_STYLE_COLOUR('',#15380);
#16589 = STYLED_ITEM('color',(#16590),#2199);
#16590 = PRESENTATION_STYLE_ASSIGNMENT((#16591));
#16591 = SURFACE_STYLE_USAGE(.BOTH.,#16592);
#16592 = SURFACE_SIDE_STYLE('',(#16593));
#16593 = SURFACE_STYLE_FILL_AREA(#16594);
#16594 = FILL_AREA_STYLE('',(#16595));
#16595 = FILL_AREA_STYLE_COLOUR('',#15380);
#16596 = STYLED_ITEM('color',(#16597),#2216);
#16597 = PRESENTATION_STYLE_ASSIGNMENT((#16598));
#16598 = SURFACE_STYLE_USAGE(.BOTH.,#16599);
#16599 = SURFACE_SIDE_STYLE('',(#16600));
#16600 = SURFACE_STYLE_FILL_AREA(#16601);
#16601 = FILL_AREA_STYLE('',(#16602));
#16602 = FILL_AREA_STYLE_COLOUR('',#15380);
#16603 = STYLED_ITEM('color',(#16604),#2233);
#16604 = PRESENTATION_STYLE_ASSIGNMENT((#16605));
#16605 = SURFACE_STYLE_USAGE(.BOTH.,#16606);
#16606 = SURFACE_SIDE_STYLE('',(#16607));
#16607 = SURFACE_STYLE_FILL_AREA(#16608);
#16608 = FILL_AREA_STYLE('',(#16609));
#16609 = FILL_AREA_STYLE_COLOUR('',#15380);
#16610 = STYLED_ITEM('color',(#16611),#2250);
#16611 = PRESENTATION_STYLE_ASSIGNMENT((#16612));
#16612 = SURFACE_STYLE_USAGE(.BOTH.,#16613);
#16613 = SURFACE_SIDE_STYLE('',(#16614));
#16614 = SURFACE_STYLE_FILL_AREA(#16615);
#16615 = FILL_AREA_STYLE('',(#16616));
#16616 = FILL_AREA_STYLE_COLOUR('',#15380);
#16617 = STYLED_ITEM('color',(#16618),#2267);
#16618 = PRESENTATION_STYLE_ASSIGNMENT((#16619));
#16619 = SURFACE_STYLE_USAGE(.BOTH.,#16620);
#16620 = SURFACE_SIDE_STYLE('',(#16621));
#16621 = SURFACE_STYLE_FILL_AREA(#16622);
#16622 = FILL_AREA_STYLE('',(#16623));
#16623 = FILL_AREA_STYLE_COLOUR('',#15380);
#16624 = STYLED_ITEM('color',(#16625),#2284);
#16625 = PRESENTATION_STYLE_ASSIGNMENT((#16626));
#16626 = SURFACE_STYLE_USAGE(.BOTH.,#16627);
#16627 = SURFACE_SIDE_STYLE('',(#16628));
#16628 = SURFACE_STYLE_FILL_AREA(#16629);
#16629 = FILL_AREA_STYLE('',(#16630));
#16630 = FILL_AREA_STYLE_COLOUR('',#15380);
#16631 = STYLED_ITEM('color',(#16632),#2301);
#16632 = PRESENTATION_STYLE_ASSIGNMENT((#16633));
#16633 = SURFACE_STYLE_USAGE(.BOTH.,#16634);
#16634 = SURFACE_SIDE_STYLE('',(#16635));
#16635 = SURFACE_STYLE_FILL_AREA(#16636);
#16636 = FILL_AREA_STYLE('',(#16637));
#16637 = FILL_AREA_STYLE_COLOUR('',#15380);
#16638 = STYLED_ITEM('color',(#16639),#2318);
#16639 = PRESENTATION_STYLE_ASSIGNMENT((#16640));
#16640 = SURFACE_STYLE_USAGE(.BOTH.,#16641);
#16641 = SURFACE_SIDE_STYLE('',(#16642));
#16642 = SURFACE_STYLE_FILL_AREA(#16643);
#16643 = FILL_AREA_STYLE('',(#16644));
#16644 = FILL_AREA_STYLE_COLOUR('',#15380);
#16645 = STYLED_ITEM('color',(#16646),#2335);
#16646 = PRESENTATION_STYLE_ASSIGNMENT((#16647));
#16647 = SURFACE_STYLE_USAGE(.BOTH.,#16648);
#16648 = SURFACE_SIDE_STYLE('',(#16649));
#16649 = SURFACE_STYLE_FILL_AREA(#16650);
#16650 = FILL_AREA_STYLE('',(#16651));
#16651 = FILL_AREA_STYLE_COLOUR('',#15380);
#16652 = STYLED_ITEM('color',(#16653),#2352);
#16653 = PRESENTATION_STYLE_ASSIGNMENT((#16654));
#16654 = SURFACE_STYLE_USAGE(.BOTH.,#16655);
#16655 = SURFACE_SIDE_STYLE('',(#16656));
#16656 = SURFACE_STYLE_FILL_AREA(#16657);
#16657 = FILL_AREA_STYLE('',(#16658));
#16658 = FILL_AREA_STYLE_COLOUR('',#15380);
#16659 = STYLED_ITEM('color',(#16660),#2364);
#16660 = PRESENTATION_STYLE_ASSIGNMENT((#16661));
#16661 = SURFACE_STYLE_USAGE(.BOTH.,#16662);
#16662 = SURFACE_SIDE_STYLE('',(#16663));
#16663 = SURFACE_STYLE_FILL_AREA(#16664);
#16664 = FILL_AREA_STYLE('',(#16665));
#16665 = FILL_AREA_STYLE_COLOUR('',#15712);
#16666 = STYLED_ITEM('color',(#16667),#2395);
#16667 = PRESENTATION_STYLE_ASSIGNMENT((#16668));
#16668 = SURFACE_STYLE_USAGE(.BOTH.,#16669);
#16669 = SURFACE_SIDE_STYLE('',(#16670));
#16670 = SURFACE_STYLE_FILL_AREA(#16671);
#16671 = FILL_AREA_STYLE('',(#16672));
#16672 = FILL_AREA_STYLE_COLOUR('',#15712);
#16673 = STYLED_ITEM('color',(#16674),#2419);
#16674 = PRESENTATION_STYLE_ASSIGNMENT((#16675));
#16675 = SURFACE_STYLE_USAGE(.BOTH.,#16676);
#16676 = SURFACE_SIDE_STYLE('',(#16677));
#16677 = SURFACE_STYLE_FILL_AREA(#16678);
#16678 = FILL_AREA_STYLE('',(#16679));
#16679 = FILL_AREA_STYLE_COLOUR('',#15712);
#16680 = STYLED_ITEM('color',(#16681),#2443);
#16681 = PRESENTATION_STYLE_ASSIGNMENT((#16682));
#16682 = SURFACE_STYLE_USAGE(.BOTH.,#16683);
#16683 = SURFACE_SIDE_STYLE('',(#16684));
#16684 = SURFACE_STYLE_FILL_AREA(#16685);
#16685 = FILL_AREA_STYLE('',(#16686));
#16686 = FILL_AREA_STYLE_COLOUR('',#15712);
#16687 = STYLED_ITEM('color',(#16688),#2460);
#16688 = PRESENTATION_STYLE_ASSIGNMENT((#16689));
#16689 = SURFACE_STYLE_USAGE(.BOTH.,#16690);
#16690 = SURFACE_SIDE_STYLE('',(#16691));
#16691 = SURFACE_STYLE_FILL_AREA(#16692);
#16692 = FILL_AREA_STYLE('',(#16693));
#16693 = FILL_AREA_STYLE_COLOUR('',#15712);
#16694 = STYLED_ITEM('color',(#16695),#2491);
#16695 = PRESENTATION_STYLE_ASSIGNMENT((#16696));
#16696 = SURFACE_STYLE_USAGE(.BOTH.,#16697);
#16697 = SURFACE_SIDE_STYLE('',(#16698));
#16698 = SURFACE_STYLE_FILL_AREA(#16699);
#16699 = FILL_AREA_STYLE('',(#16700));
#16700 = FILL_AREA_STYLE_COLOUR('',#15712);
#16701 = STYLED_ITEM('color',(#16702),#2515);
#16702 = PRESENTATION_STYLE_ASSIGNMENT((#16703));
#16703 = SURFACE_STYLE_USAGE(.BOTH.,#16704);
#16704 = SURFACE_SIDE_STYLE('',(#16705));
#16705 = SURFACE_STYLE_FILL_AREA(#16706);
#16706 = FILL_AREA_STYLE('',(#16707));
#16707 = FILL_AREA_STYLE_COLOUR('',#15712);
#16708 = STYLED_ITEM('color',(#16709),#2539);
#16709 = PRESENTATION_STYLE_ASSIGNMENT((#16710));
#16710 = SURFACE_STYLE_USAGE(.BOTH.,#16711);
#16711 = SURFACE_SIDE_STYLE('',(#16712));
#16712 = SURFACE_STYLE_FILL_AREA(#16713);
#16713 = FILL_AREA_STYLE('',(#16714));
#16714 = FILL_AREA_STYLE_COLOUR('',#15712);
#16715 = STYLED_ITEM('color',(#16716),#2556);
#16716 = PRESENTATION_STYLE_ASSIGNMENT((#16717));
#16717 = SURFACE_STYLE_USAGE(.BOTH.,#16718);
#16718 = SURFACE_SIDE_STYLE('',(#16719));
#16719 = SURFACE_STYLE_FILL_AREA(#16720);
#16720 = FILL_AREA_STYLE('',(#16721));
#16721 = FILL_AREA_STYLE_COLOUR('',#15712);
#16722 = STYLED_ITEM('color',(#16723),#2587);
#16723 = PRESENTATION_STYLE_ASSIGNMENT((#16724));
#16724 = SURFACE_STYLE_USAGE(.BOTH.,#16725);
#16725 = SURFACE_SIDE_STYLE('',(#16726));
#16726 = SURFACE_STYLE_FILL_AREA(#16727);
#16727 = FILL_AREA_STYLE('',(#16728));
#16728 = FILL_AREA_STYLE_COLOUR('',#15712);
#16729 = STYLED_ITEM('color',(#16730),#2611);
#16730 = PRESENTATION_STYLE_ASSIGNMENT((#16731));
#16731 = SURFACE_STYLE_USAGE(.BOTH.,#16732);
#16732 = SURFACE_SIDE_STYLE('',(#16733));
#16733 = SURFACE_STYLE_FILL_AREA(#16734);
#16734 = FILL_AREA_STYLE('',(#16735));
#16735 = FILL_AREA_STYLE_COLOUR('',#15712);
#16736 = STYLED_ITEM('color',(#16737),#2635);
#16737 = PRESENTATION_STYLE_ASSIGNMENT((#16738));
#16738 = SURFACE_STYLE_USAGE(.BOTH.,#16739);
#16739 = SURFACE_SIDE_STYLE('',(#16740));
#16740 = SURFACE_STYLE_FILL_AREA(#16741);
#16741 = FILL_AREA_STYLE('',(#16742));
#16742 = FILL_AREA_STYLE_COLOUR('',#15712);
#16743 = STYLED_ITEM('color',(#16744),#2652);
#16744 = PRESENTATION_STYLE_ASSIGNMENT((#16745));
#16745 = SURFACE_STYLE_USAGE(.BOTH.,#16746);
#16746 = SURFACE_SIDE_STYLE('',(#16747));
#16747 = SURFACE_STYLE_FILL_AREA(#16748);
#16748 = FILL_AREA_STYLE('',(#16749));
#16749 = FILL_AREA_STYLE_COLOUR('',#15712);
#16750 = STYLED_ITEM('color',(#16751),#2683);
#16751 = PRESENTATION_STYLE_ASSIGNMENT((#16752));
#16752 = SURFACE_STYLE_USAGE(.BOTH.,#16753);
#16753 = SURFACE_SIDE_STYLE('',(#16754));
#16754 = SURFACE_STYLE_FILL_AREA(#16755);
#16755 = FILL_AREA_STYLE('',(#16756));
#16756 = FILL_AREA_STYLE_COLOUR('',#15712);
#16757 = STYLED_ITEM('color',(#16758),#2707);
#16758 = PRESENTATION_STYLE_ASSIGNMENT((#16759));
#16759 = SURFACE_STYLE_USAGE(.BOTH.,#16760);
#16760 = SURFACE_SIDE_STYLE('',(#16761));
#16761 = SURFACE_STYLE_FILL_AREA(#16762);
#16762 = FILL_AREA_STYLE('',(#16763));
#16763 = FILL_AREA_STYLE_COLOUR('',#15712);
#16764 = STYLED_ITEM('color',(#16765),#2731);
#16765 = PRESENTATION_STYLE_ASSIGNMENT((#16766));
#16766 = SURFACE_STYLE_USAGE(.BOTH.,#16767);
#16767 = SURFACE_SIDE_STYLE('',(#16768));
#16768 = SURFACE_STYLE_FILL_AREA(#16769);
#16769 = FILL_AREA_STYLE('',(#16770));
#16770 = FILL_AREA_STYLE_COLOUR('',#15712);
#16771 = STYLED_ITEM('color',(#16772),#2748);
#16772 = PRESENTATION_STYLE_ASSIGNMENT((#16773));
#16773 = SURFACE_STYLE_USAGE(.BOTH.,#16774);
#16774 = SURFACE_SIDE_STYLE('',(#16775));
#16775 = SURFACE_STYLE_FILL_AREA(#16776);
#16776 = FILL_AREA_STYLE('',(#16777));
#16777 = FILL_AREA_STYLE_COLOUR('',#15712);
#16778 = STYLED_ITEM('color',(#16779),#2779);
#16779 = PRESENTATION_STYLE_ASSIGNMENT((#16780));
#16780 = SURFACE_STYLE_USAGE(.BOTH.,#16781);
#16781 = SURFACE_SIDE_STYLE('',(#16782));
#16782 = SURFACE_STYLE_FILL_AREA(#16783);
#16783 = FILL_AREA_STYLE('',(#16784));
#16784 = FILL_AREA_STYLE_COLOUR('',#15712);
#16785 = STYLED_ITEM('color',(#16786),#2803);
#16786 = PRESENTATION_STYLE_ASSIGNMENT((#16787));
#16787 = SURFACE_STYLE_USAGE(.BOTH.,#16788);
#16788 = SURFACE_SIDE_STYLE('',(#16789));
#16789 = SURFACE_STYLE_FILL_AREA(#16790);
#16790 = FILL_AREA_STYLE('',(#16791));
#16791 = FILL_AREA_STYLE_COLOUR('',#15712);
#16792 = STYLED_ITEM('color',(#16793),#2827);
#16793 = PRESENTATION_STYLE_ASSIGNMENT((#16794));
#16794 = SURFACE_STYLE_USAGE(.BOTH.,#16795);
#16795 = SURFACE_SIDE_STYLE('',(#16796));
#16796 = SURFACE_STYLE_FILL_AREA(#16797);
#16797 = FILL_AREA_STYLE('',(#16798));
#16798 = FILL_AREA_STYLE_COLOUR('',#15712);
#16799 = STYLED_ITEM('color',(#16800),#2844);
#16800 = PRESENTATION_STYLE_ASSIGNMENT((#16801));
#16801 = SURFACE_STYLE_USAGE(.BOTH.,#16802);
#16802 = SURFACE_SIDE_STYLE('',(#16803));
#16803 = SURFACE_STYLE_FILL_AREA(#16804);
#16804 = FILL_AREA_STYLE('',(#16805));
#16805 = FILL_AREA_STYLE_COLOUR('',#15712);
#16806 = STYLED_ITEM('color',(#16807),#2875);
#16807 = PRESENTATION_STYLE_ASSIGNMENT((#16808));
#16808 = SURFACE_STYLE_USAGE(.BOTH.,#16809);
#16809 = SURFACE_SIDE_STYLE('',(#16810));
#16810 = SURFACE_STYLE_FILL_AREA(#16811);
#16811 = FILL_AREA_STYLE('',(#16812));
#16812 = FILL_AREA_STYLE_COLOUR('',#15712);
#16813 = STYLED_ITEM('color',(#16814),#2899);
#16814 = PRESENTATION_STYLE_ASSIGNMENT((#16815));
#16815 = SURFACE_STYLE_USAGE(.BOTH.,#16816);
#16816 = SURFACE_SIDE_STYLE('',(#16817));
#16817 = SURFACE_STYLE_FILL_AREA(#16818);
#16818 = FILL_AREA_STYLE('',(#16819));
#16819 = FILL_AREA_STYLE_COLOUR('',#15712);
#16820 = STYLED_ITEM('color',(#16821),#2923);
#16821 = PRESENTATION_STYLE_ASSIGNMENT((#16822));
#16822 = SURFACE_STYLE_USAGE(.BOTH.,#16823);
#16823 = SURFACE_SIDE_STYLE('',(#16824));
#16824 = SURFACE_STYLE_FILL_AREA(#16825);
#16825 = FILL_AREA_STYLE('',(#16826));
#16826 = FILL_AREA_STYLE_COLOUR('',#15712);
#16827 = STYLED_ITEM('color',(#16828),#2940);
#16828 = PRESENTATION_STYLE_ASSIGNMENT((#16829));
#16829 = SURFACE_STYLE_USAGE(.BOTH.,#16830);
#16830 = SURFACE_SIDE_STYLE('',(#16831));
#16831 = SURFACE_STYLE_FILL_AREA(#16832);
#16832 = FILL_AREA_STYLE('',(#16833));
#16833 = FILL_AREA_STYLE_COLOUR('',#15712);
#16834 = STYLED_ITEM('color',(#16835),#2971);
#16835 = PRESENTATION_STYLE_ASSIGNMENT((#16836));
#16836 = SURFACE_STYLE_USAGE(.BOTH.,#16837);
#16837 = SURFACE_SIDE_STYLE('',(#16838));
#16838 = SURFACE_STYLE_FILL_AREA(#16839);
#16839 = FILL_AREA_STYLE('',(#16840));
#16840 = FILL_AREA_STYLE_COLOUR('',#15712);
#16841 = STYLED_ITEM('color',(#16842),#2995);
#16842 = PRESENTATION_STYLE_ASSIGNMENT((#16843));
#16843 = SURFACE_STYLE_USAGE(.BOTH.,#16844);
#16844 = SURFACE_SIDE_STYLE('',(#16845));
#16845 = SURFACE_STYLE_FILL_AREA(#16846);
#16846 = FILL_AREA_STYLE('',(#16847));
#16847 = FILL_AREA_STYLE_COLOUR('',#15712);
#16848 = STYLED_ITEM('color',(#16849),#3019);
#16849 = PRESENTATION_STYLE_ASSIGNMENT((#16850));
#16850 = SURFACE_STYLE_USAGE(.BOTH.,#16851);
#16851 = SURFACE_SIDE_STYLE('',(#16852));
#16852 = SURFACE_STYLE_FILL_AREA(#16853);
#16853 = FILL_AREA_STYLE('',(#16854));
#16854 = FILL_AREA_STYLE_COLOUR('',#15712);
#16855 = STYLED_ITEM('color',(#16856),#3036);
#16856 = PRESENTATION_STYLE_ASSIGNMENT((#16857));
#16857 = SURFACE_STYLE_USAGE(.BOTH.,#16858);
#16858 = SURFACE_SIDE_STYLE('',(#16859));
#16859 = SURFACE_STYLE_FILL_AREA(#16860);
#16860 = FILL_AREA_STYLE('',(#16861));
#16861 = FILL_AREA_STYLE_COLOUR('',#15712);
#16862 = STYLED_ITEM('color',(#16863),#3067);
#16863 = PRESENTATION_STYLE_ASSIGNMENT((#16864));
#16864 = SURFACE_STYLE_USAGE(.BOTH.,#16865);
#16865 = SURFACE_SIDE_STYLE('',(#16866));
#16866 = SURFACE_STYLE_FILL_AREA(#16867);
#16867 = FILL_AREA_STYLE('',(#16868));
#16868 = FILL_AREA_STYLE_COLOUR('',#15712);
#16869 = STYLED_ITEM('color',(#16870),#3091);
#16870 = PRESENTATION_STYLE_ASSIGNMENT((#16871));
#16871 = SURFACE_STYLE_USAGE(.BOTH.,#16872);
#16872 = SURFACE_SIDE_STYLE('',(#16873));
#16873 = SURFACE_STYLE_FILL_AREA(#16874);
#16874 = FILL_AREA_STYLE('',(#16875));
#16875 = FILL_AREA_STYLE_COLOUR('',#15712);
#16876 = STYLED_ITEM('color',(#16877),#3115);
#16877 = PRESENTATION_STYLE_ASSIGNMENT((#16878));
#16878 = SURFACE_STYLE_USAGE(.BOTH.,#16879);
#16879 = SURFACE_SIDE_STYLE('',(#16880));
#16880 = SURFACE_STYLE_FILL_AREA(#16881);
#16881 = FILL_AREA_STYLE('',(#16882));
#16882 = FILL_AREA_STYLE_COLOUR('',#15712);
#16883 = STYLED_ITEM('color',(#16884),#3132);
#16884 = PRESENTATION_STYLE_ASSIGNMENT((#16885));
#16885 = SURFACE_STYLE_USAGE(.BOTH.,#16886);
#16886 = SURFACE_SIDE_STYLE('',(#16887));
#16887 = SURFACE_STYLE_FILL_AREA(#16888);
#16888 = FILL_AREA_STYLE('',(#16889));
#16889 = FILL_AREA_STYLE_COLOUR('',#15712);
#16890 = STYLED_ITEM('color',(#16891),#3163);
#16891 = PRESENTATION_STYLE_ASSIGNMENT((#16892));
#16892 = SURFACE_STYLE_USAGE(.BOTH.,#16893);
#16893 = SURFACE_SIDE_STYLE('',(#16894));
#16894 = SURFACE_STYLE_FILL_AREA(#16895);
#16895 = FILL_AREA_STYLE('',(#16896));
#16896 = FILL_AREA_STYLE_COLOUR('',#15712);
#16897 = STYLED_ITEM('color',(#16898),#3187);
#16898 = PRESENTATION_STYLE_ASSIGNMENT((#16899));
#16899 = SURFACE_STYLE_USAGE(.BOTH.,#16900);
#16900 = SURFACE_SIDE_STYLE('',(#16901));
#16901 = SURFACE_STYLE_FILL_AREA(#16902);
#16902 = FILL_AREA_STYLE('',(#16903));
#16903 = FILL_AREA_STYLE_COLOUR('',#15712);
#16904 = STYLED_ITEM('color',(#16905),#3211);
#16905 = PRESENTATION_STYLE_ASSIGNMENT((#16906));
#16906 = SURFACE_STYLE_USAGE(.BOTH.,#16907);
#16907 = SURFACE_SIDE_STYLE('',(#16908));
#16908 = SURFACE_STYLE_FILL_AREA(#16909);
#16909 = FILL_AREA_STYLE('',(#16910));
#16910 = FILL_AREA_STYLE_COLOUR('',#15712);
#16911 = STYLED_ITEM('color',(#16912),#3228);
#16912 = PRESENTATION_STYLE_ASSIGNMENT((#16913));
#16913 = SURFACE_STYLE_USAGE(.BOTH.,#16914);
#16914 = SURFACE_SIDE_STYLE('',(#16915));
#16915 = SURFACE_STYLE_FILL_AREA(#16916);
#16916 = FILL_AREA_STYLE('',(#16917));
#16917 = FILL_AREA_STYLE_COLOUR('',#15712);
#16918 = STYLED_ITEM('color',(#16919),#3259);
#16919 = PRESENTATION_STYLE_ASSIGNMENT((#16920));
#16920 = SURFACE_STYLE_USAGE(.BOTH.,#16921);
#16921 = SURFACE_SIDE_STYLE('',(#16922));
#16922 = SURFACE_STYLE_FILL_AREA(#16923);
#16923 = FILL_AREA_STYLE('',(#16924));
#16924 = FILL_AREA_STYLE_COLOUR('',#15712);
#16925 = STYLED_ITEM('color',(#16926),#3283);
#16926 = PRESENTATION_STYLE_ASSIGNMENT((#16927));
#16927 = SURFACE_STYLE_USAGE(.BOTH.,#16928);
#16928 = SURFACE_SIDE_STYLE('',(#16929));
#16929 = SURFACE_STYLE_FILL_AREA(#16930);
#16930 = FILL_AREA_STYLE('',(#16931));
#16931 = FILL_AREA_STYLE_COLOUR('',#15712);
#16932 = STYLED_ITEM('color',(#16933),#3307);
#16933 = PRESENTATION_STYLE_ASSIGNMENT((#16934));
#16934 = SURFACE_STYLE_USAGE(.BOTH.,#16935);
#16935 = SURFACE_SIDE_STYLE('',(#16936));
#16936 = SURFACE_STYLE_FILL_AREA(#16937);
#16937 = FILL_AREA_STYLE('',(#16938));
#16938 = FILL_AREA_STYLE_COLOUR('',#15712);
#16939 = STYLED_ITEM('color',(#16940),#3324);
#16940 = PRESENTATION_STYLE_ASSIGNMENT((#16941));
#16941 = SURFACE_STYLE_USAGE(.BOTH.,#16942);
#16942 = SURFACE_SIDE_STYLE('',(#16943));
#16943 = SURFACE_STYLE_FILL_AREA(#16944);
#16944 = FILL_AREA_STYLE('',(#16945));
#16945 = FILL_AREA_STYLE_COLOUR('',#15712);
#16946 = STYLED_ITEM('color',(#16947),#3355);
#16947 = PRESENTATION_STYLE_ASSIGNMENT((#16948));
#16948 = SURFACE_STYLE_USAGE(.BOTH.,#16949);
#16949 = SURFACE_SIDE_STYLE('',(#16950));
#16950 = SURFACE_STYLE_FILL_AREA(#16951);
#16951 = FILL_AREA_STYLE('',(#16952));
#16952 = FILL_AREA_STYLE_COLOUR('',#15712);
#16953 = STYLED_ITEM('color',(#16954),#3379);
#16954 = PRESENTATION_STYLE_ASSIGNMENT((#16955));
#16955 = SURFACE_STYLE_USAGE(.BOTH.,#16956);
#16956 = SURFACE_SIDE_STYLE('',(#16957));
#16957 = SURFACE_STYLE_FILL_AREA(#16958);
#16958 = FILL_AREA_STYLE('',(#16959));
#16959 = FILL_AREA_STYLE_COLOUR('',#15712);
#16960 = STYLED_ITEM('color',(#16961),#3403);
#16961 = PRESENTATION_STYLE_ASSIGNMENT((#16962));
#16962 = SURFACE_STYLE_USAGE(.BOTH.,#16963);
#16963 = SURFACE_SIDE_STYLE('',(#16964));
#16964 = SURFACE_STYLE_FILL_AREA(#16965);
#16965 = FILL_AREA_STYLE('',(#16966));
#16966 = FILL_AREA_STYLE_COLOUR('',#15712);
#16967 = STYLED_ITEM('color',(#16968),#3420);
#16968 = PRESENTATION_STYLE_ASSIGNMENT((#16969));
#16969 = SURFACE_STYLE_USAGE(.BOTH.,#16970);
#16970 = SURFACE_SIDE_STYLE('',(#16971));
#16971 = SURFACE_STYLE_FILL_AREA(#16972);
#16972 = FILL_AREA_STYLE('',(#16973));
#16973 = FILL_AREA_STYLE_COLOUR('',#15712);
#16974 = STYLED_ITEM('color',(#16975),#3451);
#16975 = PRESENTATION_STYLE_ASSIGNMENT((#16976));
#16976 = SURFACE_STYLE_USAGE(.BOTH.,#16977);
#16977 = SURFACE_SIDE_STYLE('',(#16978));
#16978 = SURFACE_STYLE_FILL_AREA(#16979);
#16979 = FILL_AREA_STYLE('',(#16980));
#16980 = FILL_AREA_STYLE_COLOUR('',#15712);
#16981 = STYLED_ITEM('color',(#16982),#3475);
#16982 = PRESENTATION_STYLE_ASSIGNMENT((#16983));
#16983 = SURFACE_STYLE_USAGE(.BOTH.,#16984);
#16984 = SURFACE_SIDE_STYLE('',(#16985));
#16985 = SURFACE_STYLE_FILL_AREA(#16986);
#16986 = FILL_AREA_STYLE('',(#16987));
#16987 = FILL_AREA_STYLE_COLOUR('',#15712);
#16988 = STYLED_ITEM('color',(#16989),#3499);
#16989 = PRESENTATION_STYLE_ASSIGNMENT((#16990));
#16990 = SURFACE_STYLE_USAGE(.BOTH.,#16991);
#16991 = SURFACE_SIDE_STYLE('',(#16992));
#16992 = SURFACE_STYLE_FILL_AREA(#16993);
#16993 = FILL_AREA_STYLE('',(#16994));
#16994 = FILL_AREA_STYLE_COLOUR('',#15712);
#16995 = STYLED_ITEM('color',(#16996),#3516);
#16996 = PRESENTATION_STYLE_ASSIGNMENT((#16997));
#16997 = SURFACE_STYLE_USAGE(.BOTH.,#16998);
#16998 = SURFACE_SIDE_STYLE('',(#16999));
#16999 = SURFACE_STYLE_FILL_AREA(#17000);
#17000 = FILL_AREA_STYLE('',(#17001));
#17001 = FILL_AREA_STYLE_COLOUR('',#15712);
#17002 = STYLED_ITEM('color',(#17003),#3547);
#17003 = PRESENTATION_STYLE_ASSIGNMENT((#17004));
#17004 = SURFACE_STYLE_USAGE(.BOTH.,#17005);
#17005 = SURFACE_SIDE_STYLE('',(#17006));
#17006 = SURFACE_STYLE_FILL_AREA(#17007);
#17007 = FILL_AREA_STYLE('',(#17008));
#17008 = FILL_AREA_STYLE_COLOUR('',#15712);
#17009 = STYLED_ITEM('color',(#17010),#3571);
#17010 = PRESENTATION_STYLE_ASSIGNMENT((#17011));
#17011 = SURFACE_STYLE_USAGE(.BOTH.,#17012);
#17012 = SURFACE_SIDE_STYLE('',(#17013));
#17013 = SURFACE_STYLE_FILL_AREA(#17014);
#17014 = FILL_AREA_STYLE('',(#17015));
#17015 = FILL_AREA_STYLE_COLOUR('',#15712);
#17016 = STYLED_ITEM('color',(#17017),#3595);
#17017 = PRESENTATION_STYLE_ASSIGNMENT((#17018));
#17018 = SURFACE_STYLE_USAGE(.BOTH.,#17019);
#17019 = SURFACE_SIDE_STYLE('',(#17020));
#17020 = SURFACE_STYLE_FILL_AREA(#17021);
#17021 = FILL_AREA_STYLE('',(#17022));
#17022 = FILL_AREA_STYLE_COLOUR('',#15712);
#17023 = STYLED_ITEM('color',(#17024),#3612);
#17024 = PRESENTATION_STYLE_ASSIGNMENT((#17025));
#17025 = SURFACE_STYLE_USAGE(.BOTH.,#17026);
#17026 = SURFACE_SIDE_STYLE('',(#17027));
#17027 = SURFACE_STYLE_FILL_AREA(#17028);
#17028 = FILL_AREA_STYLE('',(#17029));
#17029 = FILL_AREA_STYLE_COLOUR('',#15712);
#17030 = STYLED_ITEM('color',(#17031),#3643);
#17031 = PRESENTATION_STYLE_ASSIGNMENT((#17032));
#17032 = SURFACE_STYLE_USAGE(.BOTH.,#17033);
#17033 = SURFACE_SIDE_STYLE('',(#17034));
#17034 = SURFACE_STYLE_FILL_AREA(#17035);
#17035 = FILL_AREA_STYLE('',(#17036));
#17036 = FILL_AREA_STYLE_COLOUR('',#15712);
#17037 = STYLED_ITEM('color',(#17038),#3667);
#17038 = PRESENTATION_STYLE_ASSIGNMENT((#17039));
#17039 = SURFACE_STYLE_USAGE(.BOTH.,#17040);
#17040 = SURFACE_SIDE_STYLE('',(#17041));
#17041 = SURFACE_STYLE_FILL_AREA(#17042);
#17042 = FILL_AREA_STYLE('',(#17043));
#17043 = FILL_AREA_STYLE_COLOUR('',#15712);
#17044 = STYLED_ITEM('color',(#17045),#3691);
#17045 = PRESENTATION_STYLE_ASSIGNMENT((#17046));
#17046 = SURFACE_STYLE_USAGE(.BOTH.,#17047);
#17047 = SURFACE_SIDE_STYLE('',(#17048));
#17048 = SURFACE_STYLE_FILL_AREA(#17049);
#17049 = FILL_AREA_STYLE('',(#17050));
#17050 = FILL_AREA_STYLE_COLOUR('',#15712);
#17051 = STYLED_ITEM('color',(#17052),#3708);
#17052 = PRESENTATION_STYLE_ASSIGNMENT((#17053));
#17053 = SURFACE_STYLE_USAGE(.BOTH.,#17054);
#17054 = SURFACE_SIDE_STYLE('',(#17055));
#17055 = SURFACE_STYLE_FILL_AREA(#17056);
#17056 = FILL_AREA_STYLE('',(#17057));
#17057 = FILL_AREA_STYLE_COLOUR('',#15712);
#17058 = STYLED_ITEM('color',(#17059),#3739);
#17059 = PRESENTATION_STYLE_ASSIGNMENT((#17060));
#17060 = SURFACE_STYLE_USAGE(.BOTH.,#17061);
#17061 = SURFACE_SIDE_STYLE('',(#17062));
#17062 = SURFACE_STYLE_FILL_AREA(#17063);
#17063 = FILL_AREA_STYLE('',(#17064));
#17064 = FILL_AREA_STYLE_COLOUR('',#15712);
#17065 = STYLED_ITEM('color',(#17066),#3763);
#17066 = PRESENTATION_STYLE_ASSIGNMENT((#17067));
#17067 = SURFACE_STYLE_USAGE(.BOTH.,#17068);
#17068 = SURFACE_SIDE_STYLE('',(#17069));
#17069 = SURFACE_STYLE_FILL_AREA(#17070);
#17070 = FILL_AREA_STYLE('',(#17071));
#17071 = FILL_AREA_STYLE_COLOUR('',#15712);
#17072 = STYLED_ITEM('color',(#17073),#3787);
#17073 = PRESENTATION_STYLE_ASSIGNMENT((#17074));
#17074 = SURFACE_STYLE_USAGE(.BOTH.,#17075);
#17075 = SURFACE_SIDE_STYLE('',(#17076));
#17076 = SURFACE_STYLE_FILL_AREA(#17077);
#17077 = FILL_AREA_STYLE('',(#17078));
#17078 = FILL_AREA_STYLE_COLOUR('',#15712);
#17079 = STYLED_ITEM('color',(#17080),#3804);
#17080 = PRESENTATION_STYLE_ASSIGNMENT((#17081));
#17081 = SURFACE_STYLE_USAGE(.BOTH.,#17082);
#17082 = SURFACE_SIDE_STYLE('',(#17083));
#17083 = SURFACE_STYLE_FILL_AREA(#17084);
#17084 = FILL_AREA_STYLE('',(#17085));
#17085 = FILL_AREA_STYLE_COLOUR('',#15712);
#17086 = STYLED_ITEM('color',(#17087),#3835);
#17087 = PRESENTATION_STYLE_ASSIGNMENT((#17088));
#17088 = SURFACE_STYLE_USAGE(.BOTH.,#17089);
#17089 = SURFACE_SIDE_STYLE('',(#17090));
#17090 = SURFACE_STYLE_FILL_AREA(#17091);
#17091 = FILL_AREA_STYLE('',(#17092));
#17092 = FILL_AREA_STYLE_COLOUR('',#15712);
#17093 = STYLED_ITEM('color',(#17094),#3859);
#17094 = PRESENTATION_STYLE_ASSIGNMENT((#17095));
#17095 = SURFACE_STYLE_USAGE(.BOTH.,#17096);
#17096 = SURFACE_SIDE_STYLE('',(#17097));
#17097 = SURFACE_STYLE_FILL_AREA(#17098);
#17098 = FILL_AREA_STYLE('',(#17099));
#17099 = FILL_AREA_STYLE_COLOUR('',#15712);
#17100 = STYLED_ITEM('color',(#17101),#3883);
#17101 = PRESENTATION_STYLE_ASSIGNMENT((#17102));
#17102 = SURFACE_STYLE_USAGE(.BOTH.,#17103);
#17103 = SURFACE_SIDE_STYLE('',(#17104));
#17104 = SURFACE_STYLE_FILL_AREA(#17105);
#17105 = FILL_AREA_STYLE('',(#17106));
#17106 = FILL_AREA_STYLE_COLOUR('',#15712);
#17107 = STYLED_ITEM('color',(#17108),#3900);
#17108 = PRESENTATION_STYLE_ASSIGNMENT((#17109));
#17109 = SURFACE_STYLE_USAGE(.BOTH.,#17110);
#17110 = SURFACE_SIDE_STYLE('',(#17111));
#17111 = SURFACE_STYLE_FILL_AREA(#17112);
#17112 = FILL_AREA_STYLE('',(#17113));
#17113 = FILL_AREA_STYLE_COLOUR('',#15712);
#17114 = STYLED_ITEM('color',(#17115),#3931);
#17115 = PRESENTATION_STYLE_ASSIGNMENT((#17116));
#17116 = SURFACE_STYLE_USAGE(.BOTH.,#17117);
#17117 = SURFACE_SIDE_STYLE('',(#17118));
#17118 = SURFACE_STYLE_FILL_AREA(#17119);
#17119 = FILL_AREA_STYLE('',(#17120));
#17120 = FILL_AREA_STYLE_COLOUR('',#15712);
#17121 = STYLED_ITEM('color',(#17122),#3955);
#17122 = PRESENTATION_STYLE_ASSIGNMENT((#17123));
#17123 = SURFACE_STYLE_USAGE(.BOTH.,#17124);
#17124 = SURFACE_SIDE_STYLE('',(#17125));
#17125 = SURFACE_STYLE_FILL_AREA(#17126);
#17126 = FILL_AREA_STYLE('',(#17127));
#17127 = FILL_AREA_STYLE_COLOUR('',#15712);
#17128 = STYLED_ITEM('color',(#17129),#3979);
#17129 = PRESENTATION_STYLE_ASSIGNMENT((#17130));
#17130 = SURFACE_STYLE_USAGE(.BOTH.,#17131);
#17131 = SURFACE_SIDE_STYLE('',(#17132));
#17132 = SURFACE_STYLE_FILL_AREA(#17133);
#17133 = FILL_AREA_STYLE('',(#17134));
#17134 = FILL_AREA_STYLE_COLOUR('',#15712);
#17135 = STYLED_ITEM('color',(#17136),#3996);
#17136 = PRESENTATION_STYLE_ASSIGNMENT((#17137));
#17137 = SURFACE_STYLE_USAGE(.BOTH.,#17138);
#17138 = SURFACE_SIDE_STYLE('',(#17139));
#17139 = SURFACE_STYLE_FILL_AREA(#17140);
#17140 = FILL_AREA_STYLE('',(#17141));
#17141 = FILL_AREA_STYLE_COLOUR('',#15712);
#17142 = STYLED_ITEM('color',(#17143),#4027);
#17143 = PRESENTATION_STYLE_ASSIGNMENT((#17144));
#17144 = SURFACE_STYLE_USAGE(.BOTH.,#17145);
#17145 = SURFACE_SIDE_STYLE('',(#17146));
#17146 = SURFACE_STYLE_FILL_AREA(#17147);
#17147 = FILL_AREA_STYLE('',(#17148));
#17148 = FILL_AREA_STYLE_COLOUR('',#15712);
#17149 = STYLED_ITEM('color',(#17150),#4051);
#17150 = PRESENTATION_STYLE_ASSIGNMENT((#17151));
#17151 = SURFACE_STYLE_USAGE(.BOTH.,#17152);
#17152 = SURFACE_SIDE_STYLE('',(#17153));
#17153 = SURFACE_STYLE_FILL_AREA(#17154);
#17154 = FILL_AREA_STYLE('',(#17155));
#17155 = FILL_AREA_STYLE_COLOUR('',#15712);
#17156 = STYLED_ITEM('color',(#17157),#4075);
#17157 = PRESENTATION_STYLE_ASSIGNMENT((#17158));
#17158 = SURFACE_STYLE_USAGE(.BOTH.,#17159);
#17159 = SURFACE_SIDE_STYLE('',(#17160));
#17160 = SURFACE_STYLE_FILL_AREA(#17161);
#17161 = FILL_AREA_STYLE('',(#17162));
#17162 = FILL_AREA_STYLE_COLOUR('',#15712);
#17163 = STYLED_ITEM('color',(#17164),#4092);
#17164 = PRESENTATION_STYLE_ASSIGNMENT((#17165));
#17165 = SURFACE_STYLE_USAGE(.BOTH.,#17166);
#17166 = SURFACE_SIDE_STYLE('',(#17167));
#17167 = SURFACE_STYLE_FILL_AREA(#17168);
#17168 = FILL_AREA_STYLE('',(#17169));
#17169 = FILL_AREA_STYLE_COLOUR('',#15712);
#17170 = STYLED_ITEM('color',(#17171),#4123);
#17171 = PRESENTATION_STYLE_ASSIGNMENT((#17172));
#17172 = SURFACE_STYLE_USAGE(.BOTH.,#17173);
#17173 = SURFACE_SIDE_STYLE('',(#17174));
#17174 = SURFACE_STYLE_FILL_AREA(#17175);
#17175 = FILL_AREA_STYLE('',(#17176));
#17176 = FILL_AREA_STYLE_COLOUR('',#15712);
#17177 = STYLED_ITEM('color',(#17178),#4147);
#17178 = PRESENTATION_STYLE_ASSIGNMENT((#17179));
#17179 = SURFACE_STYLE_USAGE(.BOTH.,#17180);
#17180 = SURFACE_SIDE_STYLE('',(#17181));
#17181 = SURFACE_STYLE_FILL_AREA(#17182);
#17182 = FILL_AREA_STYLE('',(#17183));
#17183 = FILL_AREA_STYLE_COLOUR('',#15712);
#17184 = STYLED_ITEM('color',(#17185),#4171);
#17185 = PRESENTATION_STYLE_ASSIGNMENT((#17186));
#17186 = SURFACE_STYLE_USAGE(.BOTH.,#17187);
#17187 = SURFACE_SIDE_STYLE('',(#17188));
#17188 = SURFACE_STYLE_FILL_AREA(#17189);
#17189 = FILL_AREA_STYLE('',(#17190));
#17190 = FILL_AREA_STYLE_COLOUR('',#15712);
#17191 = STYLED_ITEM('color',(#17192),#4188);
#17192 = PRESENTATION_STYLE_ASSIGNMENT((#17193));
#17193 = SURFACE_STYLE_USAGE(.BOTH.,#17194);
#17194 = SURFACE_SIDE_STYLE('',(#17195));
#17195 = SURFACE_STYLE_FILL_AREA(#17196);
#17196 = FILL_AREA_STYLE('',(#17197));
#17197 = FILL_AREA_STYLE_COLOUR('',#15712);
#17198 = STYLED_ITEM('color',(#17199),#4219);
#17199 = PRESENTATION_STYLE_ASSIGNMENT((#17200));
#17200 = SURFACE_STYLE_USAGE(.BOTH.,#17201);
#17201 = SURFACE_SIDE_STYLE('',(#17202));
#17202 = SURFACE_STYLE_FILL_AREA(#17203);
#17203 = FILL_AREA_STYLE('',(#17204));
#17204 = FILL_AREA_STYLE_COLOUR('',#15712);
#17205 = STYLED_ITEM('color',(#17206),#4243);
#17206 = PRESENTATION_STYLE_ASSIGNMENT((#17207));
#17207 = SURFACE_STYLE_USAGE(.BOTH.,#17208);
#17208 = SURFACE_SIDE_STYLE('',(#17209));
#17209 = SURFACE_STYLE_FILL_AREA(#17210);
#17210 = FILL_AREA_STYLE('',(#17211));
#17211 = FILL_AREA_STYLE_COLOUR('',#15712);
#17212 = STYLED_ITEM('color',(#17213),#4267);
#17213 = PRESENTATION_STYLE_ASSIGNMENT((#17214));
#17214 = SURFACE_STYLE_USAGE(.BOTH.,#17215);
#17215 = SURFACE_SIDE_STYLE('',(#17216));
#17216 = SURFACE_STYLE_FILL_AREA(#17217);
#17217 = FILL_AREA_STYLE('',(#17218));
#17218 = FILL_AREA_STYLE_COLOUR('',#15712);
#17219 = STYLED_ITEM('color',(#17220),#4284);
#17220 = PRESENTATION_STYLE_ASSIGNMENT((#17221));
#17221 = SURFACE_STYLE_USAGE(.BOTH.,#17222);
#17222 = SURFACE_SIDE_STYLE('',(#17223));
#17223 = SURFACE_STYLE_FILL_AREA(#17224);
#17224 = FILL_AREA_STYLE('',(#17225));
#17225 = FILL_AREA_STYLE_COLOUR('',#15712);
#17226 = STYLED_ITEM('color',(#17227),#4315);
#17227 = PRESENTATION_STYLE_ASSIGNMENT((#17228));
#17228 = SURFACE_STYLE_USAGE(.BOTH.,#17229);
#17229 = SURFACE_SIDE_STYLE('',(#17230));
#17230 = SURFACE_STYLE_FILL_AREA(#17231);
#17231 = FILL_AREA_STYLE('',(#17232));
#17232 = FILL_AREA_STYLE_COLOUR('',#15712);
#17233 = STYLED_ITEM('color',(#17234),#4339);
#17234 = PRESENTATION_STYLE_ASSIGNMENT((#17235));
#17235 = SURFACE_STYLE_USAGE(.BOTH.,#17236);
#17236 = SURFACE_SIDE_STYLE('',(#17237));
#17237 = SURFACE_STYLE_FILL_AREA(#17238);
#17238 = FILL_AREA_STYLE('',(#17239));
#17239 = FILL_AREA_STYLE_COLOUR('',#15712);
#17240 = STYLED_ITEM('color',(#17241),#4363);
#17241 = PRESENTATION_STYLE_ASSIGNMENT((#17242));
#17242 = SURFACE_STYLE_USAGE(.BOTH.,#17243);
#17243 = SURFACE_SIDE_STYLE('',(#17244));
#17244 = SURFACE_STYLE_FILL_AREA(#17245);
#17245 = FILL_AREA_STYLE('',(#17246));
#17246 = FILL_AREA_STYLE_COLOUR('',#15712);
#17247 = STYLED_ITEM('color',(#17248),#4380);
#17248 = PRESENTATION_STYLE_ASSIGNMENT((#17249));
#17249 = SURFACE_STYLE_USAGE(.BOTH.,#17250);
#17250 = SURFACE_SIDE_STYLE('',(#17251));
#17251 = SURFACE_STYLE_FILL_AREA(#17252);
#17252 = FILL_AREA_STYLE('',(#17253));
#17253 = FILL_AREA_STYLE_COLOUR('',#15712);
#17254 = STYLED_ITEM('color',(#17255),#4411);
#17255 = PRESENTATION_STYLE_ASSIGNMENT((#17256));
#17256 = SURFACE_STYLE_USAGE(.BOTH.,#17257);
#17257 = SURFACE_SIDE_STYLE('',(#17258));
#17258 = SURFACE_STYLE_FILL_AREA(#17259);
#17259 = FILL_AREA_STYLE('',(#17260));
#17260 = FILL_AREA_STYLE_COLOUR('',#15712);
#17261 = STYLED_ITEM('color',(#17262),#4435);
#17262 = PRESENTATION_STYLE_ASSIGNMENT((#17263));
#17263 = SURFACE_STYLE_USAGE(.BOTH.,#17264);
#17264 = SURFACE_SIDE_STYLE('',(#17265));
#17265 = SURFACE_STYLE_FILL_AREA(#17266);
#17266 = FILL_AREA_STYLE('',(#17267));
#17267 = FILL_AREA_STYLE_COLOUR('',#15712);
#17268 = STYLED_ITEM('color',(#17269),#4459);
#17269 = PRESENTATION_STYLE_ASSIGNMENT((#17270));
#17270 = SURFACE_STYLE_USAGE(.BOTH.,#17271);
#17271 = SURFACE_SIDE_STYLE('',(#17272));
#17272 = SURFACE_STYLE_FILL_AREA(#17273);
#17273 = FILL_AREA_STYLE('',(#17274));
#17274 = FILL_AREA_STYLE_COLOUR('',#15712);
#17275 = STYLED_ITEM('color',(#17276),#4476);
#17276 = PRESENTATION_STYLE_ASSIGNMENT((#17277));
#17277 = SURFACE_STYLE_USAGE(.BOTH.,#17278);
#17278 = SURFACE_SIDE_STYLE('',(#17279));
#17279 = SURFACE_STYLE_FILL_AREA(#17280);
#17280 = FILL_AREA_STYLE('',(#17281));
#17281 = FILL_AREA_STYLE_COLOUR('',#15712);
#17282 = STYLED_ITEM('color',(#17283),#4507);
#17283 = PRESENTATION_STYLE_ASSIGNMENT((#17284));
#17284 = SURFACE_STYLE_USAGE(.BOTH.,#17285);
#17285 = SURFACE_SIDE_STYLE('',(#17286));
#17286 = SURFACE_STYLE_FILL_AREA(#17287);
#17287 = FILL_AREA_STYLE('',(#17288));
#17288 = FILL_AREA_STYLE_COLOUR('',#15712);
#17289 = STYLED_ITEM('color',(#17290),#4531);
#17290 = PRESENTATION_STYLE_ASSIGNMENT((#17291));
#17291 = SURFACE_STYLE_USAGE(.BOTH.,#17292);
#17292 = SURFACE_SIDE_STYLE('',(#17293));
#17293 = SURFACE_STYLE_FILL_AREA(#17294);
#17294 = FILL_AREA_STYLE('',(#17295));
#17295 = FILL_AREA_STYLE_COLOUR('',#15712);
#17296 = STYLED_ITEM('color',(#17297),#4555);
#17297 = PRESENTATION_STYLE_ASSIGNMENT((#17298));
#17298 = SURFACE_STYLE_USAGE(.BOTH.,#17299);
#17299 = SURFACE_SIDE_STYLE('',(#17300));
#17300 = SURFACE_STYLE_FILL_AREA(#17301);
#17301 = FILL_AREA_STYLE('',(#17302));
#17302 = FILL_AREA_STYLE_COLOUR('',#15712);
#17303 = STYLED_ITEM('color',(#17304),#4572);
#17304 = PRESENTATION_STYLE_ASSIGNMENT((#17305));
#17305 = SURFACE_STYLE_USAGE(.BOTH.,#17306);
#17306 = SURFACE_SIDE_STYLE('',(#17307));
#17307 = SURFACE_STYLE_FILL_AREA(#17308);
#17308 = FILL_AREA_STYLE('',(#17309));
#17309 = FILL_AREA_STYLE_COLOUR('',#15712);
#17310 = STYLED_ITEM('color',(#17311),#4603);
#17311 = PRESENTATION_STYLE_ASSIGNMENT((#17312));
#17312 = SURFACE_STYLE_USAGE(.BOTH.,#17313);
#17313 = SURFACE_SIDE_STYLE('',(#17314));
#17314 = SURFACE_STYLE_FILL_AREA(#17315);
#17315 = FILL_AREA_STYLE('',(#17316));
#17316 = FILL_AREA_STYLE_COLOUR('',#15712);
#17317 = STYLED_ITEM('color',(#17318),#4627);
#17318 = PRESENTATION_STYLE_ASSIGNMENT((#17319));
#17319 = SURFACE_STYLE_USAGE(.BOTH.,#17320);
#17320 = SURFACE_SIDE_STYLE('',(#17321));
#17321 = SURFACE_STYLE_FILL_AREA(#17322);
#17322 = FILL_AREA_STYLE('',(#17323));
#17323 = FILL_AREA_STYLE_COLOUR('',#15712);
#17324 = STYLED_ITEM('color',(#17325),#4651);
#17325 = PRESENTATION_STYLE_ASSIGNMENT((#17326));
#17326 = SURFACE_STYLE_USAGE(.BOTH.,#17327);
#17327 = SURFACE_SIDE_STYLE('',(#17328));
#17328 = SURFACE_STYLE_FILL_AREA(#17329);
#17329 = FILL_AREA_STYLE('',(#17330));
#17330 = FILL_AREA_STYLE_COLOUR('',#15712);
#17331 = STYLED_ITEM('color',(#17332),#4668);
#17332 = PRESENTATION_STYLE_ASSIGNMENT((#17333));
#17333 = SURFACE_STYLE_USAGE(.BOTH.,#17334);
#17334 = SURFACE_SIDE_STYLE('',(#17335));
#17335 = SURFACE_STYLE_FILL_AREA(#17336);
#17336 = FILL_AREA_STYLE('',(#17337));
#17337 = FILL_AREA_STYLE_COLOUR('',#15712);
#17338 = STYLED_ITEM('color',(#17339),#4699);
#17339 = PRESENTATION_STYLE_ASSIGNMENT((#17340));
#17340 = SURFACE_STYLE_USAGE(.BOTH.,#17341);
#17341 = SURFACE_SIDE_STYLE('',(#17342));
#17342 = SURFACE_STYLE_FILL_AREA(#17343);
#17343 = FILL_AREA_STYLE('',(#17344));
#17344 = FILL_AREA_STYLE_COLOUR('',#15712);
#17345 = STYLED_ITEM('color',(#17346),#4723);
#17346 = PRESENTATION_STYLE_ASSIGNMENT((#17347));
#17347 = SURFACE_STYLE_USAGE(.BOTH.,#17348);
#17348 = SURFACE_SIDE_STYLE('',(#17349));
#17349 = SURFACE_STYLE_FILL_AREA(#17350);
#17350 = FILL_AREA_STYLE('',(#17351));
#17351 = FILL_AREA_STYLE_COLOUR('',#15712);
#17352 = STYLED_ITEM('color',(#17353),#4747);
#17353 = PRESENTATION_STYLE_ASSIGNMENT((#17354));
#17354 = SURFACE_STYLE_USAGE(.BOTH.,#17355);
#17355 = SURFACE_SIDE_STYLE('',(#17356));
#17356 = SURFACE_STYLE_FILL_AREA(#17357);
#17357 = FILL_AREA_STYLE('',(#17358));
#17358 = FILL_AREA_STYLE_COLOUR('',#15712);
#17359 = STYLED_ITEM('color',(#17360),#4764);
#17360 = PRESENTATION_STYLE_ASSIGNMENT((#17361));
#17361 = SURFACE_STYLE_USAGE(.BOTH.,#17362);
#17362 = SURFACE_SIDE_STYLE('',(#17363));
#17363 = SURFACE_STYLE_FILL_AREA(#17364);
#17364 = FILL_AREA_STYLE('',(#17365));
#17365 = FILL_AREA_STYLE_COLOUR('',#15712);
#17366 = STYLED_ITEM('color',(#17367),#4795);
#17367 = PRESENTATION_STYLE_ASSIGNMENT((#17368));
#17368 = SURFACE_STYLE_USAGE(.BOTH.,#17369);
#17369 = SURFACE_SIDE_STYLE('',(#17370));
#17370 = SURFACE_STYLE_FILL_AREA(#17371);
#17371 = FILL_AREA_STYLE('',(#17372));
#17372 = FILL_AREA_STYLE_COLOUR('',#15712);
#17373 = STYLED_ITEM('color',(#17374),#4819);
#17374 = PRESENTATION_STYLE_ASSIGNMENT((#17375));
#17375 = SURFACE_STYLE_USAGE(.BOTH.,#17376);
#17376 = SURFACE_SIDE_STYLE('',(#17377));
#17377 = SURFACE_STYLE_FILL_AREA(#17378);
#17378 = FILL_AREA_STYLE('',(#17379));
#17379 = FILL_AREA_STYLE_COLOUR('',#15712);
#17380 = STYLED_ITEM('color',(#17381),#4843);
#17381 = PRESENTATION_STYLE_ASSIGNMENT((#17382));
#17382 = SURFACE_STYLE_USAGE(.BOTH.,#17383);
#17383 = SURFACE_SIDE_STYLE('',(#17384));
#17384 = SURFACE_STYLE_FILL_AREA(#17385);
#17385 = FILL_AREA_STYLE('',(#17386));
#17386 = FILL_AREA_STYLE_COLOUR('',#15712);
#17387 = STYLED_ITEM('color',(#17388),#4860);
#17388 = PRESENTATION_STYLE_ASSIGNMENT((#17389));
#17389 = SURFACE_STYLE_USAGE(.BOTH.,#17390);
#17390 = SURFACE_SIDE_STYLE('',(#17391));
#17391 = SURFACE_STYLE_FILL_AREA(#17392);
#17392 = FILL_AREA_STYLE('',(#17393));
#17393 = FILL_AREA_STYLE_COLOUR('',#15712);
#17394 = STYLED_ITEM('color',(#17395),#4891);
#17395 = PRESENTATION_STYLE_ASSIGNMENT((#17396));
#17396 = SURFACE_STYLE_USAGE(.BOTH.,#17397);
#17397 = SURFACE_SIDE_STYLE('',(#17398));
#17398 = SURFACE_STYLE_FILL_AREA(#17399);
#17399 = FILL_AREA_STYLE('',(#17400));
#17400 = FILL_AREA_STYLE_COLOUR('',#15712);
#17401 = STYLED_ITEM('color',(#17402),#4915);
#17402 = PRESENTATION_STYLE_ASSIGNMENT((#17403));
#17403 = SURFACE_STYLE_USAGE(.BOTH.,#17404);
#17404 = SURFACE_SIDE_STYLE('',(#17405));
#17405 = SURFACE_STYLE_FILL_AREA(#17406);
#17406 = FILL_AREA_STYLE('',(#17407));
#17407 = FILL_AREA_STYLE_COLOUR('',#15712);
#17408 = STYLED_ITEM('color',(#17409),#4939);
#17409 = PRESENTATION_STYLE_ASSIGNMENT((#17410));
#17410 = SURFACE_STYLE_USAGE(.BOTH.,#17411);
#17411 = SURFACE_SIDE_STYLE('',(#17412));
#17412 = SURFACE_STYLE_FILL_AREA(#17413);
#17413 = FILL_AREA_STYLE('',(#17414));
#17414 = FILL_AREA_STYLE_COLOUR('',#15712);
#17415 = STYLED_ITEM('color',(#17416),#4956);
#17416 = PRESENTATION_STYLE_ASSIGNMENT((#17417));
#17417 = SURFACE_STYLE_USAGE(.BOTH.,#17418);
#17418 = SURFACE_SIDE_STYLE('',(#17419));
#17419 = SURFACE_STYLE_FILL_AREA(#17420);
#17420 = FILL_AREA_STYLE('',(#17421));
#17421 = FILL_AREA_STYLE_COLOUR('',#15712);
#17422 = STYLED_ITEM('color',(#17423),#4987);
#17423 = PRESENTATION_STYLE_ASSIGNMENT((#17424));
#17424 = SURFACE_STYLE_USAGE(.BOTH.,#17425);
#17425 = SURFACE_SIDE_STYLE('',(#17426));
#17426 = SURFACE_STYLE_FILL_AREA(#17427);
#17427 = FILL_AREA_STYLE('',(#17428));
#17428 = FILL_AREA_STYLE_COLOUR('',#15712);
#17429 = STYLED_ITEM('color',(#17430),#5011);
#17430 = PRESENTATION_STYLE_ASSIGNMENT((#17431));
#17431 = SURFACE_STYLE_USAGE(.BOTH.,#17432);
#17432 = SURFACE_SIDE_STYLE('',(#17433));
#17433 = SURFACE_STYLE_FILL_AREA(#17434);
#17434 = FILL_AREA_STYLE('',(#17435));
#17435 = FILL_AREA_STYLE_COLOUR('',#15712);
#17436 = STYLED_ITEM('color',(#17437),#5035);
#17437 = PRESENTATION_STYLE_ASSIGNMENT((#17438));
#17438 = SURFACE_STYLE_USAGE(.BOTH.,#17439);
#17439 = SURFACE_SIDE_STYLE('',(#17440));
#17440 = SURFACE_STYLE_FILL_AREA(#17441);
#17441 = FILL_AREA_STYLE('',(#17442));
#17442 = FILL_AREA_STYLE_COLOUR('',#15712);
#17443 = STYLED_ITEM('color',(#17444),#5052);
#17444 = PRESENTATION_STYLE_ASSIGNMENT((#17445));
#17445 = SURFACE_STYLE_USAGE(.BOTH.,#17446);
#17446 = SURFACE_SIDE_STYLE('',(#17447));
#17447 = SURFACE_STYLE_FILL_AREA(#17448);
#17448 = FILL_AREA_STYLE('',(#17449));
#17449 = FILL_AREA_STYLE_COLOUR('',#15712);
#17450 = STYLED_ITEM('color',(#17451),#5064);
#17451 = PRESENTATION_STYLE_ASSIGNMENT((#17452));
#17452 = SURFACE_STYLE_USAGE(.BOTH.,#17453);
#17453 = SURFACE_SIDE_STYLE('',(#17454));
#17454 = SURFACE_STYLE_FILL_AREA(#17455);
#17455 = FILL_AREA_STYLE('',(#17456));
#17456 = FILL_AREA_STYLE_COLOUR('',#15712);
#17457 = STYLED_ITEM('color',(#17458),#5076);
#17458 = PRESENTATION_STYLE_ASSIGNMENT((#17459));
#17459 = SURFACE_STYLE_USAGE(.BOTH.,#17460);
#17460 = SURFACE_SIDE_STYLE('',(#17461));
#17461 = SURFACE_STYLE_FILL_AREA(#17462);
#17462 = FILL_AREA_STYLE('',(#17463));
#17463 = FILL_AREA_STYLE_COLOUR('',#15712);
#17464 = STYLED_ITEM('color',(#17465),#5088);
#17465 = PRESENTATION_STYLE_ASSIGNMENT((#17466));
#17466 = SURFACE_STYLE_USAGE(.BOTH.,#17467);
#17467 = SURFACE_SIDE_STYLE('',(#17468));
#17468 = SURFACE_STYLE_FILL_AREA(#17469);
#17469 = FILL_AREA_STYLE('',(#17470));
#17470 = FILL_AREA_STYLE_COLOUR('',#15712);
#17471 = STYLED_ITEM('color',(#17472),#5100);
#17472 = PRESENTATION_STYLE_ASSIGNMENT((#17473));
#17473 = SURFACE_STYLE_USAGE(.BOTH.,#17474);
#17474 = SURFACE_SIDE_STYLE('',(#17475));
#17475 = SURFACE_STYLE_FILL_AREA(#17476);
#17476 = FILL_AREA_STYLE('',(#17477));
#17477 = FILL_AREA_STYLE_COLOUR('',#15712);
#17478 = STYLED_ITEM('color',(#17479),#5112);
#17479 = PRESENTATION_STYLE_ASSIGNMENT((#17480));
#17480 = SURFACE_STYLE_USAGE(.BOTH.,#17481);
#17481 = SURFACE_SIDE_STYLE('',(#17482));
#17482 = SURFACE_STYLE_FILL_AREA(#17483);
#17483 = FILL_AREA_STYLE('',(#17484));
#17484 = FILL_AREA_STYLE_COLOUR('',#15712);
#17485 = STYLED_ITEM('color',(#17486),#5124);
#17486 = PRESENTATION_STYLE_ASSIGNMENT((#17487));
#17487 = SURFACE_STYLE_USAGE(.BOTH.,#17488);
#17488 = SURFACE_SIDE_STYLE('',(#17489));
#17489 = SURFACE_STYLE_FILL_AREA(#17490);
#17490 = FILL_AREA_STYLE('',(#17491));
#17491 = FILL_AREA_STYLE_COLOUR('',#15712);
#17492 = STYLED_ITEM('color',(#17493),#5136);
#17493 = PRESENTATION_STYLE_ASSIGNMENT((#17494));
#17494 = SURFACE_STYLE_USAGE(.BOTH.,#17495);
#17495 = SURFACE_SIDE_STYLE('',(#17496));
#17496 = SURFACE_STYLE_FILL_AREA(#17497);
#17497 = FILL_AREA_STYLE('',(#17498));
#17498 = FILL_AREA_STYLE_COLOUR('',#15712);
#17499 = STYLED_ITEM('color',(#17500),#5148);
#17500 = PRESENTATION_STYLE_ASSIGNMENT((#17501));
#17501 = SURFACE_STYLE_USAGE(.BOTH.,#17502);
#17502 = SURFACE_SIDE_STYLE('',(#17503));
#17503 = SURFACE_STYLE_FILL_AREA(#17504);
#17504 = FILL_AREA_STYLE('',(#17505));
#17505 = FILL_AREA_STYLE_COLOUR('',#15712);
#17506 = STYLED_ITEM('color',(#17507),#5160);
#17507 = PRESENTATION_STYLE_ASSIGNMENT((#17508));
#17508 = SURFACE_STYLE_USAGE(.BOTH.,#17509);
#17509 = SURFACE_SIDE_STYLE('',(#17510));
#17510 = SURFACE_STYLE_FILL_AREA(#17511);
#17511 = FILL_AREA_STYLE('',(#17512));
#17512 = FILL_AREA_STYLE_COLOUR('',#15712);
#17513 = STYLED_ITEM('color',(#17514),#5172);
#17514 = PRESENTATION_STYLE_ASSIGNMENT((#17515));
#17515 = SURFACE_STYLE_USAGE(.BOTH.,#17516);
#17516 = SURFACE_SIDE_STYLE('',(#17517));
#17517 = SURFACE_STYLE_FILL_AREA(#17518);
#17518 = FILL_AREA_STYLE('',(#17519));
#17519 = FILL_AREA_STYLE_COLOUR('',#15712);
#17520 = STYLED_ITEM('color',(#17521),#5184);
#17521 = PRESENTATION_STYLE_ASSIGNMENT((#17522));
#17522 = SURFACE_STYLE_USAGE(.BOTH.,#17523);
#17523 = SURFACE_SIDE_STYLE('',(#17524));
#17524 = SURFACE_STYLE_FILL_AREA(#17525);
#17525 = FILL_AREA_STYLE('',(#17526));
#17526 = FILL_AREA_STYLE_COLOUR('',#15712);
#17527 = STYLED_ITEM('color',(#17528),#5196);
#17528 = PRESENTATION_STYLE_ASSIGNMENT((#17529));
#17529 = SURFACE_STYLE_USAGE(.BOTH.,#17530);
#17530 = SURFACE_SIDE_STYLE('',(#17531));
#17531 = SURFACE_STYLE_FILL_AREA(#17532);
#17532 = FILL_AREA_STYLE('',(#17533));
#17533 = FILL_AREA_STYLE_COLOUR('',#15712);
#17534 = STYLED_ITEM('color',(#17535),#5208);
#17535 = PRESENTATION_STYLE_ASSIGNMENT((#17536));
#17536 = SURFACE_STYLE_USAGE(.BOTH.,#17537);
#17537 = SURFACE_SIDE_STYLE('',(#17538));
#17538 = SURFACE_STYLE_FILL_AREA(#17539);
#17539 = FILL_AREA_STYLE('',(#17540));
#17540 = FILL_AREA_STYLE_COLOUR('',#15712);
#17541 = MECHANICAL_DESIGN_GEOMETRIC_PRESENTATION_REPRESENTATION('',(
    #17542,#17549,#17556,#17563,#17570,#17577,#17584,#17591,#17598,
    #17605,#17612,#17619,#17626,#17633,#17640,#17647,#17654,#17661,
    #17668,#17675,#17682,#17689,#17696,#17703,#17710,#17717,#17724,
    #17731,#17738,#17745,#17752,#17759,#17766,#17773,#17780,#17787,
    #17794,#17801,#17808,#17815,#17822,#17829,#17836,#17843,#17850,
    #17857,#17864,#17871,#17878,#17885,#17892,#17899,#17906,#17913,
    #17920,#17927,#17934,#17941,#17948,#17955,#17962,#17969,#17976,
    #17983,#17990,#17997,#18004,#18011,#18018,#18025,#18032,#18039,
    #18046,#18053,#18060,#18067,#18074,#18081,#18088,#18095,#18102,
    #18109,#18116,#18123,#18130,#18137,#18144,#18151,#18158,#18165,
    #18172,#18179,#18186,#18193,#18200,#18207,#18214,#18221,#18228,
    #18235),#12248);
#17542 = STYLED_ITEM('color',(#17543),#9470);
#17543 = PRESENTATION_STYLE_ASSIGNMENT((#17544));
#17544 = SURFACE_STYLE_USAGE(.BOTH.,#17545);
#17545 = SURFACE_SIDE_STYLE('',(#17546));
#17546 = SURFACE_STYLE_FILL_AREA(#17547);
#17547 = FILL_AREA_STYLE('',(#17548));
#17548 = FILL_AREA_STYLE_COLOUR('',#15380);
#17549 = STYLED_ITEM('color',(#17550),#9510);
#17550 = PRESENTATION_STYLE_ASSIGNMENT((#17551));
#17551 = SURFACE_STYLE_USAGE(.BOTH.,#17552);
#17552 = SURFACE_SIDE_STYLE('',(#17553));
#17553 = SURFACE_STYLE_FILL_AREA(#17554);
#17554 = FILL_AREA_STYLE('',(#17555));
#17555 = FILL_AREA_STYLE_COLOUR('',#15380);
#17556 = STYLED_ITEM('color',(#17557),#9541);
#17557 = PRESENTATION_STYLE_ASSIGNMENT((#17558));
#17558 = SURFACE_STYLE_USAGE(.BOTH.,#17559);
#17559 = SURFACE_SIDE_STYLE('',(#17560));
#17560 = SURFACE_STYLE_FILL_AREA(#17561);
#17561 = FILL_AREA_STYLE('',(#17562));
#17562 = FILL_AREA_STYLE_COLOUR('',#15380);
#17563 = STYLED_ITEM('color',(#17564),#9572);
#17564 = PRESENTATION_STYLE_ASSIGNMENT((#17565));
#17565 = SURFACE_STYLE_USAGE(.BOTH.,#17566);
#17566 = SURFACE_SIDE_STYLE('',(#17567));
#17567 = SURFACE_STYLE_FILL_AREA(#17568);
#17568 = FILL_AREA_STYLE('',(#17569));
#17569 = FILL_AREA_STYLE_COLOUR('',#15380);
#17570 = STYLED_ITEM('color',(#17571),#9901);
#17571 = PRESENTATION_STYLE_ASSIGNMENT((#17572));
#17572 = SURFACE_STYLE_USAGE(.BOTH.,#17573);
#17573 = SURFACE_SIDE_STYLE('',(#17574));
#17574 = SURFACE_STYLE_FILL_AREA(#17575);
#17575 = FILL_AREA_STYLE('',(#17576));
#17576 = FILL_AREA_STYLE_COLOUR('',#15380);
#17577 = STYLED_ITEM('color',(#17578),#10230);
#17578 = PRESENTATION_STYLE_ASSIGNMENT((#17579));
#17579 = SURFACE_STYLE_USAGE(.BOTH.,#17580);
#17580 = SURFACE_SIDE_STYLE('',(#17581));
#17581 = SURFACE_STYLE_FILL_AREA(#17582);
#17582 = FILL_AREA_STYLE('',(#17583));
#17583 = FILL_AREA_STYLE_COLOUR('',#15380);
#17584 = STYLED_ITEM('color',(#17585),#10247);
#17585 = PRESENTATION_STYLE_ASSIGNMENT((#17586));
#17586 = SURFACE_STYLE_USAGE(.BOTH.,#17587);
#17587 = SURFACE_SIDE_STYLE('',(#17588));
#17588 = SURFACE_STYLE_FILL_AREA(#17589);
#17589 = FILL_AREA_STYLE('',(#17590));
#17590 = FILL_AREA_STYLE_COLOUR('',#15380);
#17591 = STYLED_ITEM('color',(#17592),#10264);
#17592 = PRESENTATION_STYLE_ASSIGNMENT((#17593));
#17593 = SURFACE_STYLE_USAGE(.BOTH.,#17594);
#17594 = SURFACE_SIDE_STYLE('',(#17595));
#17595 = SURFACE_STYLE_FILL_AREA(#17596);
#17596 = FILL_AREA_STYLE('',(#17597));
#17597 = FILL_AREA_STYLE_COLOUR('',#15380);
#17598 = STYLED_ITEM('color',(#17599),#10281);
#17599 = PRESENTATION_STYLE_ASSIGNMENT((#17600));
#17600 = SURFACE_STYLE_USAGE(.BOTH.,#17601);
#17601 = SURFACE_SIDE_STYLE('',(#17602));
#17602 = SURFACE_STYLE_FILL_AREA(#17603);
#17603 = FILL_AREA_STYLE('',(#17604));
#17604 = FILL_AREA_STYLE_COLOUR('',#15380);
#17605 = STYLED_ITEM('color',(#17606),#10298);
#17606 = PRESENTATION_STYLE_ASSIGNMENT((#17607));
#17607 = SURFACE_STYLE_USAGE(.BOTH.,#17608);
#17608 = SURFACE_SIDE_STYLE('',(#17609));
#17609 = SURFACE_STYLE_FILL_AREA(#17610);
#17610 = FILL_AREA_STYLE('',(#17611));
#17611 = FILL_AREA_STYLE_COLOUR('',#15380);
#17612 = STYLED_ITEM('color',(#17613),#10315);
#17613 = PRESENTATION_STYLE_ASSIGNMENT((#17614));
#17614 = SURFACE_STYLE_USAGE(.BOTH.,#17615);
#17615 = SURFACE_SIDE_STYLE('',(#17616));
#17616 = SURFACE_STYLE_FILL_AREA(#17617);
#17617 = FILL_AREA_STYLE('',(#17618));
#17618 = FILL_AREA_STYLE_COLOUR('',#15380);
#17619 = STYLED_ITEM('color',(#17620),#10332);
#17620 = PRESENTATION_STYLE_ASSIGNMENT((#17621));
#17621 = SURFACE_STYLE_USAGE(.BOTH.,#17622);
#17622 = SURFACE_SIDE_STYLE('',(#17623));
#17623 = SURFACE_STYLE_FILL_AREA(#17624);
#17624 = FILL_AREA_STYLE('',(#17625));
#17625 = FILL_AREA_STYLE_COLOUR('',#15380);
#17626 = STYLED_ITEM('color',(#17627),#10349);
#17627 = PRESENTATION_STYLE_ASSIGNMENT((#17628));
#17628 = SURFACE_STYLE_USAGE(.BOTH.,#17629);
#17629 = SURFACE_SIDE_STYLE('',(#17630));
#17630 = SURFACE_STYLE_FILL_AREA(#17631);
#17631 = FILL_AREA_STYLE('',(#17632));
#17632 = FILL_AREA_STYLE_COLOUR('',#15380);
#17633 = STYLED_ITEM('color',(#17634),#10366);
#17634 = PRESENTATION_STYLE_ASSIGNMENT((#17635));
#17635 = SURFACE_STYLE_USAGE(.BOTH.,#17636);
#17636 = SURFACE_SIDE_STYLE('',(#17637));
#17637 = SURFACE_STYLE_FILL_AREA(#17638);
#17638 = FILL_AREA_STYLE('',(#17639));
#17639 = FILL_AREA_STYLE_COLOUR('',#15380);
#17640 = STYLED_ITEM('color',(#17641),#10383);
#17641 = PRESENTATION_STYLE_ASSIGNMENT((#17642));
#17642 = SURFACE_STYLE_USAGE(.BOTH.,#17643);
#17643 = SURFACE_SIDE_STYLE('',(#17644));
#17644 = SURFACE_STYLE_FILL_AREA(#17645);
#17645 = FILL_AREA_STYLE('',(#17646));
#17646 = FILL_AREA_STYLE_COLOUR('',#15380);
#17647 = STYLED_ITEM('color',(#17648),#10400);
#17648 = PRESENTATION_STYLE_ASSIGNMENT((#17649));
#17649 = SURFACE_STYLE_USAGE(.BOTH.,#17650);
#17650 = SURFACE_SIDE_STYLE('',(#17651));
#17651 = SURFACE_STYLE_FILL_AREA(#17652);
#17652 = FILL_AREA_STYLE('',(#17653));
#17653 = FILL_AREA_STYLE_COLOUR('',#15380);
#17654 = STYLED_ITEM('color',(#17655),#10417);
#17655 = PRESENTATION_STYLE_ASSIGNMENT((#17656));
#17656 = SURFACE_STYLE_USAGE(.BOTH.,#17657);
#17657 = SURFACE_SIDE_STYLE('',(#17658));
#17658 = SURFACE_STYLE_FILL_AREA(#17659);
#17659 = FILL_AREA_STYLE('',(#17660));
#17660 = FILL_AREA_STYLE_COLOUR('',#15380);
#17661 = STYLED_ITEM('color',(#17662),#10434);
#17662 = PRESENTATION_STYLE_ASSIGNMENT((#17663));
#17663 = SURFACE_STYLE_USAGE(.BOTH.,#17664);
#17664 = SURFACE_SIDE_STYLE('',(#17665));
#17665 = SURFACE_STYLE_FILL_AREA(#17666);
#17666 = FILL_AREA_STYLE('',(#17667));
#17667 = FILL_AREA_STYLE_COLOUR('',#15380);
#17668 = STYLED_ITEM('color',(#17669),#10451);
#17669 = PRESENTATION_STYLE_ASSIGNMENT((#17670));
#17670 = SURFACE_STYLE_USAGE(.BOTH.,#17671);
#17671 = SURFACE_SIDE_STYLE('',(#17672));
#17672 = SURFACE_STYLE_FILL_AREA(#17673);
#17673 = FILL_AREA_STYLE('',(#17674));
#17674 = FILL_AREA_STYLE_COLOUR('',#15380);
#17675 = STYLED_ITEM('color',(#17676),#10468);
#17676 = PRESENTATION_STYLE_ASSIGNMENT((#17677));
#17677 = SURFACE_STYLE_USAGE(.BOTH.,#17678);
#17678 = SURFACE_SIDE_STYLE('',(#17679));
#17679 = SURFACE_STYLE_FILL_AREA(#17680);
#17680 = FILL_AREA_STYLE('',(#17681));
#17681 = FILL_AREA_STYLE_COLOUR('',#15380);
#17682 = STYLED_ITEM('color',(#17683),#10485);
#17683 = PRESENTATION_STYLE_ASSIGNMENT((#17684));
#17684 = SURFACE_STYLE_USAGE(.BOTH.,#17685);
#17685 = SURFACE_SIDE_STYLE('',(#17686));
#17686 = SURFACE_STYLE_FILL_AREA(#17687);
#17687 = FILL_AREA_STYLE('',(#17688));
#17688 = FILL_AREA_STYLE_COLOUR('',#15380);
#17689 = STYLED_ITEM('color',(#17690),#10502);
#17690 = PRESENTATION_STYLE_ASSIGNMENT((#17691));
#17691 = SURFACE_STYLE_USAGE(.BOTH.,#17692);
#17692 = SURFACE_SIDE_STYLE('',(#17693));
#17693 = SURFACE_STYLE_FILL_AREA(#17694);
#17694 = FILL_AREA_STYLE('',(#17695));
#17695 = FILL_AREA_STYLE_COLOUR('',#15380);
#17696 = STYLED_ITEM('color',(#17697),#10519);
#17697 = PRESENTATION_STYLE_ASSIGNMENT((#17698));
#17698 = SURFACE_STYLE_USAGE(.BOTH.,#17699);
#17699 = SURFACE_SIDE_STYLE('',(#17700));
#17700 = SURFACE_STYLE_FILL_AREA(#17701);
#17701 = FILL_AREA_STYLE('',(#17702));
#17702 = FILL_AREA_STYLE_COLOUR('',#15380);
#17703 = STYLED_ITEM('color',(#17704),#10536);
#17704 = PRESENTATION_STYLE_ASSIGNMENT((#17705));
#17705 = SURFACE_STYLE_USAGE(.BOTH.,#17706);
#17706 = SURFACE_SIDE_STYLE('',(#17707));
#17707 = SURFACE_STYLE_FILL_AREA(#17708);
#17708 = FILL_AREA_STYLE('',(#17709));
#17709 = FILL_AREA_STYLE_COLOUR('',#15380);
#17710 = STYLED_ITEM('color',(#17711),#10553);
#17711 = PRESENTATION_STYLE_ASSIGNMENT((#17712));
#17712 = SURFACE_STYLE_USAGE(.BOTH.,#17713);
#17713 = SURFACE_SIDE_STYLE('',(#17714));
#17714 = SURFACE_STYLE_FILL_AREA(#17715);
#17715 = FILL_AREA_STYLE('',(#17716));
#17716 = FILL_AREA_STYLE_COLOUR('',#15380);
#17717 = STYLED_ITEM('color',(#17718),#10570);
#17718 = PRESENTATION_STYLE_ASSIGNMENT((#17719));
#17719 = SURFACE_STYLE_USAGE(.BOTH.,#17720);
#17720 = SURFACE_SIDE_STYLE('',(#17721));
#17721 = SURFACE_STYLE_FILL_AREA(#17722);
#17722 = FILL_AREA_STYLE('',(#17723));
#17723 = FILL_AREA_STYLE_COLOUR('',#15380);
#17724 = STYLED_ITEM('color',(#17725),#10587);
#17725 = PRESENTATION_STYLE_ASSIGNMENT((#17726));
#17726 = SURFACE_STYLE_USAGE(.BOTH.,#17727);
#17727 = SURFACE_SIDE_STYLE('',(#17728));
#17728 = SURFACE_STYLE_FILL_AREA(#17729);
#17729 = FILL_AREA_STYLE('',(#17730));
#17730 = FILL_AREA_STYLE_COLOUR('',#15380);
#17731 = STYLED_ITEM('color',(#17732),#10604);
#17732 = PRESENTATION_STYLE_ASSIGNMENT((#17733));
#17733 = SURFACE_STYLE_USAGE(.BOTH.,#17734);
#17734 = SURFACE_SIDE_STYLE('',(#17735));
#17735 = SURFACE_STYLE_FILL_AREA(#17736);
#17736 = FILL_AREA_STYLE('',(#17737));
#17737 = FILL_AREA_STYLE_COLOUR('',#15380);
#17738 = STYLED_ITEM('color',(#17739),#10616);
#17739 = PRESENTATION_STYLE_ASSIGNMENT((#17740));
#17740 = SURFACE_STYLE_USAGE(.BOTH.,#17741);
#17741 = SURFACE_SIDE_STYLE('',(#17742));
#17742 = SURFACE_STYLE_FILL_AREA(#17743);
#17743 = FILL_AREA_STYLE('',(#17744));
#17744 = FILL_AREA_STYLE_COLOUR('',#15712);
#17745 = STYLED_ITEM('color',(#17746),#10647);
#17746 = PRESENTATION_STYLE_ASSIGNMENT((#17747));
#17747 = SURFACE_STYLE_USAGE(.BOTH.,#17748);
#17748 = SURFACE_SIDE_STYLE('',(#17749));
#17749 = SURFACE_STYLE_FILL_AREA(#17750);
#17750 = FILL_AREA_STYLE('',(#17751));
#17751 = FILL_AREA_STYLE_COLOUR('',#15712);
#17752 = STYLED_ITEM('color',(#17753),#10671);
#17753 = PRESENTATION_STYLE_ASSIGNMENT((#17754));
#17754 = SURFACE_STYLE_USAGE(.BOTH.,#17755);
#17755 = SURFACE_SIDE_STYLE('',(#17756));
#17756 = SURFACE_STYLE_FILL_AREA(#17757);
#17757 = FILL_AREA_STYLE('',(#17758));
#17758 = FILL_AREA_STYLE_COLOUR('',#15712);
#17759 = STYLED_ITEM('color',(#17760),#10695);
#17760 = PRESENTATION_STYLE_ASSIGNMENT((#17761));
#17761 = SURFACE_STYLE_USAGE(.BOTH.,#17762);
#17762 = SURFACE_SIDE_STYLE('',(#17763));
#17763 = SURFACE_STYLE_FILL_AREA(#17764);
#17764 = FILL_AREA_STYLE('',(#17765));
#17765 = FILL_AREA_STYLE_COLOUR('',#15712);
#17766 = STYLED_ITEM('color',(#17767),#10712);
#17767 = PRESENTATION_STYLE_ASSIGNMENT((#17768));
#17768 = SURFACE_STYLE_USAGE(.BOTH.,#17769);
#17769 = SURFACE_SIDE_STYLE('',(#17770));
#17770 = SURFACE_STYLE_FILL_AREA(#17771);
#17771 = FILL_AREA_STYLE('',(#17772));
#17772 = FILL_AREA_STYLE_COLOUR('',#15712);
#17773 = STYLED_ITEM('color',(#17774),#10743);
#17774 = PRESENTATION_STYLE_ASSIGNMENT((#17775));
#17775 = SURFACE_STYLE_USAGE(.BOTH.,#17776);
#17776 = SURFACE_SIDE_STYLE('',(#17777));
#17777 = SURFACE_STYLE_FILL_AREA(#17778);
#17778 = FILL_AREA_STYLE('',(#17779));
#17779 = FILL_AREA_STYLE_COLOUR('',#15712);
#17780 = STYLED_ITEM('color',(#17781),#10767);
#17781 = PRESENTATION_STYLE_ASSIGNMENT((#17782));
#17782 = SURFACE_STYLE_USAGE(.BOTH.,#17783);
#17783 = SURFACE_SIDE_STYLE('',(#17784));
#17784 = SURFACE_STYLE_FILL_AREA(#17785);
#17785 = FILL_AREA_STYLE('',(#17786));
#17786 = FILL_AREA_STYLE_COLOUR('',#15712);
#17787 = STYLED_ITEM('color',(#17788),#10791);
#17788 = PRESENTATION_STYLE_ASSIGNMENT((#17789));
#17789 = SURFACE_STYLE_USAGE(.BOTH.,#17790);
#17790 = SURFACE_SIDE_STYLE('',(#17791));
#17791 = SURFACE_STYLE_FILL_AREA(#17792);
#17792 = FILL_AREA_STYLE('',(#17793));
#17793 = FILL_AREA_STYLE_COLOUR('',#15712);
#17794 = STYLED_ITEM('color',(#17795),#10808);
#17795 = PRESENTATION_STYLE_ASSIGNMENT((#17796));
#17796 = SURFACE_STYLE_USAGE(.BOTH.,#17797);
#17797 = SURFACE_SIDE_STYLE('',(#17798));
#17798 = SURFACE_STYLE_FILL_AREA(#17799);
#17799 = FILL_AREA_STYLE('',(#17800));
#17800 = FILL_AREA_STYLE_COLOUR('',#15712);
#17801 = STYLED_ITEM('color',(#17802),#10839);
#17802 = PRESENTATION_STYLE_ASSIGNMENT((#17803));
#17803 = SURFACE_STYLE_USAGE(.BOTH.,#17804);
#17804 = SURFACE_SIDE_STYLE('',(#17805));
#17805 = SURFACE_STYLE_FILL_AREA(#17806);
#17806 = FILL_AREA_STYLE('',(#17807));
#17807 = FILL_AREA_STYLE_COLOUR('',#15712);
#17808 = STYLED_ITEM('color',(#17809),#10863);
#17809 = PRESENTATION_STYLE_ASSIGNMENT((#17810));
#17810 = SURFACE_STYLE_USAGE(.BOTH.,#17811);
#17811 = SURFACE_SIDE_STYLE('',(#17812));
#17812 = SURFACE_STYLE_FILL_AREA(#17813);
#17813 = FILL_AREA_STYLE('',(#17814));
#17814 = FILL_AREA_STYLE_COLOUR('',#15712);
#17815 = STYLED_ITEM('color',(#17816),#10887);
#17816 = PRESENTATION_STYLE_ASSIGNMENT((#17817));
#17817 = SURFACE_STYLE_USAGE(.BOTH.,#17818);
#17818 = SURFACE_SIDE_STYLE('',(#17819));
#17819 = SURFACE_STYLE_FILL_AREA(#17820);
#17820 = FILL_AREA_STYLE('',(#17821));
#17821 = FILL_AREA_STYLE_COLOUR('',#15712);
#17822 = STYLED_ITEM('color',(#17823),#10904);
#17823 = PRESENTATION_STYLE_ASSIGNMENT((#17824));
#17824 = SURFACE_STYLE_USAGE(.BOTH.,#17825);
#17825 = SURFACE_SIDE_STYLE('',(#17826));
#17826 = SURFACE_STYLE_FILL_AREA(#17827);
#17827 = FILL_AREA_STYLE('',(#17828));
#17828 = FILL_AREA_STYLE_COLOUR('',#15712);
#17829 = STYLED_ITEM('color',(#17830),#10935);
#17830 = PRESENTATION_STYLE_ASSIGNMENT((#17831));
#17831 = SURFACE_STYLE_USAGE(.BOTH.,#17832);
#17832 = SURFACE_SIDE_STYLE('',(#17833));
#17833 = SURFACE_STYLE_FILL_AREA(#17834);
#17834 = FILL_AREA_STYLE('',(#17835));
#17835 = FILL_AREA_STYLE_COLOUR('',#15712);
#17836 = STYLED_ITEM('color',(#17837),#10959);
#17837 = PRESENTATION_STYLE_ASSIGNMENT((#17838));
#17838 = SURFACE_STYLE_USAGE(.BOTH.,#17839);
#17839 = SURFACE_SIDE_STYLE('',(#17840));
#17840 = SURFACE_STYLE_FILL_AREA(#17841);
#17841 = FILL_AREA_STYLE('',(#17842));
#17842 = FILL_AREA_STYLE_COLOUR('',#15712);
#17843 = STYLED_ITEM('color',(#17844),#10983);
#17844 = PRESENTATION_STYLE_ASSIGNMENT((#17845));
#17845 = SURFACE_STYLE_USAGE(.BOTH.,#17846);
#17846 = SURFACE_SIDE_STYLE('',(#17847));
#17847 = SURFACE_STYLE_FILL_AREA(#17848);
#17848 = FILL_AREA_STYLE('',(#17849));
#17849 = FILL_AREA_STYLE_COLOUR('',#15712);
#17850 = STYLED_ITEM('color',(#17851),#11000);
#17851 = PRESENTATION_STYLE_ASSIGNMENT((#17852));
#17852 = SURFACE_STYLE_USAGE(.BOTH.,#17853);
#17853 = SURFACE_SIDE_STYLE('',(#17854));
#17854 = SURFACE_STYLE_FILL_AREA(#17855);
#17855 = FILL_AREA_STYLE('',(#17856));
#17856 = FILL_AREA_STYLE_COLOUR('',#15712);
#17857 = STYLED_ITEM('color',(#17858),#11031);
#17858 = PRESENTATION_STYLE_ASSIGNMENT((#17859));
#17859 = SURFACE_STYLE_USAGE(.BOTH.,#17860);
#17860 = SURFACE_SIDE_STYLE('',(#17861));
#17861 = SURFACE_STYLE_FILL_AREA(#17862);
#17862 = FILL_AREA_STYLE('',(#17863));
#17863 = FILL_AREA_STYLE_COLOUR('',#15712);
#17864 = STYLED_ITEM('color',(#17865),#11055);
#17865 = PRESENTATION_STYLE_ASSIGNMENT((#17866));
#17866 = SURFACE_STYLE_USAGE(.BOTH.,#17867);
#17867 = SURFACE_SIDE_STYLE('',(#17868));
#17868 = SURFACE_STYLE_FILL_AREA(#17869);
#17869 = FILL_AREA_STYLE('',(#17870));
#17870 = FILL_AREA_STYLE_COLOUR('',#15712);
#17871 = STYLED_ITEM('color',(#17872),#11079);
#17872 = PRESENTATION_STYLE_ASSIGNMENT((#17873));
#17873 = SURFACE_STYLE_USAGE(.BOTH.,#17874);
#17874 = SURFACE_SIDE_STYLE('',(#17875));
#17875 = SURFACE_STYLE_FILL_AREA(#17876);
#17876 = FILL_AREA_STYLE('',(#17877));
#17877 = FILL_AREA_STYLE_COLOUR('',#15712);
#17878 = STYLED_ITEM('color',(#17879),#11096);
#17879 = PRESENTATION_STYLE_ASSIGNMENT((#17880));
#17880 = SURFACE_STYLE_USAGE(.BOTH.,#17881);
#17881 = SURFACE_SIDE_STYLE('',(#17882));
#17882 = SURFACE_STYLE_FILL_AREA(#17883);
#17883 = FILL_AREA_STYLE('',(#17884));
#17884 = FILL_AREA_STYLE_COLOUR('',#15712);
#17885 = STYLED_ITEM('color',(#17886),#11127);
#17886 = PRESENTATION_STYLE_ASSIGNMENT((#17887));
#17887 = SURFACE_STYLE_USAGE(.BOTH.,#17888);
#17888 = SURFACE_SIDE_STYLE('',(#17889));
#17889 = SURFACE_STYLE_FILL_AREA(#17890);
#17890 = FILL_AREA_STYLE('',(#17891));
#17891 = FILL_AREA_STYLE_COLOUR('',#15712);
#17892 = STYLED_ITEM('color',(#17893),#11151);
#17893 = PRESENTATION_STYLE_ASSIGNMENT((#17894));
#17894 = SURFACE_STYLE_USAGE(.BOTH.,#17895);
#17895 = SURFACE_SIDE_STYLE('',(#17896));
#17896 = SURFACE_STYLE_FILL_AREA(#17897);
#17897 = FILL_AREA_STYLE('',(#17898));
#17898 = FILL_AREA_STYLE_COLOUR('',#15712);
#17899 = STYLED_ITEM('color',(#17900),#11175);
#17900 = PRESENTATION_STYLE_ASSIGNMENT((#17901));
#17901 = SURFACE_STYLE_USAGE(.BOTH.,#17902);
#17902 = SURFACE_SIDE_STYLE('',(#17903));
#17903 = SURFACE_STYLE_FILL_AREA(#17904);
#17904 = FILL_AREA_STYLE('',(#17905));
#17905 = FILL_AREA_STYLE_COLOUR('',#15712);
#17906 = STYLED_ITEM('color',(#17907),#11192);
#17907 = PRESENTATION_STYLE_ASSIGNMENT((#17908));
#17908 = SURFACE_STYLE_USAGE(.BOTH.,#17909);
#17909 = SURFACE_SIDE_STYLE('',(#17910));
#17910 = SURFACE_STYLE_FILL_AREA(#17911);
#17911 = FILL_AREA_STYLE('',(#17912));
#17912 = FILL_AREA_STYLE_COLOUR('',#15712);
#17913 = STYLED_ITEM('color',(#17914),#11223);
#17914 = PRESENTATION_STYLE_ASSIGNMENT((#17915));
#17915 = SURFACE_STYLE_USAGE(.BOTH.,#17916);
#17916 = SURFACE_SIDE_STYLE('',(#17917));
#17917 = SURFACE_STYLE_FILL_AREA(#17918);
#17918 = FILL_AREA_STYLE('',(#17919));
#17919 = FILL_AREA_STYLE_COLOUR('',#15712);
#17920 = STYLED_ITEM('color',(#17921),#11247);
#17921 = PRESENTATION_STYLE_ASSIGNMENT((#17922));
#17922 = SURFACE_STYLE_USAGE(.BOTH.,#17923);
#17923 = SURFACE_SIDE_STYLE('',(#17924));
#17924 = SURFACE_STYLE_FILL_AREA(#17925);
#17925 = FILL_AREA_STYLE('',(#17926));
#17926 = FILL_AREA_STYLE_COLOUR('',#15712);
#17927 = STYLED_ITEM('color',(#17928),#11271);
#17928 = PRESENTATION_STYLE_ASSIGNMENT((#17929));
#17929 = SURFACE_STYLE_USAGE(.BOTH.,#17930);
#17930 = SURFACE_SIDE_STYLE('',(#17931));
#17931 = SURFACE_STYLE_FILL_AREA(#17932);
#17932 = FILL_AREA_STYLE('',(#17933));
#17933 = FILL_AREA_STYLE_COLOUR('',#15712);
#17934 = STYLED_ITEM('color',(#17935),#11288);
#17935 = PRESENTATION_STYLE_ASSIGNMENT((#17936));
#17936 = SURFACE_STYLE_USAGE(.BOTH.,#17937);
#17937 = SURFACE_SIDE_STYLE('',(#17938));
#17938 = SURFACE_STYLE_FILL_AREA(#17939);
#17939 = FILL_AREA_STYLE('',(#17940));
#17940 = FILL_AREA_STYLE_COLOUR('',#15712);
#17941 = STYLED_ITEM('color',(#17942),#11319);
#17942 = PRESENTATION_STYLE_ASSIGNMENT((#17943));
#17943 = SURFACE_STYLE_USAGE(.BOTH.,#17944);
#17944 = SURFACE_SIDE_STYLE('',(#17945));
#17945 = SURFACE_STYLE_FILL_AREA(#17946);
#17946 = FILL_AREA_STYLE('',(#17947));
#17947 = FILL_AREA_STYLE_COLOUR('',#15712);
#17948 = STYLED_ITEM('color',(#17949),#11343);
#17949 = PRESENTATION_STYLE_ASSIGNMENT((#17950));
#17950 = SURFACE_STYLE_USAGE(.BOTH.,#17951);
#17951 = SURFACE_SIDE_STYLE('',(#17952));
#17952 = SURFACE_STYLE_FILL_AREA(#17953);
#17953 = FILL_AREA_STYLE('',(#17954));
#17954 = FILL_AREA_STYLE_COLOUR('',#15712);
#17955 = STYLED_ITEM('color',(#17956),#11367);
#17956 = PRESENTATION_STYLE_ASSIGNMENT((#17957));
#17957 = SURFACE_STYLE_USAGE(.BOTH.,#17958);
#17958 = SURFACE_SIDE_STYLE('',(#17959));
#17959 = SURFACE_STYLE_FILL_AREA(#17960);
#17960 = FILL_AREA_STYLE('',(#17961));
#17961 = FILL_AREA_STYLE_COLOUR('',#15712);
#17962 = STYLED_ITEM('color',(#17963),#11384);
#17963 = PRESENTATION_STYLE_ASSIGNMENT((#17964));
#17964 = SURFACE_STYLE_USAGE(.BOTH.,#17965);
#17965 = SURFACE_SIDE_STYLE('',(#17966));
#17966 = SURFACE_STYLE_FILL_AREA(#17967);
#17967 = FILL_AREA_STYLE('',(#17968));
#17968 = FILL_AREA_STYLE_COLOUR('',#15712);
#17969 = STYLED_ITEM('color',(#17970),#11415);
#17970 = PRESENTATION_STYLE_ASSIGNMENT((#17971));
#17971 = SURFACE_STYLE_USAGE(.BOTH.,#17972);
#17972 = SURFACE_SIDE_STYLE('',(#17973));
#17973 = SURFACE_STYLE_FILL_AREA(#17974);
#17974 = FILL_AREA_STYLE('',(#17975));
#17975 = FILL_AREA_STYLE_COLOUR('',#15712);
#17976 = STYLED_ITEM('color',(#17977),#11439);
#17977 = PRESENTATION_STYLE_ASSIGNMENT((#17978));
#17978 = SURFACE_STYLE_USAGE(.BOTH.,#17979);
#17979 = SURFACE_SIDE_STYLE('',(#17980));
#17980 = SURFACE_STYLE_FILL_AREA(#17981);
#17981 = FILL_AREA_STYLE('',(#17982));
#17982 = FILL_AREA_STYLE_COLOUR('',#15712);
#17983 = STYLED_ITEM('color',(#17984),#11463);
#17984 = PRESENTATION_STYLE_ASSIGNMENT((#17985));
#17985 = SURFACE_STYLE_USAGE(.BOTH.,#17986);
#17986 = SURFACE_SIDE_STYLE('',(#17987));
#17987 = SURFACE_STYLE_FILL_AREA(#17988);
#17988 = FILL_AREA_STYLE('',(#17989));
#17989 = FILL_AREA_STYLE_COLOUR('',#15712);
#17990 = STYLED_ITEM('color',(#17991),#11480);
#17991 = PRESENTATION_STYLE_ASSIGNMENT((#17992));
#17992 = SURFACE_STYLE_USAGE(.BOTH.,#17993);
#17993 = SURFACE_SIDE_STYLE('',(#17994));
#17994 = SURFACE_STYLE_FILL_AREA(#17995);
#17995 = FILL_AREA_STYLE('',(#17996));
#17996 = FILL_AREA_STYLE_COLOUR('',#15712);
#17997 = STYLED_ITEM('color',(#17998),#11511);
#17998 = PRESENTATION_STYLE_ASSIGNMENT((#17999));
#17999 = SURFACE_STYLE_USAGE(.BOTH.,#18000);
#18000 = SURFACE_SIDE_STYLE('',(#18001));
#18001 = SURFACE_STYLE_FILL_AREA(#18002);
#18002 = FILL_AREA_STYLE('',(#18003));
#18003 = FILL_AREA_STYLE_COLOUR('',#15712);
#18004 = STYLED_ITEM('color',(#18005),#11535);
#18005 = PRESENTATION_STYLE_ASSIGNMENT((#18006));
#18006 = SURFACE_STYLE_USAGE(.BOTH.,#18007);
#18007 = SURFACE_SIDE_STYLE('',(#18008));
#18008 = SURFACE_STYLE_FILL_AREA(#18009);
#18009 = FILL_AREA_STYLE('',(#18010));
#18010 = FILL_AREA_STYLE_COLOUR('',#15712);
#18011 = STYLED_ITEM('color',(#18012),#11559);
#18012 = PRESENTATION_STYLE_ASSIGNMENT((#18013));
#18013 = SURFACE_STYLE_USAGE(.BOTH.,#18014);
#18014 = SURFACE_SIDE_STYLE('',(#18015));
#18015 = SURFACE_STYLE_FILL_AREA(#18016);
#18016 = FILL_AREA_STYLE('',(#18017));
#18017 = FILL_AREA_STYLE_COLOUR('',#15712);
#18018 = STYLED_ITEM('color',(#18019),#11576);
#18019 = PRESENTATION_STYLE_ASSIGNMENT((#18020));
#18020 = SURFACE_STYLE_USAGE(.BOTH.,#18021);
#18021 = SURFACE_SIDE_STYLE('',(#18022));
#18022 = SURFACE_STYLE_FILL_AREA(#18023);
#18023 = FILL_AREA_STYLE('',(#18024));
#18024 = FILL_AREA_STYLE_COLOUR('',#15712);
#18025 = STYLED_ITEM('color',(#18026),#11607);
#18026 = PRESENTATION_STYLE_ASSIGNMENT((#18027));
#18027 = SURFACE_STYLE_USAGE(.BOTH.,#18028);
#18028 = SURFACE_SIDE_STYLE('',(#18029));
#18029 = SURFACE_STYLE_FILL_AREA(#18030);
#18030 = FILL_AREA_STYLE('',(#18031));
#18031 = FILL_AREA_STYLE_COLOUR('',#15712);
#18032 = STYLED_ITEM('color',(#18033),#11631);
#18033 = PRESENTATION_STYLE_ASSIGNMENT((#18034));
#18034 = SURFACE_STYLE_USAGE(.BOTH.,#18035);
#18035 = SURFACE_SIDE_STYLE('',(#18036));
#18036 = SURFACE_STYLE_FILL_AREA(#18037);
#18037 = FILL_AREA_STYLE('',(#18038));
#18038 = FILL_AREA_STYLE_COLOUR('',#15712);
#18039 = STYLED_ITEM('color',(#18040),#11655);
#18040 = PRESENTATION_STYLE_ASSIGNMENT((#18041));
#18041 = SURFACE_STYLE_USAGE(.BOTH.,#18042);
#18042 = SURFACE_SIDE_STYLE('',(#18043));
#18043 = SURFACE_STYLE_FILL_AREA(#18044);
#18044 = FILL_AREA_STYLE('',(#18045));
#18045 = FILL_AREA_STYLE_COLOUR('',#15712);
#18046 = STYLED_ITEM('color',(#18047),#11672);
#18047 = PRESENTATION_STYLE_ASSIGNMENT((#18048));
#18048 = SURFACE_STYLE_USAGE(.BOTH.,#18049);
#18049 = SURFACE_SIDE_STYLE('',(#18050));
#18050 = SURFACE_STYLE_FILL_AREA(#18051);
#18051 = FILL_AREA_STYLE('',(#18052));
#18052 = FILL_AREA_STYLE_COLOUR('',#15712);
#18053 = STYLED_ITEM('color',(#18054),#11703);
#18054 = PRESENTATION_STYLE_ASSIGNMENT((#18055));
#18055 = SURFACE_STYLE_USAGE(.BOTH.,#18056);
#18056 = SURFACE_SIDE_STYLE('',(#18057));
#18057 = SURFACE_STYLE_FILL_AREA(#18058);
#18058 = FILL_AREA_STYLE('',(#18059));
#18059 = FILL_AREA_STYLE_COLOUR('',#15712);
#18060 = STYLED_ITEM('color',(#18061),#11727);
#18061 = PRESENTATION_STYLE_ASSIGNMENT((#18062));
#18062 = SURFACE_STYLE_USAGE(.BOTH.,#18063);
#18063 = SURFACE_SIDE_STYLE('',(#18064));
#18064 = SURFACE_STYLE_FILL_AREA(#18065);
#18065 = FILL_AREA_STYLE('',(#18066));
#18066 = FILL_AREA_STYLE_COLOUR('',#15712);
#18067 = STYLED_ITEM('color',(#18068),#11751);
#18068 = PRESENTATION_STYLE_ASSIGNMENT((#18069));
#18069 = SURFACE_STYLE_USAGE(.BOTH.,#18070);
#18070 = SURFACE_SIDE_STYLE('',(#18071));
#18071 = SURFACE_STYLE_FILL_AREA(#18072);
#18072 = FILL_AREA_STYLE('',(#18073));
#18073 = FILL_AREA_STYLE_COLOUR('',#15712);
#18074 = STYLED_ITEM('color',(#18075),#11768);
#18075 = PRESENTATION_STYLE_ASSIGNMENT((#18076));
#18076 = SURFACE_STYLE_USAGE(.BOTH.,#18077);
#18077 = SURFACE_SIDE_STYLE('',(#18078));
#18078 = SURFACE_STYLE_FILL_AREA(#18079);
#18079 = FILL_AREA_STYLE('',(#18080));
#18080 = FILL_AREA_STYLE_COLOUR('',#15712);
#18081 = STYLED_ITEM('color',(#18082),#11799);
#18082 = PRESENTATION_STYLE_ASSIGNMENT((#18083));
#18083 = SURFACE_STYLE_USAGE(.BOTH.,#18084);
#18084 = SURFACE_SIDE_STYLE('',(#18085));
#18085 = SURFACE_STYLE_FILL_AREA(#18086);
#18086 = FILL_AREA_STYLE('',(#18087));
#18087 = FILL_AREA_STYLE_COLOUR('',#15712);
#18088 = STYLED_ITEM('color',(#18089),#11823);
#18089 = PRESENTATION_STYLE_ASSIGNMENT((#18090));
#18090 = SURFACE_STYLE_USAGE(.BOTH.,#18091);
#18091 = SURFACE_SIDE_STYLE('',(#18092));
#18092 = SURFACE_STYLE_FILL_AREA(#18093);
#18093 = FILL_AREA_STYLE('',(#18094));
#18094 = FILL_AREA_STYLE_COLOUR('',#15712);
#18095 = STYLED_ITEM('color',(#18096),#11847);
#18096 = PRESENTATION_STYLE_ASSIGNMENT((#18097));
#18097 = SURFACE_STYLE_USAGE(.BOTH.,#18098);
#18098 = SURFACE_SIDE_STYLE('',(#18099));
#18099 = SURFACE_STYLE_FILL_AREA(#18100);
#18100 = FILL_AREA_STYLE('',(#18101));
#18101 = FILL_AREA_STYLE_COLOUR('',#15712);
#18102 = STYLED_ITEM('color',(#18103),#11864);
#18103 = PRESENTATION_STYLE_ASSIGNMENT((#18104));
#18104 = SURFACE_STYLE_USAGE(.BOTH.,#18105);
#18105 = SURFACE_SIDE_STYLE('',(#18106));
#18106 = SURFACE_STYLE_FILL_AREA(#18107);
#18107 = FILL_AREA_STYLE('',(#18108));
#18108 = FILL_AREA_STYLE_COLOUR('',#15712);
#18109 = STYLED_ITEM('color',(#18110),#11895);
#18110 = PRESENTATION_STYLE_ASSIGNMENT((#18111));
#18111 = SURFACE_STYLE_USAGE(.BOTH.,#18112);
#18112 = SURFACE_SIDE_STYLE('',(#18113));
#18113 = SURFACE_STYLE_FILL_AREA(#18114);
#18114 = FILL_AREA_STYLE('',(#18115));
#18115 = FILL_AREA_STYLE_COLOUR('',#15712);
#18116 = STYLED_ITEM('color',(#18117),#11919);
#18117 = PRESENTATION_STYLE_ASSIGNMENT((#18118));
#18118 = SURFACE_STYLE_USAGE(.BOTH.,#18119);
#18119 = SURFACE_SIDE_STYLE('',(#18120));
#18120 = SURFACE_STYLE_FILL_AREA(#18121);
#18121 = FILL_AREA_STYLE('',(#18122));
#18122 = FILL_AREA_STYLE_COLOUR('',#15712);
#18123 = STYLED_ITEM('color',(#18124),#11943);
#18124 = PRESENTATION_STYLE_ASSIGNMENT((#18125));
#18125 = SURFACE_STYLE_USAGE(.BOTH.,#18126);
#18126 = SURFACE_SIDE_STYLE('',(#18127));
#18127 = SURFACE_STYLE_FILL_AREA(#18128);
#18128 = FILL_AREA_STYLE('',(#18129));
#18129 = FILL_AREA_STYLE_COLOUR('',#15712);
#18130 = STYLED_ITEM('color',(#18131),#11960);
#18131 = PRESENTATION_STYLE_ASSIGNMENT((#18132));
#18132 = SURFACE_STYLE_USAGE(.BOTH.,#18133);
#18133 = SURFACE_SIDE_STYLE('',(#18134));
#18134 = SURFACE_STYLE_FILL_AREA(#18135);
#18135 = FILL_AREA_STYLE('',(#18136));
#18136 = FILL_AREA_STYLE_COLOUR('',#15712);
#18137 = STYLED_ITEM('color',(#18138),#11991);
#18138 = PRESENTATION_STYLE_ASSIGNMENT((#18139));
#18139 = SURFACE_STYLE_USAGE(.BOTH.,#18140);
#18140 = SURFACE_SIDE_STYLE('',(#18141));
#18141 = SURFACE_STYLE_FILL_AREA(#18142);
#18142 = FILL_AREA_STYLE('',(#18143));
#18143 = FILL_AREA_STYLE_COLOUR('',#15712);
#18144 = STYLED_ITEM('color',(#18145),#12015);
#18145 = PRESENTATION_STYLE_ASSIGNMENT((#18146));
#18146 = SURFACE_STYLE_USAGE(.BOTH.,#18147);
#18147 = SURFACE_SIDE_STYLE('',(#18148));
#18148 = SURFACE_STYLE_FILL_AREA(#18149);
#18149 = FILL_AREA_STYLE('',(#18150));
#18150 = FILL_AREA_STYLE_COLOUR('',#15712);
#18151 = STYLED_ITEM('color',(#18152),#12039);
#18152 = PRESENTATION_STYLE_ASSIGNMENT((#18153));
#18153 = SURFACE_STYLE_USAGE(.BOTH.,#18154);
#18154 = SURFACE_SIDE_STYLE('',(#18155));
#18155 = SURFACE_STYLE_FILL_AREA(#18156);
#18156 = FILL_AREA_STYLE('',(#18157));
#18157 = FILL_AREA_STYLE_COLOUR('',#15712);
#18158 = STYLED_ITEM('color',(#18159),#12056);
#18159 = PRESENTATION_STYLE_ASSIGNMENT((#18160));
#18160 = SURFACE_STYLE_USAGE(.BOTH.,#18161);
#18161 = SURFACE_SIDE_STYLE('',(#18162));
#18162 = SURFACE_STYLE_FILL_AREA(#18163);
#18163 = FILL_AREA_STYLE('',(#18164));
#18164 = FILL_AREA_STYLE_COLOUR('',#15712);
#18165 = STYLED_ITEM('color',(#18166),#12087);
#18166 = PRESENTATION_STYLE_ASSIGNMENT((#18167));
#18167 = SURFACE_STYLE_USAGE(.BOTH.,#18168);
#18168 = SURFACE_SIDE_STYLE('',(#18169));
#18169 = SURFACE_STYLE_FILL_AREA(#18170);
#18170 = FILL_AREA_STYLE('',(#18171));
#18171 = FILL_AREA_STYLE_COLOUR('',#15712);
#18172 = STYLED_ITEM('color',(#18173),#12111);
#18173 = PRESENTATION_STYLE_ASSIGNMENT((#18174));
#18174 = SURFACE_STYLE_USAGE(.BOTH.,#18175);
#18175 = SURFACE_SIDE_STYLE('',(#18176));
#18176 = SURFACE_STYLE_FILL_AREA(#18177);
#18177 = FILL_AREA_STYLE('',(#18178));
#18178 = FILL_AREA_STYLE_COLOUR('',#15712);
#18179 = STYLED_ITEM('color',(#18180),#12135);
#18180 = PRESENTATION_STYLE_ASSIGNMENT((#18181));
#18181 = SURFACE_STYLE_USAGE(.BOTH.,#18182);
#18182 = SURFACE_SIDE_STYLE('',(#18183));
#18183 = SURFACE_STYLE_FILL_AREA(#18184);
#18184 = FILL_AREA_STYLE('',(#18185));
#18185 = FILL_AREA_STYLE_COLOUR('',#15712);
#18186 = STYLED_ITEM('color',(#18187),#12152);
#18187 = PRESENTATION_STYLE_ASSIGNMENT((#18188));
#18188 = SURFACE_STYLE_USAGE(.BOTH.,#18189);
#18189 = SURFACE_SIDE_STYLE('',(#18190));
#18190 = SURFACE_STYLE_FILL_AREA(#18191);
#18191 = FILL_AREA_STYLE('',(#18192));
#18192 = FILL_AREA_STYLE_COLOUR('',#15712);
#18193 = STYLED_ITEM('color',(#18194),#12164);
#18194 = PRESENTATION_STYLE_ASSIGNMENT((#18195));
#18195 = SURFACE_STYLE_USAGE(.BOTH.,#18196);
#18196 = SURFACE_SIDE_STYLE('',(#18197));
#18197 = SURFACE_STYLE_FILL_AREA(#18198);
#18198 = FILL_AREA_STYLE('',(#18199));
#18199 = FILL_AREA_STYLE_COLOUR('',#15712);
#18200 = STYLED_ITEM('color',(#18201),#12176);
#18201 = PRESENTATION_STYLE_ASSIGNMENT((#18202));
#18202 = SURFACE_STYLE_USAGE(.BOTH.,#18203);
#18203 = SURFACE_SIDE_STYLE('',(#18204));
#18204 = SURFACE_STYLE_FILL_AREA(#18205);
#18205 = FILL_AREA_STYLE('',(#18206));
#18206 = FILL_AREA_STYLE_COLOUR('',#15712);
#18207 = STYLED_ITEM('color',(#18208),#12188);
#18208 = PRESENTATION_STYLE_ASSIGNMENT((#18209));
#18209 = SURFACE_STYLE_USAGE(.BOTH.,#18210);
#18210 = SURFACE_SIDE_STYLE('',(#18211));
#18211 = SURFACE_STYLE_FILL_AREA(#18212);
#18212 = FILL_AREA_STYLE('',(#18213));
#18213 = FILL_AREA_STYLE_COLOUR('',#15712);
#18214 = STYLED_ITEM('color',(#18215),#12200);
#18215 = PRESENTATION_STYLE_ASSIGNMENT((#18216));
#18216 = SURFACE_STYLE_USAGE(.BOTH.,#18217);
#18217 = SURFACE_SIDE_STYLE('',(#18218));
#18218 = SURFACE_STYLE_FILL_AREA(#18219);
#18219 = FILL_AREA_STYLE('',(#18220));
#18220 = FILL_AREA_STYLE_COLOUR('',#15712);
#18221 = STYLED_ITEM('color',(#18222),#12212);
#18222 = PRESENTATION_STYLE_ASSIGNMENT((#18223));
#18223 = SURFACE_STYLE_USAGE(.BOTH.,#18224);
#18224 = SURFACE_SIDE_STYLE('',(#18225));
#18225 = SURFACE_STYLE_FILL_AREA(#18226);
#18226 = FILL_AREA_STYLE('',(#18227));
#18227 = FILL_AREA_STYLE_COLOUR('',#15712);
#18228 = STYLED_ITEM('color',(#18229),#12224);
#18229 = PRESENTATION_STYLE_ASSIGNMENT((#18230));
#18230 = SURFACE_STYLE_USAGE(.BOTH.,#18231);
#18231 = SURFACE_SIDE_STYLE('',(#18232));
#18232 = SURFACE_STYLE_FILL_AREA(#18233);
#18233 = FILL_AREA_STYLE('',(#18234));
#18234 = FILL_AREA_STYLE_COLOUR('',#15712);
#18235 = STYLED_ITEM('color',(#18236),#12236);
#18236 = PRESENTATION_STYLE_ASSIGNMENT((#18237));
#18237 = SURFACE_STYLE_USAGE(.BOTH.,#18238);
#18238 = SURFACE_SIDE_STYLE('',(#18239));
#18239 = SURFACE_STYLE_FILL_AREA(#18240);
#18240 = FILL_AREA_STYLE('',(#18241));
#18241 = FILL_AREA_STYLE_COLOUR('',#15712);
#18242 = MECHANICAL_DESIGN_GEOMETRIC_PRESENTATION_REPRESENTATION('',(
    #18243),#15253);
#18243 = STYLED_ITEM('color',(#18244),#12272);
#18244 = PRESENTATION_STYLE_ASSIGNMENT((#18245));
#18245 = SURFACE_STYLE_USAGE(.BOTH.,#18246);
#18246 = SURFACE_SIDE_STYLE('',(#18247));
#18247 = SURFACE_STYLE_FILL_AREA(#18248);
#18248 = FILL_AREA_STYLE('',(#18249));
#18249 = FILL_AREA_STYLE_COLOUR('',#18250);
#18250 = COLOUR_RGB('',0.313304153717,0.484529207832,0.410020903123);
ENDSEC;
END-ISO-10303-21;
